call_id,question_id,condition,framework,feedback_mode,order_variant,kind,status,model_score,max_score,normalized_signed_diff,normalized_absolute_diff,input_tokens,total_tokens,latency_ms,attempt_count,failure_code,failure_summary,teacher_score,teacher_feedback,source_split,selection_kind,answer_id,train_step,memory_items_before
132801,4.13,no_memory,none,full,order_1,score,succeeded,0.7,1.0,-0.050000000000000044,0.050000000000000044,279,316,20278,1,,,0.75,But why is this oscillating a problem?,training,training,4.13.806,1,0
132802,4.13,no_memory,none,full,order_1,score,succeeded,0.5,1.0,-0.25,0.25,215,249,12931,1,,,0.75,But why is oscillating a problem?,training,training,4.13.911,2,0
132803,4.13,no_memory,none,full,order_1,score,succeeded,0.0,1.0,-0.5,0.5,234,267,20920,1,,,0.5,Count-to-infinity mostly appears when the topology changes. There is nothing about this in the text.,training,training,4.13.1283,3,0
132804,4.13,no_memory,none,full,order_1,score,succeeded,0.3,1.0,-0.45,0.45,233,273,16658,1,,,0.75,But why may the receiver not receive data?,training,training,4.13.720,4,0
132805,4.13,no_memory,none,full,order_1,score,succeeded,0.5,1.0,0.25,0.25,208,243,22372,1,,,0.25,"Is that a problem? And if yes, why?",training,training,4.13.1006,5,0
132806,4.13,no_memory,none,full,order_1,score,succeeded,0.4,1.0,-0.6,0.6,240,279,31897,1,,,1.0,Correct,training,training,4.13.1329,6,0
132807,4.13,no_memory,none,full,order_1,score,succeeded,0.0,1.0,-1.0,1.0,257,303,66062,1,,,1.0,Correct,training,training,4.13.908,7,0
132808,4.13,no_memory,none,full,order_1,score,succeeded,0.75,1.0,0.0,0.0,243,279,17046,1,,,0.75,But why is alternating a problem?,training,training,4.13.441,8,0
132809,4.13,no_memory,none,full,order_1,score,succeeded,0.5,1.0,-0.5,0.5,215,252,22750,1,,,1.0,Correct,training,training,4.13.886,9,0
132810,4.13,no_memory,none,full,order_1,score,succeeded,0.7,1.0,-0.050000000000000044,0.050000000000000044,268,306,14887,1,,,0.75,But why is alternating a problem?,training,training,4.13.1155,10,0
132811,4.13,no_memory,none,full,order_1,score,succeeded,0.7,1.0,-0.30000000000000004,0.30000000000000004,353,399,17961,1,,,1.0,Correct,training,training,4.13.1822,11,0
132812,4.13,no_memory,none,full,order_1,score,succeeded,0.4,1.0,-0.09999999999999998,0.09999999999999998,251,295,19638,1,,,0.5,"If C-F and E-I have both high utilization, the packet will be sent on the path, that is less utilized than the other one, even if both utilizations are high. It will not be passed between C and E",training,training,4.13.254,12,0
132813,4.13,no_memory,none,full,order_1,score,succeeded,0.2,1.0,-0.3,0.3,261,307,19244,1,,,0.5,"The links C-F and E-I are highly used, you're right. But if a packet wants to go from ABCDE to FGHIJ, C-F and E-I will be compared and the packet will go on the link, with less utilization of those two and not on the links that are at least used overall.",training,training,4.13.545,13,0
132814,4.13,no_memory,none,full,order_1,score,succeeded,0.5,1.0,-0.25,0.25,236,271,14799,1,,,0.75,But why is oscillating a problem?,training,training,4.13.623,14,0
132815,4.13,no_memory,none,full,order_1,score,succeeded,0.5,1.0,-0.25,0.25,201,231,14134,1,,,0.75,But why is this a problem?,training,training,4.13.804,15,0
132816,4.13,no_memory,none,full,order_1,score,succeeded,0.2,1.0,-0.8,0.8,211,245,18362,1,,,1.0,Correct,training,training,4.13.1976,16,0
132817,4.13,no_memory,none,full,order_1,score,succeeded,0.75,1.0,0.0,0.0,301,338,21581,1,,,0.75,But why is oscillating a problem?,training,training,4.13.1311,17,0
132818,4.13,no_memory,none,full,order_1,score,succeeded,0.3,1.0,-0.2,0.2,236,274,18324,1,,,0.5,"The network state is taken into account, because we evaluate the quality of the path by comparing the current load on the path.",training,training,4.13.2000,18,0
132819,4.13,no_memory,none,full,order_1,score,succeeded,0.2,1.0,-0.3,0.3,235,281,17821,1,,,0.5,"But it is defined, what the best route is: the one with less utilization. So C-F and E-I will be compared and the one with less utilization, the packet will be send on.",training,training,4.13.213,19,0
132820,4.13,no_memory,none,full,order_1,score,succeeded,0.5,1.0,0.0,0.0,245,280,19616,1,,,0.5,"Why would this be repeated? If another path has less utilization, the path will be used and the packet will be transmitted to G.",training,training,4.13.2101,20,0
132821,4.13,no_memory,none,full,order_1,score,succeeded,0.5,1.0,-0.5,0.5,245,276,13942,1,,,1.0,Correct,training,training,4.13.452,21,0
132822,4.13,no_memory,none,full,order_1,score,succeeded,0.7,1.0,-0.050000000000000044,0.050000000000000044,223,257,19065,1,,,0.75,But why is oscillating a problem?,training,training,4.13.1513,22,0
132823,4.13,no_memory,none,full,order_1,score,succeeded,0.6,1.0,-0.4,0.4,248,280,19906,1,,,1.0,Correct,training,training,4.13.259,23,0
132824,4.13,no_memory,none,full,order_1,score,succeeded,0.6,1.0,-0.15000000000000002,0.15000000000000002,281,316,16444,1,,,0.75,But why is oscillation a problem?,training,training,4.13.1394,24,0
132825,4.13,no_memory,none,full,order_1,score,succeeded,0.7,1.0,-0.30000000000000004,0.30000000000000004,250,286,16151,1,,,1.0,Correct,training,training,4.13.1789,25,0
132826,4.13,no_memory,none,full,order_1,score,succeeded,0.2,1.0,-0.3,0.3,233,276,17368,1,,,0.5,Why would they be transferred in circles? For example C-F and E-I will be compared and the link with less utilization will be used.,training,training,4.13.435,26,0
132827,4.13,no_memory,none,full,order_1,score,succeeded,0.7,1.0,-0.050000000000000044,0.050000000000000044,239,274,21435,1,,,0.75,But why is oscillating a problem?,training,training,4.13.1585,27,0
132828,4.13,no_memory,none,full,order_1,score,succeeded,0.75,1.0,-0.25,0.25,251,288,19447,1,,,1.0,Correct,training,training,4.13.1413,28,0
132829,4.13,no_memory,none,full,order_1,score,succeeded,0.2,1.0,-0.3,0.3,207,241,14984,1,,,0.5,"It is no problem, that traffic volume changes over time. And in the scenario, there is no change of topology changes mentioned.",training,training,4.13.289,29,0
132830,4.13,no_memory,none,full,order_1,score,succeeded,0.5,1.0,-0.5,0.5,255,298,13348,1,,,1.0,Correct,training,training,4.13.1060,30,0
132831,4.13,no_memory,none,full,order_1,score,succeeded,0.5,1.0,-0.25,0.25,231,261,23154,1,,,0.75,But why is oscillating a problem?,training,training,4.13.1493,31,0
132832,4.13,no_memory,none,full,order_1,score,succeeded,0.7,1.0,-0.050000000000000044,0.050000000000000044,281,315,16077,1,,,0.75,Why would this impact applications?,training,training,4.13.742,32,0
132833,4.13,no_memory,none,full,order_1,score,succeeded,0.2,1.0,-0.3,0.3,222,254,14009,1,,,0.5,Why would both nodes think that the other node's route is a better choice? Every link from A to G is compared by current load and the one with less utilization will be used.,training,training,4.13.108,33,0
132834,4.13,no_memory,none,full,order_1,score,succeeded,0.25,1.0,-0.25,0.25,265,302,19664,1,,,0.5,"But as soon as another path has less load, senders will send over the less utilized path.",training,training,4.13.162,34,0
132835,4.13,no_memory,none,full,order_1,score,succeeded,0.3,1.0,-0.2,0.2,257,303,15541,1,,,0.5,But this is a problem of the topology or traffic volume on the network and not of the routing strategy itself.,training,training,4.13.1043,35,0
132836,4.13,no_memory,none,full,order_1,score,succeeded,0.2,1.0,-0.3,0.3,215,265,16901,1,,,0.5,"But the packets will always take the path with the smallest utilization. If the path is too much used, packets will go another way.",training,training,4.13.2114,36,0
132837,4.13,no_memory,none,full,order_1,score,succeeded,0.1,1.0,-0.9,0.9,255,298,15187,1,,,1.0,Correct,training,training,4.13.1661,37,0
132838,4.13,no_memory,none,full,order_1,score,succeeded,0.0,1.0,-0.5,0.5,217,252,19748,1,,,0.5,Why would it cost too much?,training,training,4.13.882,38,0
132839,4.13,no_memory,none,full,order_1,score,succeeded,0.7,1.0,-0.050000000000000044,0.050000000000000044,221,258,13652,1,,,0.75,But why is oscillating a problem?,training,training,4.13.599,39,0
132840,4.13,no_memory,none,full,order_1,score,succeeded,0.35,1.0,-0.15000000000000002,0.15000000000000002,228,264,19651,1,,,0.5,"To evaluate the path, the current load is used: changes in the utilization are considered and A will not use paths which are overused at the moment.",training,training,4.13.1561,40,0
132841,4.13,no_memory,none,full,order_2,score,succeeded,0.8,1.0,-0.19999999999999996,0.19999999999999996,251,287,15369,1,,,1.0,Correct,training,training,4.13.1413,1,0
132842,4.13,no_memory,none,full,order_2,score,succeeded,0.5,1.0,0.25,0.25,208,243,12715,1,,,0.25,"Is that a problem? And if yes, why?",training,training,4.13.1006,2,0
132843,4.13,no_memory,none,full,order_2,score,succeeded,0.7,1.0,-0.050000000000000044,0.050000000000000044,231,262,19732,1,,,0.75,But why is oscillating a problem?,training,training,4.13.1493,3,0
132844,4.13,no_memory,none,full,order_2,score,succeeded,0.0,1.0,-1.0,1.0,257,284,17564,1,,,1.0,Correct,training,training,4.13.908,4,0
132845,4.13,no_memory,none,full,order_2,score,succeeded,0.8,1.0,0.050000000000000044,0.050000000000000044,239,273,17485,1,,,0.75,But why is oscillating a problem?,training,training,4.13.1585,5,0
132846,4.13,no_memory,none,full,order_2,score,succeeded,0.5,1.0,0.0,0.0,228,265,12667,1,,,0.5,"To evaluate the path, the current load is used: changes in the utilization are considered and A will not use paths which are overused at the moment.",training,training,4.13.1561,6,0
132847,4.13,no_memory,none,full,order_2,score,succeeded,0.5,1.0,-0.25,0.25,279,313,20067,1,,,0.75,But why is this oscillating a problem?,training,training,4.13.806,7,0
132848,4.13,no_memory,none,full,order_2,score,succeeded,0.2,1.0,-0.8,0.8,255,296,20564,1,,,1.0,Correct,training,training,4.13.1661,8,0
132849,4.13,no_memory,none,full,order_2,score,succeeded,0.6,1.0,-0.15000000000000002,0.15000000000000002,221,260,16117,1,,,0.75,But why is oscillating a problem?,training,training,4.13.599,9,0
132850,4.13,no_memory,none,full,order_2,score,succeeded,0.7,1.0,-0.050000000000000044,0.050000000000000044,281,316,18199,1,,,0.75,Why would this impact applications?,training,training,4.13.742,10,0
132851,4.13,no_memory,none,full,order_2,score,succeeded,0.0,1.0,-0.5,0.5,217,244,16938,1,,,0.5,Why would it cost too much?,training,training,4.13.882,11,0
132852,4.13,no_memory,none,full,order_2,score,succeeded,0.25,1.0,-0.25,0.25,265,306,21058,1,,,0.5,"But as soon as another path has less load, senders will send over the less utilized path.",training,training,4.13.162,12,0
132853,4.13,no_memory,none,full,order_2,score,succeeded,0.2,1.0,-0.3,0.3,236,274,18348,1,,,0.5,"The network state is taken into account, because we evaluate the quality of the path by comparing the current load on the path.",training,training,4.13.2000,13,0
132854,4.13,no_memory,none,full,order_2,score,succeeded,0.5,1.0,-0.5,0.5,215,245,15945,1,,,1.0,Correct,training,training,4.13.886,14,0
132855,4.13,no_memory,none,full,order_2,score,succeeded,0.25,1.0,-0.25,0.25,233,270,19574,1,,,0.5,Why would they be transferred in circles? For example C-F and E-I will be compared and the link with less utilization will be used.,training,training,4.13.435,15,0
132856,4.13,no_memory,none,full,order_2,score,succeeded,0.5,1.0,0.0,0.0,245,278,22061,1,,,0.5,"Why would this be repeated? If another path has less utilization, the path will be used and the packet will be transmitted to G.",training,training,4.13.2101,16,0
132857,4.13,no_memory,none,full,order_2,score,succeeded,0.7,1.0,-0.050000000000000044,0.050000000000000044,201,235,13685,1,,,0.75,But why is this a problem?,training,training,4.13.804,17,0
132858,4.13,no_memory,none,full,order_2,score,succeeded,0.7,1.0,-0.050000000000000044,0.050000000000000044,223,255,15112,1,,,0.75,But why is oscillating a problem?,training,training,4.13.1513,18,0
132859,4.13,no_memory,none,full,order_2,score,succeeded,0.7,1.0,-0.30000000000000004,0.30000000000000004,353,387,16747,1,,,1.0,Correct,training,training,4.13.1822,19,0
132860,4.13,no_memory,none,full,order_2,score,succeeded,0.3,1.0,-0.7,0.7,211,247,18727,1,,,1.0,Correct,training,training,4.13.1976,20,0
132861,4.13,no_memory,none,full,order_2,score,succeeded,0.7,1.0,-0.30000000000000004,0.30000000000000004,250,288,14495,1,,,1.0,Correct,training,training,4.13.1789,21,0
132862,4.13,no_memory,none,full,order_2,score,succeeded,0.8,1.0,0.050000000000000044,0.050000000000000044,301,339,15666,1,,,0.75,But why is oscillating a problem?,training,training,4.13.1311,22,0
132863,4.13,no_memory,none,full,order_2,score,succeeded,0.2,1.0,-0.3,0.3,215,254,15963,1,,,0.5,"But the packets will always take the path with the smallest utilization. If the path is too much used, packets will go another way.",training,training,4.13.2114,23,0
132864,4.13,no_memory,none,full,order_2,score,succeeded,0.2,1.0,-0.3,0.3,261,307,18192,1,,,0.5,"The links C-F and E-I are highly used, you're right. But if a packet wants to go from ABCDE to FGHIJ, C-F and E-I will be compared and the packet will go on the link, with less utilization of those two and not on the links that are at least used overall.",training,training,4.13.545,24,0
132865,4.13,no_memory,none,full,order_2,score,succeeded,0.5,1.0,-0.5,0.5,245,275,15591,1,,,1.0,Correct,training,training,4.13.452,25,0
132866,4.13,no_memory,none,full,order_2,score,succeeded,0.2,1.0,-0.3,0.3,222,258,14885,1,,,0.5,Why would both nodes think that the other node's route is a better choice? Every link from A to G is compared by current load and the one with less utilization will be used.,training,training,4.13.108,26,0
132867,4.13,no_memory,none,full,order_2,score,succeeded,0.25,1.0,-0.25,0.25,207,241,14527,1,,,0.5,"It is no problem, that traffic volume changes over time. And in the scenario, there is no change of topology changes mentioned.",training,training,4.13.289,27,0
132868,4.13,no_memory,none,full,order_2,score,succeeded,0.8,1.0,0.050000000000000044,0.050000000000000044,243,277,19349,1,,,0.75,But why is alternating a problem?,training,training,4.13.441,28,0
132869,4.13,no_memory,none,full,order_2,score,succeeded,0.25,1.0,-0.75,0.75,240,281,17574,1,,,1.0,Correct,training,training,4.13.1329,29,0
132870,4.13,no_memory,none,full,order_2,score,succeeded,0.5,1.0,-0.25,0.25,236,266,14797,1,,,0.75,But why is oscillating a problem?,training,training,4.13.623,30,0
132871,4.13,no_memory,none,full,order_2,score,succeeded,0.3,1.0,-0.45,0.45,233,279,23940,1,,,0.75,But why may the receiver not receive data?,training,training,4.13.720,31,0
132872,4.13,no_memory,none,full,order_2,score,succeeded,0.2,1.0,-0.3,0.3,257,296,23007,1,,,0.5,But this is a problem of the topology or traffic volume on the network and not of the routing strategy itself.,training,training,4.13.1043,32,0
132873,4.13,no_memory,none,full,order_2,score,succeeded,0.5,1.0,-0.5,0.5,248,281,16593,1,,,1.0,Correct,training,training,4.13.259,33,0
132874,4.13,no_memory,none,full,order_2,score,succeeded,0.6,1.0,-0.4,0.4,255,288,13146,1,,,1.0,Correct,training,training,4.13.1060,34,0
132875,4.13,no_memory,none,full,order_2,score,succeeded,0.5,1.0,-0.25,0.25,215,252,15203,1,,,0.75,But why is oscillating a problem?,training,training,4.13.911,35,0
132876,4.13,no_memory,none,full,order_2,score,succeeded,0.2,1.0,-0.3,0.3,234,273,17732,1,,,0.5,Count-to-infinity mostly appears when the topology changes. There is nothing about this in the text.,training,training,4.13.1283,36,0
132877,4.13,no_memory,none,full,order_2,score,succeeded,0.3,1.0,-0.2,0.2,251,295,13708,1,,,0.5,"If C-F and E-I have both high utilization, the packet will be sent on the path, that is less utilized than the other one, even if both utilizations are high. It will not be passed between C and E",training,training,4.13.254,37,0
132878,4.13,no_memory,none,full,order_2,score,succeeded,0.7,1.0,-0.050000000000000044,0.050000000000000044,281,312,12739,1,,,0.75,But why is oscillation a problem?,training,training,4.13.1394,38,0
132879,4.13,no_memory,none,full,order_2,score,succeeded,0.25,1.0,-0.25,0.25,235,276,16852,1,,,0.5,"But it is defined, what the best route is: the one with less utilization. So C-F and E-I will be compared and the one with less utilization, the packet will be send on.",training,training,4.13.213,39,0
132880,4.13,no_memory,none,full,order_2,score,succeeded,0.8,1.0,0.050000000000000044,0.050000000000000044,268,301,16033,1,,,0.75,But why is alternating a problem?,training,training,4.13.1155,40,0
132881,4.13,no_memory,none,full,order_3,score,succeeded,0.8,1.0,0.050000000000000044,0.050000000000000044,281,314,12847,1,,,0.75,Why would this impact applications?,training,training,4.13.742,1,0
132882,4.13,no_memory,none,full,order_3,score,succeeded,0.25,1.0,-0.25,0.25,215,260,26095,1,,,0.5,"But the packets will always take the path with the smallest utilization. If the path is too much used, packets will go another way.",training,training,4.13.2114,2,0
132883,4.13,no_memory,none,full,order_3,score,succeeded,0.3,1.0,-0.7,0.7,240,280,28500,1,,,1.0,Correct,training,training,4.13.1329,3,0
132884,4.13,no_memory,none,full,order_3,score,succeeded,0.3,1.0,-0.7,0.7,211,251,34629,1,,,1.0,Correct,training,training,4.13.1976,4,0
132885,4.13,no_memory,none,full,order_3,score,succeeded,0.3,1.0,-0.2,0.2,235,273,15945,1,,,0.5,"But it is defined, what the best route is: the one with less utilization. So C-F and E-I will be compared and the one with less utilization, the packet will be send on.",training,training,4.13.213,5,0
132886,4.13,no_memory,none,full,order_3,score,succeeded,0.2,1.0,-0.3,0.3,234,275,17314,1,,,0.5,Count-to-infinity mostly appears when the topology changes. There is nothing about this in the text.,training,training,4.13.1283,6,0
132887,4.13,no_memory,none,full,order_3,score,succeeded,0.5,1.0,-0.5,0.5,245,285,13802,1,,,1.0,Correct,training,training,4.13.452,7,0
132888,4.13,no_memory,none,full,order_3,score,succeeded,0.5,1.0,-0.5,0.5,353,392,19203,1,,,1.0,Correct,training,training,4.13.1822,8,0
132889,4.13,no_memory,none,full,order_3,score,succeeded,0.3,1.0,-0.7,0.7,215,245,15558,1,,,1.0,Correct,training,training,4.13.886,9,0
132890,4.13,no_memory,none,full,order_3,score,succeeded,0.75,1.0,0.0,0.0,279,314,21038,1,,,0.75,But why is this oscillating a problem?,training,training,4.13.806,10,0
132891,4.13,no_memory,none,full,order_3,score,succeeded,0.7,1.0,-0.050000000000000044,0.050000000000000044,243,275,17126,1,,,0.75,But why is alternating a problem?,training,training,4.13.441,11,0
132892,4.13,no_memory,none,full,order_3,score,succeeded,0.25,1.0,-0.25,0.25,257,298,10979,4,,,0.5,But this is a problem of the topology or traffic volume on the network and not of the routing strategy itself.,training,training,4.13.1043,12,0
132893,4.13,no_memory,none,full,order_3,score,succeeded,0.7,1.0,-0.050000000000000044,0.050000000000000044,236,267,10291,1,,,0.75,But why is oscillating a problem?,training,training,4.13.623,13,0
132894,4.13,no_memory,none,full,order_3,score,succeeded,0.4,1.0,-0.09999999999999998,0.09999999999999998,228,262,10013,1,,,0.5,"To evaluate the path, the current load is used: changes in the utilization are considered and A will not use paths which are overused at the moment.",training,training,4.13.1561,14,0
132895,4.13,no_memory,none,full,order_3,score,succeeded,0.6,1.0,-0.4,0.4,248,281,10221,1,,,1.0,Correct,training,training,4.13.259,15,0
132896,4.13,no_memory,none,full,order_3,score,succeeded,0.25,1.0,-0.25,0.25,261,301,28751,1,,,0.5,"The links C-F and E-I are highly used, you're right. But if a packet wants to go from ABCDE to FGHIJ, C-F and E-I will be compared and the packet will go on the link, with less utilization of those two and not on the links that are at least used overall.",training,training,4.13.545,16,0
132897,4.13,no_memory,none,full,order_3,score,succeeded,0.75,1.0,0.0,0.0,281,316,11001,1,,,0.75,But why is oscillation a problem?,training,training,4.13.1394,17,0
132898,4.13,no_memory,none,full,order_3,score,succeeded,0.8,1.0,0.050000000000000044,0.050000000000000044,231,266,12350,1,,,0.75,But why is oscillating a problem?,training,training,4.13.1493,18,0
132899,4.13,no_memory,none,full,order_3,score,succeeded,0.0,1.0,-1.0,1.0,257,300,11066,1,,,1.0,Correct,training,training,4.13.908,19,0
132900,4.13,no_memory,none,full,order_3,score,succeeded,0.6,1.0,0.09999999999999998,0.09999999999999998,245,280,11044,1,,,0.5,"Why would this be repeated? If another path has less utilization, the path will be used and the packet will be transmitted to G.",training,training,4.13.2101,20,0
132901,4.13,no_memory,none,full,order_3,score,succeeded,0.5,1.0,0.25,0.25,208,253,12967,1,,,0.25,"Is that a problem? And if yes, why?",training,training,4.13.1006,21,0
132902,4.13,no_memory,none,full,order_3,score,succeeded,0.25,1.0,-0.25,0.25,233,265,9440,1,,,0.5,Why would they be transferred in circles? For example C-F and E-I will be compared and the link with less utilization will be used.,training,training,4.13.435,22,0
132903,4.13,no_memory,none,full,order_3,score,succeeded,0.35,1.0,-0.4,0.4,233,272,13692,1,,,0.75,But why may the receiver not receive data?,training,training,4.13.720,23,0
132904,4.13,no_memory,none,full,order_3,score,succeeded,0.5,1.0,-0.25,0.25,201,231,12535,1,,,0.75,But why is this a problem?,training,training,4.13.804,24,0
132905,4.13,no_memory,none,full,order_3,score,succeeded,0.6,1.0,-0.15000000000000002,0.15000000000000002,223,252,10862,1,,,0.75,But why is oscillating a problem?,training,training,4.13.1513,25,0
132906,4.13,no_memory,none,full,order_3,score,succeeded,0.0,1.0,-0.5,0.5,217,249,11168,1,,,0.5,Why would it cost too much?,training,training,4.13.882,26,0
132907,4.13,no_memory,none,full,order_3,score,succeeded,0.2,1.0,-0.8,0.8,255,301,10517,1,,,1.0,Correct,training,training,4.13.1661,27,0
132908,4.13,no_memory,none,full,order_3,score,succeeded,0.5,1.0,-0.5,0.5,250,284,12453,1,,,1.0,Correct,training,training,4.13.1789,28,0
132909,4.13,no_memory,none,full,order_3,score,succeeded,0.6,1.0,-0.15000000000000002,0.15000000000000002,221,259,10219,1,,,0.75,But why is oscillating a problem?,training,training,4.13.599,29,0
132910,4.13,no_memory,none,full,order_3,score,succeeded,0.3,1.0,-0.2,0.2,251,296,9900,1,,,0.5,"If C-F and E-I have both high utilization, the packet will be sent on the path, that is less utilized than the other one, even if both utilizations are high. It will not be passed between C and E",training,training,4.13.254,30,0
132911,4.13,no_memory,none,full,order_3,score,succeeded,0.8,1.0,0.050000000000000044,0.050000000000000044,301,336,9672,1,,,0.75,But why is oscillating a problem?,training,training,4.13.1311,31,0
132912,4.13,no_memory,none,full,order_3,score,succeeded,0.35,1.0,-0.15000000000000002,0.15000000000000002,265,305,10406,1,,,0.5,"But as soon as another path has less load, senders will send over the less utilized path.",training,training,4.13.162,32,0
132913,4.13,no_memory,none,full,order_3,score,succeeded,0.4,1.0,-0.35,0.35,215,250,10459,1,,,0.75,But why is oscillating a problem?,training,training,4.13.911,33,0
132914,4.13,no_memory,none,full,order_3,score,succeeded,0.2,1.0,-0.3,0.3,207,253,10688,1,,,0.5,"It is no problem, that traffic volume changes over time. And in the scenario, there is no change of topology changes mentioned.",training,training,4.13.289,34,0
132915,4.13,no_memory,none,full,order_3,score,succeeded,0.8,1.0,-0.19999999999999996,0.19999999999999996,251,287,13027,1,,,1.0,Correct,training,training,4.13.1413,35,0
132916,4.13,no_memory,none,full,order_3,score,succeeded,0.75,1.0,0.0,0.0,239,273,18503,1,,,0.75,But why is oscillating a problem?,training,training,4.13.1585,36,0
132917,4.13,no_memory,none,full,order_3,score,succeeded,0.0,1.0,-0.5,0.5,222,255,16292,1,,,0.5,Why would both nodes think that the other node's route is a better choice? Every link from A to G is compared by current load and the one with less utilization will be used.,training,training,4.13.108,37,0
132918,4.13,no_memory,none,full,order_3,score,succeeded,0.75,1.0,0.0,0.0,268,305,11358,1,,,0.75,But why is alternating a problem?,training,training,4.13.1155,38,0
132919,4.13,no_memory,none,full,order_3,score,succeeded,0.5,1.0,-0.5,0.5,255,287,11140,1,,,1.0,Correct,training,training,4.13.1060,39,0
132920,4.13,no_memory,none,full,order_3,score,succeeded,0.3,1.0,-0.2,0.2,236,274,10661,1,,,0.5,"The network state is taken into account, because we evaluate the quality of the path by comparing the current load on the path.",training,training,4.13.2000,40,0
129441,4.13,retrieval_full,retrieval,full,order_1,score,succeeded,0.6,1.0,-0.15000000000000002,0.15000000000000002,280,325,70610,2,,,0.75,But why is this oscillating a problem?,training,training,4.13.806,1,0
129443,4.13,retrieval_full,retrieval,full,order_1,score,succeeded,0.75,1.0,0.0,0.0,476,505,22960,1,,,0.75,But why is oscillating a problem?,training,training,4.13.911,2,1
129445,4.13,retrieval_full,retrieval,full,order_1,score,succeeded,0.2,1.0,-0.3,0.3,690,735,24608,1,,,0.5,Count-to-infinity mostly appears when the topology changes. There is nothing about this in the text.,training,training,4.13.1283,3,2
129447,4.13,retrieval_full,retrieval,full,order_1,score,succeeded,0.5,1.0,-0.25,0.25,918,957,13224,1,,,0.75,But why may the receiver not receive data?,training,training,4.13.720,4,3
129449,4.13,retrieval_full,retrieval,full,order_1,score,succeeded,0.5,1.0,0.25,0.25,1108,1143,15580,1,,,0.25,"Is that a problem? And if yes, why?",training,training,4.13.1006,5,4
129451,4.13,retrieval_full,retrieval,full,order_1,score,succeeded,0.25,1.0,-0.75,0.75,1331,1368,18618,1,,,1.0,Correct,training,training,4.13.1329,6,5
129453,4.13,retrieval_full,retrieval,full,order_1,score,succeeded,0.25,1.0,-0.75,0.75,1565,1597,13546,1,,,1.0,Correct,training,training,4.13.908,7,6
129455,4.13,retrieval_full,retrieval,full,order_1,score,succeeded,0.75,1.0,0.0,0.0,1782,1818,14625,1,,,0.75,But why is alternating a problem?,training,training,4.13.441,8,7
129457,4.13,retrieval_full,retrieval,full,order_1,score,succeeded,0.5,1.0,-0.5,0.5,1976,2006,20735,1,,,1.0,Correct,training,training,4.13.886,9,8
129459,4.13,retrieval_full,retrieval,full,order_1,score,succeeded,0.75,1.0,0.0,0.0,2219,2252,14681,1,,,0.75,But why is alternating a problem?,training,training,4.13.1155,10,9
129461,4.13,retrieval_full,retrieval,full,order_1,score,succeeded,0.75,1.0,-0.25,0.25,2552,2599,21695,1,,,1.0,Correct,training,training,4.13.1822,11,10
129463,4.13,retrieval_full,retrieval,full,order_1,score,succeeded,0.75,1.0,0.25,0.25,2779,2824,17953,1,,,0.5,"If C-F and E-I have both high utilization, the packet will be sent on the path, that is less utilized than the other one, even if both utilizations are high. It will not be passed between C and E",training,training,4.13.254,12,11
129465,4.13,retrieval_full,retrieval,full,order_1,score,succeeded,0.5,1.0,0.0,0.0,3059,3113,17112,1,,,0.5,"The links C-F and E-I are highly used, you're right. But if a packet wants to go from ABCDE to FGHIJ, C-F and E-I will be compared and the packet will go on the link, with less utilization of those two and not on the links that are at least used overall.",training,training,4.13.545,13,12
129467,4.13,retrieval_full,retrieval,full,order_1,score,succeeded,0.75,1.0,0.0,0.0,3331,3365,17350,1,,,0.75,But why is oscillating a problem?,training,training,4.13.623,14,13
129469,4.13,retrieval_full,retrieval,full,order_1,score,succeeded,0.75,1.0,0.0,0.0,3512,3540,19811,1,,,0.75,But why is this a problem?,training,training,4.13.804,15,14
129471,4.13,retrieval_full,retrieval,full,order_1,score,succeeded,0.5,1.0,-0.5,0.5,3704,3738,12394,1,,,1.0,Correct,training,training,4.13.1976,16,15
129473,4.13,retrieval_full,retrieval,full,order_1,score,succeeded,0.75,1.0,0.0,0.0,3974,4012,16919,1,,,0.75,But why is oscillating a problem?,training,training,4.13.1311,17,16
129475,4.13,retrieval_full,retrieval,full,order_1,score,succeeded,0.5,1.0,0.0,0.0,4197,4233,24681,1,,,0.5,"The network state is taken into account, because we evaluate the quality of the path by comparing the current load on the path.",training,training,4.13.2000,18,17
129477,4.13,retrieval_full,retrieval,full,order_1,score,succeeded,0.5,1.0,0.0,0.0,4431,4468,19886,1,,,0.5,"But it is defined, what the best route is: the one with less utilization. So C-F and E-I will be compared and the one with less utilization, the packet will be send on.",training,training,4.13.213,19,18
129479,4.13,retrieval_full,retrieval,full,order_1,score,succeeded,0.75,1.0,0.25,0.25,4690,4726,13884,1,,,0.5,"Why would this be repeated? If another path has less utilization, the path will be used and the packet will be transmitted to G.",training,training,4.13.2101,20,19
129481,4.13,retrieval_full,retrieval,full,order_1,score,succeeded,0.75,1.0,-0.25,0.25,4937,4977,14327,1,,,1.0,Correct,training,training,4.13.452,21,20
129483,4.13,retrieval_full,retrieval,full,order_1,score,succeeded,0.75,1.0,0.0,0.0,4905,4938,15076,1,,,0.75,But why is oscillating a problem?,training,training,4.13.1513,22,21
129485,4.13,retrieval_full,retrieval,full,order_1,score,succeeded,0.75,1.0,-0.25,0.25,4896,4929,18471,1,,,1.0,Correct,training,training,4.13.259,23,22
129487,4.13,retrieval_full,retrieval,full,order_1,score,succeeded,0.75,1.0,0.0,0.0,4877,4908,18100,1,,,0.75,But why is oscillation a problem?,training,training,4.13.1394,24,23
129489,4.13,retrieval_full,retrieval,full,order_1,score,succeeded,0.75,1.0,-0.25,0.25,4971,5011,19140,1,,,1.0,Correct,training,training,4.13.1789,25,24
129491,4.13,retrieval_full,retrieval,full,order_1,score,succeeded,0.75,1.0,0.25,0.25,4879,4917,21977,1,,,0.5,Why would they be transferred in circles? For example C-F and E-I will be compared and the link with less utilization will be used.,training,training,4.13.435,26,25
129493,4.13,retrieval_full,retrieval,full,order_1,score,succeeded,0.75,1.0,0.0,0.0,4951,4985,18024,1,,,0.75,But why is oscillating a problem?,training,training,4.13.1585,27,26
129495,4.13,retrieval_full,retrieval,full,order_1,score,succeeded,0.75,1.0,-0.25,0.25,5014,5052,18312,1,,,1.0,Correct,training,training,4.13.1413,28,27
129497,4.13,retrieval_full,retrieval,full,order_1,score,succeeded,0.25,1.0,-0.25,0.25,4844,4880,22030,1,,,0.5,"It is no problem, that traffic volume changes over time. And in the scenario, there is no change of topology changes mentioned.",training,training,4.13.289,29,28
129499,4.13,retrieval_full,retrieval,full,order_1,score,succeeded,0.75,1.0,-0.25,0.25,4869,4903,14191,1,,,1.0,Correct,training,training,4.13.1060,30,29
129501,4.13,retrieval_full,retrieval,full,order_1,score,succeeded,0.75,1.0,0.0,0.0,4778,4816,13797,1,,,0.75,But why is oscillating a problem?,training,training,4.13.1493,31,30
129503,4.13,retrieval_full,retrieval,full,order_1,score,succeeded,0.75,1.0,0.0,0.0,4946,4979,17235,1,,,0.75,Why would this impact applications?,training,training,4.13.742,32,31
129505,4.13,retrieval_full,retrieval,full,order_1,score,succeeded,0.5,1.0,0.0,0.0,4802,4836,15674,1,,,0.5,Why would both nodes think that the other node's route is a better choice? Every link from A to G is compared by current load and the one with less utilization will be used.,training,training,4.13.108,33,32
129507,4.13,retrieval_full,retrieval,full,order_1,score,succeeded,0.5,1.0,0.0,0.0,4904,4945,19671,1,,,0.5,"But as soon as another path has less load, senders will send over the less utilized path.",training,training,4.13.162,34,33
129509,4.13,retrieval_full,retrieval,full,order_1,score,succeeded,0.5,1.0,0.0,0.0,4932,4972,21234,1,,,0.5,But this is a problem of the topology or traffic volume on the network and not of the routing strategy itself.,training,training,4.13.1043,35,34
129511,4.13,retrieval_full,retrieval,full,order_1,score,succeeded,0.5,1.0,0.0,0.0,4803,4839,17877,1,,,0.5,"But the packets will always take the path with the smallest utilization. If the path is too much used, packets will go another way.",training,training,4.13.2114,36,35
129513,4.13,retrieval_full,retrieval,full,order_1,score,succeeded,0.25,1.0,-0.75,0.75,4909,4949,14855,1,,,1.0,Correct,training,training,4.13.1661,37,36
129515,4.13,retrieval_full,retrieval,full,order_1,score,succeeded,0.5,1.0,0.0,0.0,4726,4773,16072,1,,,0.5,Why would it cost too much?,training,training,4.13.882,38,37
129517,4.13,retrieval_full,retrieval,full,order_1,score,succeeded,0.75,1.0,0.0,0.0,4822,4859,22806,1,,,0.75,But why is oscillating a problem?,training,training,4.13.599,39,38
129519,4.13,retrieval_full,retrieval,full,order_1,score,succeeded,0.5,1.0,0.0,0.0,4908,4953,16720,1,,,0.5,"To evaluate the path, the current load is used: changes in the utilization are considered and A will not use paths which are overused at the moment.",training,training,4.13.1561,40,39
129921,4.13,retrieval_full,retrieval,full,order_2,score,succeeded,0.7,1.0,-0.30000000000000004,0.30000000000000004,252,292,18189,1,,,1.0,Correct,training,training,4.13.1413,1,0
129923,4.13,retrieval_full,retrieval,full,order_2,score,succeeded,0.5,1.0,0.25,0.25,434,471,23141,1,,,0.25,"Is that a problem? And if yes, why?",training,training,4.13.1006,2,1
129925,4.13,retrieval_full,retrieval,full,order_2,score,succeeded,0.75,1.0,0.0,0.0,650,685,14160,1,,,0.75,But why is oscillating a problem?,training,training,4.13.1493,3,2
129927,4.13,retrieval_full,retrieval,full,order_2,score,succeeded,0.25,1.0,-0.75,0.75,889,929,21342,1,,,1.0,Correct,training,training,4.13.908,4,3
129929,4.13,retrieval_full,retrieval,full,order_2,score,succeeded,0.75,1.0,0.0,0.0,1101,1137,16408,1,,,0.75,But why is oscillating a problem?,training,training,4.13.1585,5,4
129931,4.13,retrieval_full,retrieval,full,order_2,score,succeeded,0.5,1.0,0.0,0.0,1312,1350,20364,1,,,0.5,"To evaluate the path, the current load is used: changes in the utilization are considered and A will not use paths which are overused at the moment.",training,training,4.13.1561,6,5
129933,4.13,retrieval_full,retrieval,full,order_2,score,succeeded,0.75,1.0,0.0,0.0,1596,1634,20045,1,,,0.75,But why is this oscillating a problem?,training,training,4.13.806,7,6
129935,4.13,retrieval_full,retrieval,full,order_2,score,succeeded,0.5,1.0,-0.5,0.5,1833,1871,31321,1,,,1.0,Correct,training,training,4.13.1661,8,7
129937,4.13,retrieval_full,retrieval,full,order_2,score,succeeded,0.75,1.0,0.0,0.0,2029,2065,18328,1,,,0.75,But why is oscillating a problem?,training,training,4.13.599,9,8
129939,4.13,retrieval_full,retrieval,full,order_2,score,succeeded,0.75,1.0,0.0,0.0,2291,2327,14988,1,,,0.75,Why would this impact applications?,training,training,4.13.742,10,9
129941,4.13,retrieval_full,retrieval,full,order_2,score,succeeded,0.5,1.0,0.0,0.0,2484,2525,18323,1,,,0.5,Why would it cost too much?,training,training,4.13.882,11,10
129943,4.13,retrieval_full,retrieval,full,order_2,score,succeeded,0.25,1.0,-0.25,0.25,2729,2769,17213,1,,,0.5,"But as soon as another path has less load, senders will send over the less utilized path.",training,training,4.13.162,12,11
129945,4.13,retrieval_full,retrieval,full,order_2,score,succeeded,0.25,1.0,-0.25,0.25,2959,2994,21816,1,,,0.5,"The network state is taken into account, because we evaluate the quality of the path by comparing the current load on the path.",training,training,4.13.2000,13,12
129947,4.13,retrieval_full,retrieval,full,order_2,score,succeeded,0.5,1.0,-0.5,0.5,3173,3208,16592,1,,,1.0,Correct,training,training,4.13.886,14,13
129949,4.13,retrieval_full,retrieval,full,order_2,score,succeeded,0.5,1.0,0.0,0.0,3380,3425,20156,1,,,0.5,Why would they be transferred in circles? For example C-F and E-I will be compared and the link with less utilization will be used.,training,training,4.13.435,15,14
129951,4.13,retrieval_full,retrieval,full,order_2,score,succeeded,0.75,1.0,0.25,0.25,3627,3661,14981,1,,,0.5,"Why would this be repeated? If another path has less utilization, the path will be used and the packet will be transmitted to G.",training,training,4.13.2101,16,15
129953,4.13,retrieval_full,retrieval,full,order_2,score,succeeded,0.75,1.0,0.0,0.0,3826,3855,14674,1,,,0.75,But why is this a problem?,training,training,4.13.804,17,16
129955,4.13,retrieval_full,retrieval,full,order_2,score,succeeded,0.75,1.0,0.0,0.0,4031,4067,12209,1,,,0.75,But why is oscillating a problem?,training,training,4.13.1513,18,17
129957,4.13,retrieval_full,retrieval,full,order_2,score,succeeded,0.75,1.0,-0.25,0.25,4363,4406,17701,1,,,1.0,Correct,training,training,4.13.1822,19,18
129959,4.13,retrieval_full,retrieval,full,order_2,score,succeeded,0.5,1.0,-0.5,0.5,4549,4597,15845,1,,,1.0,Correct,training,training,4.13.1976,20,19
129961,4.13,retrieval_full,retrieval,full,order_2,score,succeeded,0.75,1.0,-0.25,0.25,4776,4812,15102,1,,,1.0,Correct,training,training,4.13.1789,21,20
129963,4.13,retrieval_full,retrieval,full,order_2,score,succeeded,0.75,1.0,0.0,0.0,4819,4852,16521,1,,,0.75,But why is oscillating a problem?,training,training,4.13.1311,22,21
129965,4.13,retrieval_full,retrieval,full,order_2,score,succeeded,0.75,1.0,0.25,0.25,4814,4849,17002,1,,,0.5,"But the packets will always take the path with the smallest utilization. If the path is too much used, packets will go another way.",training,training,4.13.2114,23,22
129967,4.13,retrieval_full,retrieval,full,order_2,score,succeeded,0.25,1.0,-0.25,0.25,4875,4915,22972,1,,,0.5,"The links C-F and E-I are highly used, you're right. But if a packet wants to go from ABCDE to FGHIJ, C-F and E-I will be compared and the packet will go on the link, with less utilization of those two and not on the links that are at least used overall.",training,training,4.13.545,24,23
129969,4.13,retrieval_full,retrieval,full,order_2,score,succeeded,0.75,1.0,-0.25,0.25,4813,4848,14545,1,,,1.0,Correct,training,training,4.13.452,25,24
129971,4.13,retrieval_full,retrieval,full,order_2,score,succeeded,0.5,1.0,0.0,0.0,4904,4945,18523,1,,,0.5,Why would both nodes think that the other node's route is a better choice? Every link from A to G is compared by current load and the one with less utilization will be used.,training,training,4.13.108,26,25
129973,4.13,retrieval_full,retrieval,full,order_2,score,succeeded,0.5,1.0,0.0,0.0,4836,4871,14400,1,,,0.5,"It is no problem, that traffic volume changes over time. And in the scenario, there is no change of topology changes mentioned.",training,training,4.13.289,27,26
129975,4.13,retrieval_full,retrieval,full,order_2,score,succeeded,0.75,1.0,0.0,0.0,4942,4976,17790,1,,,0.75,But why is alternating a problem?,training,training,4.13.441,28,27
129977,4.13,retrieval_full,retrieval,full,order_2,score,succeeded,0.5,1.0,-0.5,0.5,4851,4889,16719,1,,,1.0,Correct,training,training,4.13.1329,29,28
129979,4.13,retrieval_full,retrieval,full,order_2,score,succeeded,0.75,1.0,0.0,0.0,4793,4827,14289,1,,,0.75,But why is oscillating a problem?,training,training,4.13.623,30,29
129981,4.13,retrieval_full,retrieval,full,order_2,score,succeeded,0.75,1.0,0.0,0.0,4888,4936,18094,1,,,0.75,But why may the receiver not receive data?,training,training,4.13.720,31,30
129983,4.13,retrieval_full,retrieval,full,order_2,score,succeeded,0.25,1.0,-0.25,0.25,4879,4917,19027,1,,,0.5,But this is a problem of the topology or traffic volume on the network and not of the routing strategy itself.,training,training,4.13.1043,32,31
129985,4.13,retrieval_full,retrieval,full,order_2,score,succeeded,0.75,1.0,-0.25,0.25,4786,4820,27971,1,,,1.0,Correct,training,training,4.13.259,33,32
129987,4.13,retrieval_full,retrieval,full,order_2,score,succeeded,0.75,1.0,-0.25,0.25,4827,4859,35197,1,,,1.0,Correct,training,training,4.13.1060,34,33
129989,4.13,retrieval_full,retrieval,full,order_2,score,succeeded,0.75,1.0,0.0,0.0,4750,4787,18217,1,,,0.75,But why is oscillating a problem?,training,training,4.13.911,35,34
129991,4.13,retrieval_full,retrieval,full,order_2,score,succeeded,0.5,1.0,0.0,0.0,4731,4773,16515,1,,,0.5,Count-to-infinity mostly appears when the topology changes. There is nothing about this in the text.,training,training,4.13.1283,36,35
129993,4.13,retrieval_full,retrieval,full,order_2,score,succeeded,0.5,1.0,0.0,0.0,4952,4996,19011,1,,,0.5,"If C-F and E-I have both high utilization, the packet will be sent on the path, that is less utilized than the other one, even if both utilizations are high. It will not be passed between C and E",training,training,4.13.254,37,36
129995,4.13,retrieval_full,retrieval,full,order_2,score,succeeded,0.75,1.0,0.0,0.0,4821,4857,23277,1,,,0.75,But why is oscillation a problem?,training,training,4.13.1394,38,37
129997,4.13,retrieval_full,retrieval,full,order_2,score,succeeded,0.5,1.0,0.0,0.0,4954,4996,16521,1,,,0.5,"But it is defined, what the best route is: the one with less utilization. So C-F and E-I will be compared and the one with less utilization, the packet will be send on.",training,training,4.13.213,39,38
129999,4.13,retrieval_full,retrieval,full,order_2,score,succeeded,0.75,1.0,0.0,0.0,5062,5100,17418,1,,,0.75,But why is alternating a problem?,training,training,4.13.1155,40,39
130401,4.13,retrieval_full,retrieval,full,order_3,score,succeeded,0.7,1.0,-0.050000000000000044,0.050000000000000044,282,317,16177,1,,,0.75,Why would this impact applications?,training,training,4.13.742,1,0
130403,4.13,retrieval_full,retrieval,full,order_3,score,succeeded,0.2,1.0,-0.3,0.3,475,520,11032,4,,,0.5,"But the packets will always take the path with the smallest utilization. If the path is too much used, packets will go another way.",training,training,4.13.2114,2,1
130405,4.13,retrieval_full,retrieval,full,order_3,score,succeeded,0.35,1.0,-0.65,0.65,716,755,10157,1,,,1.0,Correct,training,training,4.13.1329,3,2
130407,4.13,retrieval_full,retrieval,full,order_3,score,succeeded,0.25,1.0,-0.75,0.75,902,948,10385,1,,,1.0,Correct,training,training,4.13.1976,4,3
130409,4.13,retrieval_full,retrieval,full,order_3,score,succeeded,0.25,1.0,-0.25,0.25,1111,1154,13198,1,,,0.5,"But it is defined, what the best route is: the one with less utilization. So C-F and E-I will be compared and the one with less utilization, the packet will be send on.",training,training,4.13.213,5,4
130411,4.13,retrieval_full,retrieval,full,order_3,score,succeeded,0.25,1.0,-0.25,0.25,1358,1398,23675,1,,,0.5,Count-to-infinity mostly appears when the topology changes. There is nothing about this in the text.,training,training,4.13.1283,6,5
130413,4.13,retrieval_full,retrieval,full,order_3,score,succeeded,0.75,1.0,-0.25,0.25,1594,1628,17837,1,,,1.0,Correct,training,training,4.13.452,7,6
130415,4.13,retrieval_full,retrieval,full,order_3,score,succeeded,0.75,1.0,-0.25,0.25,1925,1968,11739,1,,,1.0,Correct,training,training,4.13.1822,8,7
130417,4.13,retrieval_full,retrieval,full,order_3,score,succeeded,0.5,1.0,-0.5,0.5,2112,2142,11871,1,,,1.0,Correct,training,training,4.13.886,9,8
130419,4.13,retrieval_full,retrieval,full,order_3,score,succeeded,0.75,1.0,0.0,0.0,2368,2414,11778,1,,,0.75,But why is this oscillating a problem?,training,training,4.13.806,10,9
130421,4.13,retrieval_full,retrieval,full,order_3,score,succeeded,0.75,1.0,0.0,0.0,2592,2630,10969,1,,,0.75,But why is alternating a problem?,training,training,4.13.441,11,10
130423,4.13,retrieval_full,retrieval,full,order_3,score,succeeded,0.5,1.0,0.0,0.0,2830,2873,11272,1,,,0.5,But this is a problem of the topology or traffic volume on the network and not of the routing strategy itself.,training,training,4.13.1043,12,11
130425,4.13,retrieval_full,retrieval,full,order_3,score,succeeded,0.75,1.0,0.0,0.0,3062,3095,14219,1,,,0.75,But why is oscillating a problem?,training,training,4.13.623,13,12
130427,4.13,retrieval_full,retrieval,full,order_3,score,succeeded,0.5,1.0,0.0,0.0,3268,3307,11188,1,,,0.5,"To evaluate the path, the current load is used: changes in the utilization are considered and A will not use paths which are overused at the moment.",training,training,4.13.1561,14,13
130429,4.13,retrieval_full,retrieval,full,order_3,score,succeeded,0.75,1.0,-0.25,0.25,3521,3557,9588,1,,,1.0,Correct,training,training,4.13.259,15,14
130431,4.13,retrieval_full,retrieval,full,order_3,score,succeeded,0.25,1.0,-0.25,0.25,3756,3802,12129,1,,,0.5,"The links C-F and E-I are highly used, you're right. But if a packet wants to go from ABCDE to FGHIJ, C-F and E-I will be compared and the packet will go on the link, with less utilization of those two and not on the links that are at least used overall.",training,training,4.13.545,16,15
130433,4.13,retrieval_full,retrieval,full,order_3,score,succeeded,0.75,1.0,0.0,0.0,4076,4111,10161,1,,,0.75,But why is oscillation a problem?,training,training,4.13.1394,17,16
130435,4.13,retrieval_full,retrieval,full,order_3,score,succeeded,0.75,1.0,0.0,0.0,4286,4328,9765,1,,,0.75,But why is oscillating a problem?,training,training,4.13.1493,18,17
130437,4.13,retrieval_full,retrieval,full,order_3,score,succeeded,0.25,1.0,-0.75,0.75,4529,4572,11112,1,,,1.0,Correct,training,training,4.13.908,19,18
130439,4.13,retrieval_full,retrieval,full,order_3,score,succeeded,0.75,1.0,0.25,0.25,4747,4780,11065,1,,,0.5,"Why would this be repeated? If another path has less utilization, the path will be used and the packet will be transmitted to G.",training,training,4.13.2101,20,19
130441,4.13,retrieval_full,retrieval,full,order_3,score,succeeded,0.75,1.0,0.5,0.5,4955,4989,11124,1,,,0.25,"Is that a problem? And if yes, why?",training,training,4.13.1006,21,20
130443,4.13,retrieval_full,retrieval,full,order_3,score,succeeded,0.75,1.0,0.25,0.25,4945,4988,11080,1,,,0.5,Why would they be transferred in circles? For example C-F and E-I will be compared and the link with less utilization will be used.,training,training,4.13.435,22,21
130445,4.13,retrieval_full,retrieval,full,order_3,score,succeeded,0.75,1.0,0.0,0.0,4916,4954,11938,1,,,0.75,But why may the receiver not receive data?,training,training,4.13.720,23,22
130447,4.13,retrieval_full,retrieval,full,order_3,score,succeeded,0.75,1.0,0.0,0.0,4847,4879,11388,1,,,0.75,But why is this a problem?,training,training,4.13.804,24,23
130449,4.13,retrieval_full,retrieval,full,order_3,score,succeeded,0.75,1.0,0.0,0.0,4822,4855,10414,1,,,0.75,But why is oscillating a problem?,training,training,4.13.1513,25,24
130451,4.13,retrieval_full,retrieval,full,order_3,score,succeeded,0.75,1.0,0.25,0.25,4851,4892,12077,1,,,0.5,Why would it cost too much?,training,training,4.13.882,26,25
130453,4.13,retrieval_full,retrieval,full,order_3,score,succeeded,0.25,1.0,-0.75,0.75,4825,4869,13065,1,,,1.0,Correct,training,training,4.13.1661,27,26
130455,4.13,retrieval_full,retrieval,full,order_3,score,succeeded,0.75,1.0,-0.25,0.25,4918,4952,12075,1,,,1.0,Correct,training,training,4.13.1789,28,27
130457,4.13,retrieval_full,retrieval,full,order_3,score,succeeded,0.75,1.0,0.0,0.0,4828,4863,11674,1,,,0.75,But why is oscillating a problem?,training,training,4.13.599,29,28
130459,4.13,retrieval_full,retrieval,full,order_3,score,succeeded,0.5,1.0,0.0,0.0,4913,4963,14002,1,,,0.5,"If C-F and E-I have both high utilization, the packet will be sent on the path, that is less utilized than the other one, even if both utilizations are high. It will not be passed between C and E",training,training,4.13.254,30,29
130461,4.13,retrieval_full,retrieval,full,order_3,score,succeeded,0.75,1.0,0.0,0.0,4877,4918,11972,1,,,0.75,But why is oscillating a problem?,training,training,4.13.1311,31,30
130463,4.13,retrieval_full,retrieval,full,order_3,score,succeeded,0.5,1.0,0.0,0.0,4906,4949,10192,1,,,0.5,"But as soon as another path has less load, senders will send over the less utilized path.",training,training,4.13.162,32,31
130465,4.13,retrieval_full,retrieval,full,order_3,score,succeeded,0.75,1.0,0.0,0.0,4750,4779,10290,1,,,0.75,But why is oscillating a problem?,training,training,4.13.911,33,32
130467,4.13,retrieval_full,retrieval,full,order_3,score,succeeded,0.5,1.0,0.0,0.0,4800,4836,13882,1,,,0.5,"It is no problem, that traffic volume changes over time. And in the scenario, there is no change of topology changes mentioned.",training,training,4.13.289,34,33
130469,4.13,retrieval_full,retrieval,full,order_3,score,succeeded,0.75,1.0,-0.25,0.25,4938,4972,18582,1,,,1.0,Correct,training,training,4.13.1413,35,34
130471,4.13,retrieval_full,retrieval,full,order_3,score,succeeded,0.75,1.0,0.0,0.0,4939,4978,11549,1,,,0.75,But why is oscillating a problem?,training,training,4.13.1585,36,35
130473,4.13,retrieval_full,retrieval,full,order_3,score,succeeded,0.5,1.0,0.0,0.0,4749,4788,14041,1,,,0.5,Why would both nodes think that the other node's route is a better choice? Every link from A to G is compared by current load and the one with less utilization will be used.,training,training,4.13.108,37,36
130475,4.13,retrieval_full,retrieval,full,order_3,score,succeeded,0.75,1.0,0.0,0.0,5047,5085,14676,1,,,0.75,But why is alternating a problem?,training,training,4.13.1155,38,37
130477,4.13,retrieval_full,retrieval,full,order_3,score,succeeded,0.75,1.0,-0.25,0.25,4910,4944,13380,1,,,1.0,Correct,training,training,4.13.1060,39,38
130479,4.13,retrieval_full,retrieval,full,order_3,score,succeeded,0.5,1.0,0.0,0.0,4836,4879,16495,1,,,0.5,"The network state is taken into account, because we evaluate the quality of the path by comparing the current load on the path.",training,training,4.13.2000,40,39
129681,4.13,retrieval_no_feedback,retrieval,no_feedback,order_1,score,succeeded,0.6,1.0,-0.15000000000000002,0.15000000000000002,281,326,15186,1,,,0.75,But why is this oscillating a problem?,training,training,4.13.806,1,0
129683,4.13,retrieval_no_feedback,retrieval,no_feedback,order_1,score,succeeded,0.75,1.0,0.0,0.0,462,491,12805,1,,,0.75,But why is oscillating a problem?,training,training,4.13.911,2,1
129685,4.13,retrieval_no_feedback,retrieval,no_feedback,order_1,score,succeeded,0.25,1.0,-0.25,0.25,662,700,12592,1,,,0.5,Count-to-infinity mostly appears when the topology changes. There is nothing about this in the text.,training,training,4.13.1283,3,2
129687,4.13,retrieval_no_feedback,retrieval,no_feedback,order_1,score,succeeded,0.5,1.0,-0.25,0.25,864,912,18070,1,,,0.75,But why may the receiver not receive data?,training,training,4.13.720,4,3
129689,4.13,retrieval_no_feedback,retrieval,no_feedback,order_1,score,succeeded,0.5,1.0,0.25,0.25,1039,1080,14491,1,,,0.25,"Is that a problem? And if yes, why?",training,training,4.13.1006,5,4
129691,4.13,retrieval_no_feedback,retrieval,no_feedback,order_1,score,succeeded,0.25,1.0,-0.75,0.75,1246,1280,16623,1,,,1.0,Correct,training,training,4.13.1329,6,5
129693,4.13,retrieval_no_feedback,retrieval,no_feedback,order_1,score,succeeded,0.25,1.0,-0.75,0.75,1472,1518,13544,1,,,1.0,Correct,training,training,4.13.908,7,6
129695,4.13,retrieval_no_feedback,retrieval,no_feedback,order_1,score,succeeded,0.75,1.0,0.0,0.0,1681,1713,16216,1,,,0.75,But why is alternating a problem?,training,training,4.13.441,8,7
129697,4.13,retrieval_no_feedback,retrieval,no_feedback,order_1,score,succeeded,0.5,1.0,-0.5,0.5,1864,1895,13001,1,,,1.0,Correct,training,training,4.13.886,9,8
129699,4.13,retrieval_no_feedback,retrieval,no_feedback,order_1,score,succeeded,0.75,1.0,0.0,0.0,2095,2132,12825,1,,,0.75,But why is alternating a problem?,training,training,4.13.1155,10,9
129701,4.13,retrieval_no_feedback,retrieval,no_feedback,order_1,score,succeeded,0.75,1.0,-0.25,0.25,2419,2458,12960,1,,,1.0,Correct,training,training,4.13.1822,11,10
129703,4.13,retrieval_no_feedback,retrieval,no_feedback,order_1,score,succeeded,0.75,1.0,0.25,0.25,2637,2671,12787,1,,,0.5,"If C-F and E-I have both high utilization, the packet will be sent on the path, that is less utilized than the other one, even if both utilizations are high. It will not be passed between C and E",training,training,4.13.254,12,11
129705,4.13,retrieval_no_feedback,retrieval,no_feedback,order_1,score,succeeded,0.25,1.0,-0.25,0.25,2866,2916,15978,1,,,0.5,"The links C-F and E-I are highly used, you're right. But if a packet wants to go from ABCDE to FGHIJ, C-F and E-I will be compared and the packet will go on the link, with less utilization of those two and not on the links that are at least used overall.",training,training,4.13.545,13,12
129707,4.13,retrieval_no_feedback,retrieval,no_feedback,order_1,score,succeeded,0.75,1.0,0.0,0.0,3069,3100,12661,1,,,0.75,But why is oscillating a problem?,training,training,4.13.623,14,13
129709,4.13,retrieval_no_feedback,retrieval,no_feedback,order_1,score,succeeded,0.75,1.0,0.0,0.0,3237,3266,15588,1,,,0.75,But why is this a problem?,training,training,4.13.804,15,14
129711,4.13,retrieval_no_feedback,retrieval,no_feedback,order_1,score,succeeded,0.5,1.0,-0.5,0.5,3414,3448,15777,1,,,1.0,Correct,training,training,4.13.1976,16,15
129713,4.13,retrieval_no_feedback,retrieval,no_feedback,order_1,score,succeeded,0.75,1.0,0.0,0.0,3685,3724,12937,1,,,0.75,But why is oscillating a problem?,training,training,4.13.1311,17,16
129715,4.13,retrieval_no_feedback,retrieval,no_feedback,order_1,score,succeeded,0.25,1.0,-0.25,0.25,3885,3919,16377,1,,,0.5,"The network state is taken into account, because we evaluate the quality of the path by comparing the current load on the path.",training,training,4.13.2000,18,17
129717,4.13,retrieval_no_feedback,retrieval,no_feedback,order_1,score,succeeded,0.25,1.0,-0.25,0.25,4092,4127,14466,1,,,0.5,"But it is defined, what the best route is: the one with less utilization. So C-F and E-I will be compared and the one with less utilization, the packet will be send on.",training,training,4.13.213,19,18
129719,4.13,retrieval_no_feedback,retrieval,no_feedback,order_1,score,succeeded,0.75,1.0,0.25,0.25,4302,4337,13263,1,,,0.5,"Why would this be repeated? If another path has less utilization, the path will be used and the packet will be transmitted to G.",training,training,4.13.2101,20,19
129721,4.13,retrieval_no_feedback,retrieval,no_feedback,order_1,score,succeeded,0.75,1.0,-0.25,0.25,4515,4547,15644,1,,,1.0,Correct,training,training,4.13.452,21,20
129723,4.13,retrieval_no_feedback,retrieval,no_feedback,order_1,score,succeeded,0.75,1.0,0.0,0.0,4500,4536,12524,1,,,0.75,But why is oscillating a problem?,training,training,4.13.1513,22,21
129725,4.13,retrieval_no_feedback,retrieval,no_feedback,order_1,score,succeeded,0.75,1.0,-0.25,0.25,4517,4550,12543,1,,,1.0,Correct,training,training,4.13.259,23,22
129727,4.13,retrieval_no_feedback,retrieval,no_feedback,order_1,score,succeeded,0.75,1.0,0.0,0.0,4539,4578,13024,1,,,0.75,But why is oscillation a problem?,training,training,4.13.1394,24,23
129729,4.13,retrieval_no_feedback,retrieval,no_feedback,order_1,score,succeeded,0.75,1.0,-0.25,0.25,4609,4646,12281,1,,,1.0,Correct,training,training,4.13.1789,25,24
129731,4.13,retrieval_no_feedback,retrieval,no_feedback,order_1,score,succeeded,0.75,1.0,0.25,0.25,4517,4559,14784,1,,,0.5,Why would they be transferred in circles? For example C-F and E-I will be compared and the link with less utilization will be used.,training,training,4.13.435,26,25
129733,4.13,retrieval_no_feedback,retrieval,no_feedback,order_1,score,succeeded,0.75,1.0,0.0,0.0,4597,4631,12664,1,,,0.75,But why is oscillating a problem?,training,training,4.13.1585,27,26
129735,4.13,retrieval_no_feedback,retrieval,no_feedback,order_1,score,succeeded,0.75,1.0,-0.25,0.25,4618,4658,15215,1,,,1.0,Correct,training,training,4.13.1413,28,27
129737,4.13,retrieval_no_feedback,retrieval,no_feedback,order_1,score,succeeded,0.25,1.0,-0.25,0.25,4420,4455,12955,1,,,0.5,"It is no problem, that traffic volume changes over time. And in the scenario, there is no change of topology changes mentioned.",training,training,4.13.289,29,28
129739,4.13,retrieval_no_feedback,retrieval,no_feedback,order_1,score,succeeded,0.75,1.0,-0.25,0.25,4557,4592,12764,1,,,1.0,Correct,training,training,4.13.1060,30,29
129741,4.13,retrieval_no_feedback,retrieval,no_feedback,order_1,score,succeeded,0.75,1.0,0.0,0.0,4489,4525,13302,1,,,0.75,But why is oscillating a problem?,training,training,4.13.1493,31,30
129743,4.13,retrieval_no_feedback,retrieval,no_feedback,order_1,score,succeeded,0.75,1.0,0.0,0.0,4600,4635,12432,1,,,0.75,Why would this impact applications?,training,training,4.13.742,32,31
129745,4.13,retrieval_no_feedback,retrieval,no_feedback,order_1,score,succeeded,0.5,1.0,0.0,0.0,4478,4516,13330,1,,,0.5,Why would both nodes think that the other node's route is a better choice? Every link from A to G is compared by current load and the one with less utilization will be used.,training,training,4.13.108,33,32
129747,4.13,retrieval_no_feedback,retrieval,no_feedback,order_1,score,succeeded,0.5,1.0,0.0,0.0,4454,4493,13071,1,,,0.5,"But as soon as another path has less load, senders will send over the less utilized path.",training,training,4.13.162,34,33
129749,4.13,retrieval_no_feedback,retrieval,no_feedback,order_1,score,succeeded,0.5,1.0,0.0,0.0,4452,4491,17237,1,,,0.5,But this is a problem of the topology or traffic volume on the network and not of the routing strategy itself.,training,training,4.13.1043,35,34
129751,4.13,retrieval_no_feedback,retrieval,no_feedback,order_1,score,succeeded,0.5,1.0,0.0,0.0,4334,4373,14042,1,,,0.5,"But the packets will always take the path with the smallest utilization. If the path is too much used, packets will go another way.",training,training,4.13.2114,36,35
129753,4.13,retrieval_no_feedback,retrieval,no_feedback,order_1,score,succeeded,0.5,1.0,-0.5,0.5,4492,4531,13037,1,,,1.0,Correct,training,training,4.13.1661,37,36
129755,4.13,retrieval_no_feedback,retrieval,no_feedback,order_1,score,succeeded,0.5,1.0,0.0,0.0,4379,4412,14933,1,,,0.5,Why would it cost too much?,training,training,4.13.882,38,37
129757,4.13,retrieval_no_feedback,retrieval,no_feedback,order_1,score,succeeded,0.75,1.0,0.0,0.0,4508,4542,13351,1,,,0.75,But why is oscillating a problem?,training,training,4.13.599,39,38
129759,4.13,retrieval_no_feedback,retrieval,no_feedback,order_1,score,succeeded,0.5,1.0,0.0,0.0,4365,4401,12762,1,,,0.5,"To evaluate the path, the current load is used: changes in the utilization are considered and A will not use paths which are overused at the moment.",training,training,4.13.1561,40,39
130161,4.13,retrieval_no_feedback,retrieval,no_feedback,order_2,score,succeeded,0.7,1.0,-0.30000000000000004,0.30000000000000004,253,286,12920,1,,,1.0,Correct,training,training,4.13.1413,1,0
130163,4.13,retrieval_no_feedback,retrieval,no_feedback,order_2,score,succeeded,0.5,1.0,0.25,0.25,427,463,13900,1,,,0.25,"Is that a problem? And if yes, why?",training,training,4.13.1006,2,1
130165,4.13,retrieval_no_feedback,retrieval,no_feedback,order_2,score,succeeded,0.75,1.0,0.0,0.0,627,663,11692,1,,,0.75,But why is oscillating a problem?,training,training,4.13.1493,3,2
130167,4.13,retrieval_no_feedback,retrieval,no_feedback,order_2,score,succeeded,0.25,1.0,-0.75,0.75,850,889,14568,1,,,1.0,Correct,training,training,4.13.908,4,3
130169,4.13,retrieval_no_feedback,retrieval,no_feedback,order_2,score,succeeded,0.75,1.0,0.0,0.0,1057,1095,13757,1,,,0.75,But why is oscillating a problem?,training,training,4.13.1585,5,4
130171,4.13,retrieval_no_feedback,retrieval,no_feedback,order_2,score,succeeded,0.5,1.0,0.0,0.0,1254,1292,11819,1,,,0.5,"To evaluate the path, the current load is used: changes in the utilization are considered and A will not use paths which are overused at the moment.",training,training,4.13.1561,6,5
130173,4.13,retrieval_no_feedback,retrieval,no_feedback,order_2,score,succeeded,0.75,1.0,0.0,0.0,1500,1541,16258,1,,,0.75,But why is this oscillating a problem?,training,training,4.13.806,7,6
130175,4.13,retrieval_no_feedback,retrieval,no_feedback,order_2,score,succeeded,0.5,1.0,-0.5,0.5,1723,1760,12204,1,,,1.0,Correct,training,training,4.13.1661,8,7
130177,4.13,retrieval_no_feedback,retrieval,no_feedback,order_2,score,succeeded,0.75,1.0,0.0,0.0,1912,1946,12248,1,,,0.75,But why is oscillating a problem?,training,training,4.13.599,9,8
130179,4.13,retrieval_no_feedback,retrieval,no_feedback,order_2,score,succeeded,0.75,1.0,0.0,0.0,2160,2202,13489,1,,,0.75,Why would this impact applications?,training,training,4.13.742,10,9
130181,4.13,retrieval_no_feedback,retrieval,no_feedback,order_2,score,succeeded,0.25,1.0,-0.25,0.25,2344,2384,12825,1,,,0.5,Why would it cost too much?,training,training,4.13.882,11,10
130183,4.13,retrieval_no_feedback,retrieval,no_feedback,order_2,score,succeeded,0.5,1.0,0.0,0.0,2575,2613,14463,1,,,0.5,"But as soon as another path has less load, senders will send over the less utilized path.",training,training,4.13.162,12,11
130185,4.13,retrieval_no_feedback,retrieval,no_feedback,order_2,score,succeeded,0.5,1.0,0.0,0.0,2776,2816,12616,1,,,0.5,"The network state is taken into account, because we evaluate the quality of the path by comparing the current load on the path.",training,training,4.13.2000,13,12
130187,4.13,retrieval_no_feedback,retrieval,no_feedback,order_2,score,succeeded,0.5,1.0,-0.5,0.5,2959,2992,15319,1,,,1.0,Correct,training,training,4.13.886,14,13
130189,4.13,retrieval_no_feedback,retrieval,no_feedback,order_2,score,succeeded,0.5,1.0,0.0,0.0,3161,3199,12821,1,,,0.5,Why would they be transferred in circles? For example C-F and E-I will be compared and the link with less utilization will be used.,training,training,4.13.435,15,14
130191,4.13,retrieval_no_feedback,retrieval,no_feedback,order_2,score,succeeded,0.75,1.0,0.25,0.25,3370,3405,13606,1,,,0.5,"Why would this be repeated? If another path has less utilization, the path will be used and the packet will be transmitted to G.",training,training,4.13.2101,16,15
130193,4.13,retrieval_no_feedback,retrieval,no_feedback,order_2,score,succeeded,0.75,1.0,0.0,0.0,3540,3569,13700,1,,,0.75,But why is this a problem?,training,training,4.13.804,17,16
130195,4.13,retrieval_no_feedback,retrieval,no_feedback,order_2,score,succeeded,0.75,1.0,0.0,0.0,3731,3763,13094,1,,,0.75,But why is oscillating a problem?,training,training,4.13.1513,18,17
130197,4.13,retrieval_no_feedback,retrieval,no_feedback,order_2,score,succeeded,0.75,1.0,-0.25,0.25,4052,4089,13353,1,,,1.0,Correct,training,training,4.13.1822,19,18
130199,4.13,retrieval_no_feedback,retrieval,no_feedback,order_2,score,succeeded,0.25,1.0,-0.75,0.75,4228,4267,12854,1,,,1.0,Correct,training,training,4.13.1976,20,19
130201,4.13,retrieval_no_feedback,retrieval,no_feedback,order_2,score,succeeded,0.75,1.0,-0.25,0.25,4448,4485,11805,1,,,1.0,Correct,training,training,4.13.1789,21,20
130203,4.13,retrieval_no_feedback,retrieval,no_feedback,order_2,score,succeeded,0.75,1.0,0.0,0.0,4494,4531,13133,1,,,0.75,But why is oscillating a problem?,training,training,4.13.1311,22,21
130205,4.13,retrieval_no_feedback,retrieval,no_feedback,order_2,score,succeeded,0.75,1.0,0.25,0.25,4480,4519,16019,1,,,0.5,"But the packets will always take the path with the smallest utilization. If the path is too much used, packets will go another way.",training,training,4.13.2114,23,22
130207,4.13,retrieval_no_feedback,retrieval,no_feedback,order_2,score,succeeded,0.25,1.0,-0.25,0.25,4535,4593,12956,1,,,0.5,"The links C-F and E-I are highly used, you're right. But if a packet wants to go from ABCDE to FGHIJ, C-F and E-I will be compared and the packet will go on the link, with less utilization of those two and not on the links that are at least used overall.",training,training,4.13.545,24,23
130209,4.13,retrieval_no_feedback,retrieval,no_feedback,order_2,score,succeeded,0.75,1.0,-0.25,0.25,4464,4498,12671,1,,,1.0,Correct,training,training,4.13.452,25,24
130211,4.13,retrieval_no_feedback,retrieval,no_feedback,order_2,score,succeeded,0.5,1.0,0.0,0.0,4498,4540,12568,1,,,0.5,Why would both nodes think that the other node's route is a better choice? Every link from A to G is compared by current load and the one with less utilization will be used.,training,training,4.13.108,26,25
130213,4.13,retrieval_no_feedback,retrieval,no_feedback,order_2,score,succeeded,0.5,1.0,0.0,0.0,4404,4440,11540,1,,,0.5,"It is no problem, that traffic volume changes over time. And in the scenario, there is no change of topology changes mentioned.",training,training,4.13.289,27,26
130215,4.13,retrieval_no_feedback,retrieval,no_feedback,order_2,score,succeeded,0.75,1.0,0.0,0.0,4528,4559,11024,1,,,0.75,But why is alternating a problem?,training,training,4.13.441,28,27
130217,4.13,retrieval_no_feedback,retrieval,no_feedback,order_2,score,succeeded,0.5,1.0,-0.5,0.5,4369,4403,12930,1,,,1.0,Correct,training,training,4.13.1329,29,28
130219,4.13,retrieval_no_feedback,retrieval,no_feedback,order_2,score,succeeded,0.75,1.0,0.0,0.0,4518,4552,11990,1,,,0.75,But why is oscillating a problem?,training,training,4.13.623,30,29
130221,4.13,retrieval_no_feedback,retrieval,no_feedback,order_2,score,succeeded,0.75,1.0,0.0,0.0,4471,4505,11106,1,,,0.75,But why may the receiver not receive data?,training,training,4.13.720,31,30
130223,4.13,retrieval_no_feedback,retrieval,no_feedback,order_2,score,succeeded,0.5,1.0,0.0,0.0,4404,4449,12136,1,,,0.5,But this is a problem of the topology or traffic volume on the network and not of the routing strategy itself.,training,training,4.13.1043,32,31
130225,4.13,retrieval_no_feedback,retrieval,no_feedback,order_2,score,succeeded,1.0,1.0,0.0,0.0,4452,4491,17874,7,,,1.0,Correct,training,training,4.13.259,33,32
130227,4.13,retrieval_no_feedback,retrieval,no_feedback,order_2,score,succeeded,0.75,1.0,-0.25,0.25,4533,4567,16210,2,,,1.0,Correct,training,training,4.13.1060,34,33
130229,4.13,retrieval_no_feedback,retrieval,no_feedback,order_2,score,succeeded,0.75,1.0,0.0,0.0,4497,4529,16066,1,,,0.75,But why is oscillating a problem?,training,training,4.13.911,35,34
130231,4.13,retrieval_no_feedback,retrieval,no_feedback,order_2,score,succeeded,0.5,1.0,0.0,0.0,4341,4380,18909,1,,,0.5,Count-to-infinity mostly appears when the topology changes. There is nothing about this in the text.,training,training,4.13.1283,36,35
130233,4.13,retrieval_no_feedback,retrieval,no_feedback,order_2,score,succeeded,0.75,1.0,0.25,0.25,4606,4649,23475,1,,,0.5,"If C-F and E-I have both high utilization, the packet will be sent on the path, that is less utilized than the other one, even if both utilizations are high. It will not be passed between C and E",training,training,4.13.254,37,36
130235,4.13,retrieval_no_feedback,retrieval,no_feedback,order_2,score,succeeded,0.75,1.0,0.0,0.0,4561,4597,36076,1,,,0.75,But why is oscillation a problem?,training,training,4.13.1394,38,37
130237,4.13,retrieval_no_feedback,retrieval,no_feedback,order_2,score,succeeded,0.25,1.0,-0.25,0.25,4526,4557,29579,1,,,0.5,"But it is defined, what the best route is: the one with less utilization. So C-F and E-I will be compared and the one with less utilization, the packet will be send on.",training,training,4.13.213,39,38
130239,4.13,retrieval_no_feedback,retrieval,no_feedback,order_2,score,succeeded,0.75,1.0,0.0,0.0,4592,4627,21144,1,,,0.75,But why is alternating a problem?,training,training,4.13.1155,40,39
130641,4.13,retrieval_no_feedback,retrieval,no_feedback,order_3,score,succeeded,0.7,1.0,-0.050000000000000044,0.050000000000000044,283,315,20111,1,,,0.75,Why would this impact applications?,training,training,4.13.742,1,0
130643,4.13,retrieval_no_feedback,retrieval,no_feedback,order_3,score,succeeded,0.25,1.0,-0.25,0.25,464,504,12197,1,,,0.5,"But the packets will always take the path with the smallest utilization. If the path is too much used, packets will go another way.",training,training,4.13.2114,2,1
130645,4.13,retrieval_no_feedback,retrieval,no_feedback,order_3,score,succeeded,0.25,1.0,-0.75,0.75,672,707,14752,1,,,1.0,Correct,training,training,4.13.1329,3,2
130647,4.13,retrieval_no_feedback,retrieval,no_feedback,order_3,score,succeeded,0.25,1.0,-0.75,0.75,851,894,10713,1,,,1.0,Correct,training,training,4.13.1976,4,3
130649,4.13,retrieval_no_feedback,retrieval,no_feedback,order_3,score,succeeded,0.25,1.0,-0.25,0.25,1054,1087,10932,1,,,0.5,"But it is defined, what the best route is: the one with less utilization. So C-F and E-I will be compared and the one with less utilization, the packet will be send on.",training,training,4.13.213,5,4
130651,4.13,retrieval_no_feedback,retrieval,no_feedback,order_3,score,succeeded,0.25,1.0,-0.25,0.25,1255,1300,17914,1,,,0.5,Count-to-infinity mostly appears when the topology changes. There is nothing about this in the text.,training,training,4.13.1283,6,5
130653,4.13,retrieval_no_feedback,retrieval,no_feedback,order_3,score,succeeded,0.75,1.0,-0.25,0.25,1468,1500,16441,1,,,1.0,Correct,training,training,4.13.452,7,6
130655,4.13,retrieval_no_feedback,retrieval,no_feedback,order_3,score,succeeded,0.9,1.0,-0.09999999999999998,0.09999999999999998,1786,1821,11983,1,,,1.0,Correct,training,training,4.13.1822,8,7
130657,4.13,retrieval_no_feedback,retrieval,no_feedback,order_3,score,succeeded,0.5,1.0,-0.5,0.5,1971,2001,12052,1,,,1.0,Correct,training,training,4.13.886,9,8
130659,4.13,retrieval_no_feedback,retrieval,no_feedback,order_3,score,succeeded,0.75,1.0,0.0,0.0,2217,2258,11769,1,,,0.75,But why is this oscillating a problem?,training,training,4.13.806,10,9
130661,4.13,retrieval_no_feedback,retrieval,no_feedback,order_3,score,succeeded,0.75,1.0,0.0,0.0,2426,2459,10102,1,,,0.75,But why is alternating a problem?,training,training,4.13.441,11,10
130663,4.13,retrieval_no_feedback,retrieval,no_feedback,order_3,score,succeeded,0.25,1.0,-0.25,0.25,2649,2697,13527,1,,,0.5,But this is a problem of the topology or traffic volume on the network and not of the routing strategy itself.,training,training,4.13.1043,12,11
130665,4.13,retrieval_no_feedback,retrieval,no_feedback,order_3,score,succeeded,0.75,1.0,0.0,0.0,2852,2883,13548,1,,,0.75,But why is oscillating a problem?,training,training,4.13.623,13,12
130667,4.13,retrieval_no_feedback,retrieval,no_feedback,order_3,score,succeeded,0.5,1.0,0.0,0.0,3046,3087,12309,1,,,0.5,"To evaluate the path, the current load is used: changes in the utilization are considered and A will not use paths which are overused at the moment.",training,training,4.13.1561,14,13
130669,4.13,retrieval_no_feedback,retrieval,no_feedback,order_3,score,succeeded,0.75,1.0,-0.25,0.25,3263,3302,9875,1,,,1.0,Correct,training,training,4.13.259,15,14
130671,4.13,retrieval_no_feedback,retrieval,no_feedback,order_3,score,succeeded,0.5,1.0,0.0,0.0,3491,3540,15081,1,,,0.5,"The links C-F and E-I are highly used, you're right. But if a packet wants to go from ABCDE to FGHIJ, C-F and E-I will be compared and the packet will go on the link, with less utilization of those two and not on the links that are at least used overall.",training,training,4.13.545,16,15
130673,4.13,retrieval_no_feedback,retrieval,no_feedback,order_3,score,succeeded,0.75,1.0,0.0,0.0,3740,3777,12393,1,,,0.75,But why is oscillation a problem?,training,training,4.13.1394,17,16
130675,4.13,retrieval_no_feedback,retrieval,no_feedback,order_3,score,succeeded,0.75,1.0,0.0,0.0,3939,3977,13476,1,,,0.75,But why is oscillating a problem?,training,training,4.13.1493,18,17
130677,4.13,retrieval_no_feedback,retrieval,no_feedback,order_3,score,succeeded,0.25,1.0,-0.75,0.75,4163,4208,11576,1,,,1.0,Correct,training,training,4.13.908,19,18
130679,4.13,retrieval_no_feedback,retrieval,no_feedback,order_3,score,succeeded,0.75,1.0,0.25,0.25,4377,4411,11201,1,,,0.5,"Why would this be repeated? If another path has less utilization, the path will be used and the packet will be transmitted to G.",training,training,4.13.2101,20,19
130681,4.13,retrieval_no_feedback,retrieval,no_feedback,order_3,score,succeeded,0.75,1.0,0.5,0.5,4553,4589,10347,1,,,0.25,"Is that a problem? And if yes, why?",training,training,4.13.1006,21,20
130683,4.13,retrieval_no_feedback,retrieval,no_feedback,order_3,score,succeeded,0.5,1.0,0.0,0.0,4550,4589,11752,1,,,0.5,Why would they be transferred in circles? For example C-F and E-I will be compared and the link with less utilization will be used.,training,training,4.13.435,22,21
130685,4.13,retrieval_no_feedback,retrieval,no_feedback,order_3,score,succeeded,0.5,1.0,-0.25,0.25,4536,4580,9639,1,,,0.75,But why may the receiver not receive data?,training,training,4.13.720,23,22
130687,4.13,retrieval_no_feedback,retrieval,no_feedback,order_3,score,succeeded,0.5,1.0,-0.25,0.25,4490,4522,12279,1,,,0.75,But why is this a problem?,training,training,4.13.804,24,23
130689,4.13,retrieval_no_feedback,retrieval,no_feedback,order_3,score,succeeded,0.75,1.0,0.0,0.0,4453,4484,14496,1,,,0.75,But why is oscillating a problem?,training,training,4.13.1513,25,24
130691,4.13,retrieval_no_feedback,retrieval,no_feedback,order_3,score,succeeded,0.5,1.0,0.0,0.0,4434,4470,14627,1,,,0.5,Why would it cost too much?,training,training,4.13.882,26,25
130693,4.13,retrieval_no_feedback,retrieval,no_feedback,order_3,score,succeeded,0.5,1.0,-0.5,0.5,4428,4467,13872,1,,,1.0,Correct,training,training,4.13.1661,27,26
130695,4.13,retrieval_no_feedback,retrieval,no_feedback,order_3,score,succeeded,0.75,1.0,-0.25,0.25,4550,4584,9926,1,,,1.0,Correct,training,training,4.13.1789,28,27
130697,4.13,retrieval_no_feedback,retrieval,no_feedback,order_3,score,succeeded,0.75,1.0,0.0,0.0,4482,4516,11472,1,,,0.75,But why is oscillating a problem?,training,training,4.13.599,29,28
130699,4.13,retrieval_no_feedback,retrieval,no_feedback,order_3,score,succeeded,0.75,1.0,0.25,0.25,4502,4554,11771,1,,,0.5,"If C-F and E-I have both high utilization, the packet will be sent on the path, that is less utilized than the other one, even if both utilizations are high. It will not be passed between C and E",training,training,4.13.254,30,29
130701,4.13,retrieval_no_feedback,retrieval,no_feedback,order_3,score,succeeded,0.75,1.0,0.0,0.0,4541,4580,12735,1,,,0.75,But why is oscillating a problem?,training,training,4.13.1311,31,30
130703,4.13,retrieval_no_feedback,retrieval,no_feedback,order_3,score,succeeded,0.5,1.0,0.0,0.0,4483,4523,14427,1,,,0.5,"But as soon as another path has less load, senders will send over the less utilized path.",training,training,4.13.162,32,31
130705,4.13,retrieval_no_feedback,retrieval,no_feedback,order_3,score,succeeded,0.75,1.0,0.0,0.0,4515,4546,14111,1,,,0.75,But why is oscillating a problem?,training,training,4.13.911,33,32
130707,4.13,retrieval_no_feedback,retrieval,no_feedback,order_3,score,succeeded,0.5,1.0,0.0,0.0,4362,4402,15933,1,,,0.5,"It is no problem, that traffic volume changes over time. And in the scenario, there is no change of topology changes mentioned.",training,training,4.13.289,34,33
130709,4.13,retrieval_no_feedback,retrieval,no_feedback,order_3,score,succeeded,0.75,1.0,-0.25,0.25,4618,4653,11603,1,,,1.0,Correct,training,training,4.13.1413,35,34
130711,4.13,retrieval_no_feedback,retrieval,no_feedback,order_3,score,succeeded,0.75,1.0,0.0,0.0,4593,4630,13430,1,,,0.75,But why is oscillating a problem?,training,training,4.13.1585,36,35
130713,4.13,retrieval_no_feedback,retrieval,no_feedback,order_3,score,succeeded,0.5,1.0,0.0,0.0,4420,4454,18981,1,,,0.5,Why would both nodes think that the other node's route is a better choice? Every link from A to G is compared by current load and the one with less utilization will be used.,training,training,4.13.108,37,36
130715,4.13,retrieval_no_feedback,retrieval,no_feedback,order_3,score,succeeded,0.75,1.0,0.0,0.0,4546,4583,16559,1,,,0.75,But why is alternating a problem?,training,training,4.13.1155,38,37
130717,4.13,retrieval_no_feedback,retrieval,no_feedback,order_3,score,succeeded,0.75,1.0,-0.25,0.25,4545,4582,13256,1,,,1.0,Correct,training,training,4.13.1060,39,38
130719,4.13,retrieval_no_feedback,retrieval,no_feedback,order_3,score,succeeded,0.5,1.0,0.0,0.0,4370,4405,13621,1,,,0.5,"The network state is taken into account, because we evaluate the quality of the path by comparing the current load on the path.",training,training,4.13.2000,40,39
129521,4.13,mem0_full,mem0,full,order_1,score,succeeded,0.6,1.0,-0.15000000000000002,0.15000000000000002,280,322,15408,1,,,0.75,But why is this oscillating a problem?,training,training,4.13.806,1,0
129523,4.13,mem0_full,mem0,full,order_1,score,succeeded,0.5,1.0,-0.25,0.25,716,745,17291,1,,,0.75,But why is oscillating a problem?,training,training,4.13.911,2,1
129525,4.13,mem0_full,mem0,full,order_1,score,succeeded,0.2,1.0,-0.3,0.3,735,773,28168,1,,,0.5,Count-to-infinity mostly appears when the topology changes. There is nothing about this in the text.,training,training,4.13.1283,3,2
129527,4.13,mem0_full,mem0,full,order_1,score,succeeded,0.5,1.0,-0.25,0.25,734,782,63026,1,,,0.75,But why may the receiver not receive data?,training,training,4.13.720,4,3
129529,4.13,mem0_full,mem0,full,order_1,score,succeeded,0.5,1.0,0.25,0.25,706,745,21346,1,,,0.25,"Is that a problem? And if yes, why?",training,training,4.13.1006,5,4
129531,4.13,mem0_full,mem0,full,order_1,score,succeeded,0.25,1.0,-0.75,0.75,741,782,18469,1,,,1.0,Correct,training,training,4.13.1329,6,5
129533,4.13,mem0_full,mem0,full,order_1,score,succeeded,0.2,1.0,-0.8,0.8,758,810,18417,1,,,1.0,Correct,training,training,4.13.908,7,6
129535,4.13,mem0_full,mem0,full,order_1,score,succeeded,0.7,1.0,-0.050000000000000044,0.050000000000000044,744,778,17668,1,,,0.75,But why is alternating a problem?,training,training,4.13.441,8,7
129537,4.13,mem0_full,mem0,full,order_1,score,succeeded,0.25,1.0,-0.75,0.75,716,750,13790,1,,,1.0,Correct,training,training,4.13.886,9,8
129539,4.13,mem0_full,mem0,full,order_1,score,succeeded,0.7,1.0,-0.050000000000000044,0.050000000000000044,769,806,17504,1,,,0.75,But why is alternating a problem?,training,training,4.13.1155,10,9
129541,4.13,mem0_full,mem0,full,order_1,score,succeeded,0.7,1.0,-0.30000000000000004,0.30000000000000004,854,888,19767,1,,,1.0,Correct,training,training,4.13.1822,11,10
129543,4.13,mem0_full,mem0,full,order_1,score,succeeded,0.35,1.0,-0.15000000000000002,0.15000000000000002,752,797,14632,1,,,0.5,"If C-F and E-I have both high utilization, the packet will be sent on the path, that is less utilized than the other one, even if both utilizations are high. It will not be passed between C and E",training,training,4.13.254,12,11
129545,4.13,mem0_full,mem0,full,order_1,score,succeeded,0.2,1.0,-0.3,0.3,762,818,13979,1,,,0.5,"The links C-F and E-I are highly used, you're right. But if a packet wants to go from ABCDE to FGHIJ, C-F and E-I will be compared and the packet will go on the link, with less utilization of those two and not on the links that are at least used overall.",training,training,4.13.545,13,12
129547,4.13,mem0_full,mem0,full,order_1,score,succeeded,0.7,1.0,-0.050000000000000044,0.050000000000000044,737,768,14987,1,,,0.75,But why is oscillating a problem?,training,training,4.13.623,14,13
129549,4.13,mem0_full,mem0,full,order_1,score,succeeded,0.5,1.0,-0.25,0.25,699,732,67335,1,,,0.75,But why is this a problem?,training,training,4.13.804,15,14
129551,4.13,mem0_full,mem0,full,order_1,score,succeeded,0.2,1.0,-0.8,0.8,712,762,17969,1,,,1.0,Correct,training,training,4.13.1976,16,15
129553,4.13,mem0_full,mem0,full,order_1,score,succeeded,0.7,1.0,-0.050000000000000044,0.050000000000000044,799,830,15872,1,,,0.75,But why is oscillating a problem?,training,training,4.13.1311,17,16
129555,4.13,mem0_full,mem0,full,order_1,score,succeeded,0.35,1.0,-0.15000000000000002,0.15000000000000002,737,782,14379,1,,,0.5,"The network state is taken into account, because we evaluate the quality of the path by comparing the current load on the path.",training,training,4.13.2000,18,17
129557,4.13,mem0_full,mem0,full,order_1,score,succeeded,0.45,1.0,-0.04999999999999999,0.04999999999999999,736,774,16465,1,,,0.5,"But it is defined, what the best route is: the one with less utilization. So C-F and E-I will be compared and the one with less utilization, the packet will be send on.",training,training,4.13.213,19,18
129559,4.13,mem0_full,mem0,full,order_1,score,succeeded,0.6,1.0,0.09999999999999998,0.09999999999999998,746,779,15365,1,,,0.5,"Why would this be repeated? If another path has less utilization, the path will be used and the packet will be transmitted to G.",training,training,4.13.2101,20,19
129561,4.13,mem0_full,mem0,full,order_1,score,succeeded,0.5,1.0,-0.5,0.5,743,779,20768,1,,,1.0,Correct,training,training,4.13.452,21,20
129563,4.13,mem0_full,mem0,full,order_1,score,succeeded,0.6,1.0,-0.15000000000000002,0.15000000000000002,724,755,17161,1,,,0.75,But why is oscillating a problem?,training,training,4.13.1513,22,21
129565,4.13,mem0_full,mem0,full,order_1,score,succeeded,0.7,1.0,-0.30000000000000004,0.30000000000000004,749,793,18008,1,,,1.0,Correct,training,training,4.13.259,23,22
129567,4.13,mem0_full,mem0,full,order_1,score,succeeded,0.6,1.0,-0.15000000000000002,0.15000000000000002,782,817,18906,1,,,0.75,But why is oscillation a problem?,training,training,4.13.1394,24,23
129569,4.13,mem0_full,mem0,full,order_1,score,succeeded,0.7,1.0,-0.30000000000000004,0.30000000000000004,751,787,19328,1,,,1.0,Correct,training,training,4.13.1789,25,24
129571,4.13,mem0_full,mem0,full,order_1,score,succeeded,0.25,1.0,-0.25,0.25,734,773,14722,1,,,0.5,Why would they be transferred in circles? For example C-F and E-I will be compared and the link with less utilization will be used.,training,training,4.13.435,26,25
129573,4.13,mem0_full,mem0,full,order_1,score,succeeded,0.7,1.0,-0.050000000000000044,0.050000000000000044,737,772,22065,1,,,0.75,But why is oscillating a problem?,training,training,4.13.1585,27,26
129575,4.13,mem0_full,mem0,full,order_1,score,succeeded,0.6,1.0,-0.4,0.4,749,787,16405,1,,,1.0,Correct,training,training,4.13.1413,28,27
129577,4.13,mem0_full,mem0,full,order_1,score,succeeded,0.2,1.0,-0.3,0.3,705,739,25148,1,,,0.5,"It is no problem, that traffic volume changes over time. And in the scenario, there is no change of topology changes mentioned.",training,training,4.13.289,29,28
129579,4.13,mem0_full,mem0,full,order_1,score,succeeded,0.5,1.0,-0.5,0.5,753,797,13953,1,,,1.0,Correct,training,training,4.13.1060,30,29
129581,4.13,mem0_full,mem0,full,order_1,score,succeeded,0.7,1.0,-0.050000000000000044,0.050000000000000044,732,766,15215,1,,,0.75,But why is oscillating a problem?,training,training,4.13.1493,31,30
129583,4.13,mem0_full,mem0,full,order_1,score,succeeded,0.7,1.0,-0.050000000000000044,0.050000000000000044,782,815,15633,1,,,0.75,Why would this impact applications?,training,training,4.13.742,32,31
129585,4.13,mem0_full,mem0,full,order_1,score,succeeded,0.2,1.0,-0.3,0.3,723,758,19342,1,,,0.5,Why would both nodes think that the other node's route is a better choice? Every link from A to G is compared by current load and the one with less utilization will be used.,training,training,4.13.108,33,32
129587,4.13,mem0_full,mem0,full,order_1,score,succeeded,0.3,1.0,-0.2,0.2,766,812,19891,1,,,0.5,"But as soon as another path has less load, senders will send over the less utilized path.",training,training,4.13.162,34,33
129589,4.13,mem0_full,mem0,full,order_1,score,succeeded,0.3,1.0,-0.2,0.2,758,794,17359,1,,,0.5,But this is a problem of the topology or traffic volume on the network and not of the routing strategy itself.,training,training,4.13.1043,35,34
129591,4.13,mem0_full,mem0,full,order_1,score,succeeded,0.3,1.0,-0.2,0.2,716,762,14014,1,,,0.5,"But the packets will always take the path with the smallest utilization. If the path is too much used, packets will go another way.",training,training,4.13.2114,36,35
129593,4.13,mem0_full,mem0,full,order_1,score,succeeded,0.15,1.0,-0.85,0.85,756,800,22743,1,,,1.0,Correct,training,training,4.13.1661,37,36
129595,4.13,mem0_full,mem0,full,order_1,score,succeeded,0.1,1.0,-0.4,0.4,715,756,34628,1,,,0.5,Why would it cost too much?,training,training,4.13.882,38,37
129597,4.13,mem0_full,mem0,full,order_1,score,succeeded,0.5,1.0,-0.25,0.25,722,753,14299,1,,,0.75,But why is oscillating a problem?,training,training,4.13.599,39,38
129599,4.13,mem0_full,mem0,full,order_1,score,succeeded,0.5,1.0,0.0,0.0,726,762,13401,1,,,0.5,"To evaluate the path, the current load is used: changes in the utilization are considered and A will not use paths which are overused at the moment.",training,training,4.13.1561,40,39
130001,4.13,mem0_full,mem0,full,order_2,score,succeeded,0.7,1.0,-0.30000000000000004,0.30000000000000004,252,288,12957,1,,,1.0,Correct,training,training,4.13.1413,1,0
130003,4.13,mem0_full,mem0,full,order_2,score,succeeded,0.6,1.0,0.35,0.35,468,505,11939,2,,,0.25,"Is that a problem? And if yes, why?",training,training,4.13.1006,2,1
130005,4.13,mem0_full,mem0,full,order_2,score,succeeded,0.7,1.0,-0.050000000000000044,0.050000000000000044,494,531,10164,1,,,0.75,But why is oscillating a problem?,training,training,4.13.1493,3,2
130007,4.13,mem0_full,mem0,full,order_2,score,succeeded,0.25,1.0,-0.75,0.75,517,558,21282,1,,,1.0,Correct,training,training,4.13.908,4,3
130009,4.13,mem0_full,mem0,full,order_2,score,succeeded,0.7,1.0,-0.050000000000000044,0.050000000000000044,499,536,12056,1,,,0.75,But why is oscillating a problem?,training,training,4.13.1585,5,4
130011,4.13,mem0_full,mem0,full,order_2,score,succeeded,0.55,1.0,0.050000000000000044,0.050000000000000044,491,529,11010,1,,,0.5,"To evaluate the path, the current load is used: changes in the utilization are considered and A will not use paths which are overused at the moment.",training,training,4.13.1561,6,5
130013,4.13,mem0_full,mem0,full,order_2,score,succeeded,0.7,1.0,-0.050000000000000044,0.050000000000000044,542,587,13204,1,,,0.75,But why is this oscillating a problem?,training,training,4.13.806,7,6
130015,4.13,mem0_full,mem0,full,order_2,score,succeeded,0.2,1.0,-0.8,0.8,515,555,11170,1,,,1.0,Correct,training,training,4.13.1661,8,7
130017,4.13,mem0_full,mem0,full,order_2,score,succeeded,0.7,1.0,-0.050000000000000044,0.050000000000000044,481,517,10507,1,,,0.75,But why is oscillating a problem?,training,training,4.13.599,9,8
130019,4.13,mem0_full,mem0,full,order_2,score,succeeded,0.85,1.0,0.09999999999999998,0.09999999999999998,544,586,10793,1,,,0.75,Why would this impact applications?,training,training,4.13.742,10,9
130021,4.13,mem0_full,mem0,full,order_2,score,succeeded,0.1,1.0,-0.4,0.4,480,520,10154,1,,,0.5,Why would it cost too much?,training,training,4.13.882,11,10
130023,4.13,mem0_full,mem0,full,order_2,score,succeeded,0.4,1.0,-0.09999999999999998,0.09999999999999998,528,567,11123,1,,,0.5,"But as soon as another path has less load, senders will send over the less utilized path.",training,training,4.13.162,12,11
130025,4.13,mem0_full,mem0,full,order_2,score,succeeded,0.35,1.0,-0.15000000000000002,0.15000000000000002,499,541,12338,1,,,0.5,"The network state is taken into account, because we evaluate the quality of the path by comparing the current load on the path.",training,training,4.13.2000,13,12
130027,4.13,mem0_full,mem0,full,order_2,score,succeeded,0.2,1.0,-0.8,0.8,478,515,10076,1,,,1.0,Correct,training,training,4.13.886,14,13
130029,4.13,mem0_full,mem0,full,order_2,score,succeeded,0.3,1.0,-0.2,0.2,496,536,13173,1,,,0.5,Why would they be transferred in circles? For example C-F and E-I will be compared and the link with less utilization will be used.,training,training,4.13.435,15,14
130031,4.13,mem0_full,mem0,full,order_2,score,succeeded,0.75,1.0,0.25,0.25,508,543,12215,1,,,0.5,"Why would this be repeated? If another path has less utilization, the path will be used and the packet will be transmitted to G.",training,training,4.13.2101,16,15
130033,4.13,mem0_full,mem0,full,order_2,score,succeeded,0.7,1.0,-0.050000000000000044,0.050000000000000044,464,495,13206,1,,,0.75,But why is this a problem?,training,training,4.13.804,17,16
130035,4.13,mem0_full,mem0,full,order_2,score,succeeded,0.6,1.0,-0.15000000000000002,0.15000000000000002,486,519,12236,1,,,0.75,But why is oscillating a problem?,training,training,4.13.1513,18,17
130037,4.13,mem0_full,mem0,full,order_2,score,succeeded,0.75,1.0,-0.25,0.25,616,667,13617,1,,,1.0,Correct,training,training,4.13.1822,19,18
130039,4.13,mem0_full,mem0,full,order_2,score,succeeded,0.3,1.0,-0.7,0.7,474,513,14694,1,,,1.0,Correct,training,training,4.13.1976,20,19
130041,4.13,mem0_full,mem0,full,order_2,score,succeeded,0.75,1.0,-0.25,0.25,513,549,12859,1,,,1.0,Correct,training,training,4.13.1789,21,20
130043,4.13,mem0_full,mem0,full,order_2,score,succeeded,0.9,1.0,0.15000000000000002,0.15000000000000002,564,604,12146,1,,,0.75,But why is oscillating a problem?,training,training,4.13.1311,22,21
130045,4.13,mem0_full,mem0,full,order_2,score,succeeded,0.2,1.0,-0.3,0.3,478,515,11308,1,,,0.5,"But the packets will always take the path with the smallest utilization. If the path is too much used, packets will go another way.",training,training,4.13.2114,23,22
130047,4.13,mem0_full,mem0,full,order_2,score,succeeded,0.2,1.0,-0.3,0.3,524,578,15289,1,,,0.5,"The links C-F and E-I are highly used, you're right. But if a packet wants to go from ABCDE to FGHIJ, C-F and E-I will be compared and the packet will go on the link, with less utilization of those two and not on the links that are at least used overall.",training,training,4.13.545,24,23
130049,4.13,mem0_full,mem0,full,order_2,score,succeeded,0.6,1.0,-0.4,0.4,508,545,12135,1,,,1.0,Correct,training,training,4.13.452,25,24
130051,4.13,mem0_full,mem0,full,order_2,score,succeeded,0.2,1.0,-0.3,0.3,485,519,12536,1,,,0.5,Why would both nodes think that the other node's route is a better choice? Every link from A to G is compared by current load and the one with less utilization will be used.,training,training,4.13.108,26,25
130053,4.13,mem0_full,mem0,full,order_2,score,succeeded,0.2,1.0,-0.3,0.3,467,501,16268,1,,,0.5,"It is no problem, that traffic volume changes over time. And in the scenario, there is no change of topology changes mentioned.",training,training,4.13.289,27,26
130055,4.13,mem0_full,mem0,full,order_2,score,succeeded,0.75,1.0,0.0,0.0,506,544,12066,1,,,0.75,But why is alternating a problem?,training,training,4.13.441,28,27
130057,4.13,mem0_full,mem0,full,order_2,score,succeeded,0.25,1.0,-0.75,0.75,500,537,12580,1,,,1.0,Correct,training,training,4.13.1329,29,28
130059,4.13,mem0_full,mem0,full,order_2,score,succeeded,0.6,1.0,-0.15000000000000002,0.15000000000000002,499,536,13060,1,,,0.75,But why is oscillating a problem?,training,training,4.13.623,30,29
130061,4.13,mem0_full,mem0,full,order_2,score,succeeded,0.7,1.0,-0.050000000000000044,0.050000000000000044,496,540,16607,1,,,0.75,But why may the receiver not receive data?,training,training,4.13.720,31,30
130063,4.13,mem0_full,mem0,full,order_2,score,succeeded,0.2,1.0,-0.3,0.3,520,561,16355,1,,,0.5,But this is a problem of the topology or traffic volume on the network and not of the routing strategy itself.,training,training,4.13.1043,32,31
130065,4.13,mem0_full,mem0,full,order_2,score,succeeded,0.7,1.0,-0.30000000000000004,0.30000000000000004,511,545,13871,1,,,1.0,Correct,training,training,4.13.259,33,32
130067,4.13,mem0_full,mem0,full,order_2,score,succeeded,0.6,1.0,-0.4,0.4,518,550,12502,1,,,1.0,Correct,training,training,4.13.1060,34,33
130069,4.13,mem0_full,mem0,full,order_2,score,succeeded,0.5,1.0,-0.25,0.25,478,507,12433,1,,,0.75,But why is oscillating a problem?,training,training,4.13.911,35,34
130071,4.13,mem0_full,mem0,full,order_2,score,succeeded,0.2,1.0,-0.3,0.3,497,535,14814,1,,,0.5,Count-to-infinity mostly appears when the topology changes. There is nothing about this in the text.,training,training,4.13.1283,36,35
130073,4.13,mem0_full,mem0,full,order_2,score,succeeded,0.6,1.0,0.09999999999999998,0.09999999999999998,514,560,15744,1,,,0.5,"If C-F and E-I have both high utilization, the packet will be sent on the path, that is less utilized than the other one, even if both utilizations are high. It will not be passed between C and E",training,training,4.13.254,37,36
130075,4.13,mem0_full,mem0,full,order_2,score,succeeded,0.75,1.0,0.0,0.0,544,587,12433,1,,,0.75,But why is oscillation a problem?,training,training,4.13.1394,38,37
130077,4.13,mem0_full,mem0,full,order_2,score,succeeded,0.35,1.0,-0.15000000000000002,0.15000000000000002,498,543,12945,1,,,0.5,"But it is defined, what the best route is: the one with less utilization. So C-F and E-I will be compared and the one with less utilization, the packet will be send on.",training,training,4.13.213,39,38
130079,4.13,mem0_full,mem0,full,order_2,score,succeeded,0.9,1.0,0.15000000000000002,0.15000000000000002,531,573,11432,1,,,0.75,But why is alternating a problem?,training,training,4.13.1155,40,39
130481,4.13,mem0_full,mem0,full,order_3,score,succeeded,0.5,1.0,-0.25,0.25,282,315,12831,1,,,0.75,Why would this impact applications?,training,training,4.13.742,1,0
130483,4.13,mem0_full,mem0,full,order_3,score,succeeded,0.2,1.0,-0.3,0.3,486,522,13843,1,,,0.5,"But the packets will always take the path with the smallest utilization. If the path is too much used, packets will go another way.",training,training,4.13.2114,2,1
130485,4.13,mem0_full,mem0,full,order_3,score,succeeded,0.2,1.0,-0.8,0.8,511,552,12957,1,,,1.0,Correct,training,training,4.13.1329,3,2
130487,4.13,mem0_full,mem0,full,order_3,score,succeeded,0.3,1.0,-0.7,0.7,482,519,13215,1,,,1.0,Correct,training,training,4.13.1976,4,3
130489,4.13,mem0_full,mem0,full,order_3,score,succeeded,0.2,1.0,-0.3,0.3,503,544,11254,1,,,0.5,"But it is defined, what the best route is: the one with less utilization. So C-F and E-I will be compared and the one with less utilization, the packet will be send on.",training,training,4.13.213,5,4
130491,4.13,mem0_full,mem0,full,order_3,score,succeeded,0.2,1.0,-0.3,0.3,505,540,16678,1,,,0.5,Count-to-infinity mostly appears when the topology changes. There is nothing about this in the text.,training,training,4.13.1283,6,5
130493,4.13,mem0_full,mem0,full,order_3,score,succeeded,0.7,1.0,-0.30000000000000004,0.30000000000000004,516,555,12526,1,,,1.0,Correct,training,training,4.13.452,7,6
130495,4.13,mem0_full,mem0,full,order_3,score,succeeded,0.75,1.0,-0.25,0.25,624,676,14813,1,,,1.0,Correct,training,training,4.13.1822,8,7
130497,4.13,mem0_full,mem0,full,order_3,score,succeeded,0.25,1.0,-0.75,0.75,486,518,13303,1,,,1.0,Correct,training,training,4.13.886,9,8
130499,4.13,mem0_full,mem0,full,order_3,score,succeeded,0.75,1.0,0.0,0.0,547,581,12978,1,,,0.75,But why is this oscillating a problem?,training,training,4.13.806,10,9
130501,4.13,mem0_full,mem0,full,order_3,score,succeeded,0.7,1.0,-0.050000000000000044,0.050000000000000044,514,549,12708,1,,,0.75,But why is alternating a problem?,training,training,4.13.441,11,10
130503,4.13,mem0_full,mem0,full,order_3,score,succeeded,0.2,1.0,-0.3,0.3,528,567,11176,1,,,0.5,But this is a problem of the topology or traffic volume on the network and not of the routing strategy itself.,training,training,4.13.1043,12,11
130505,4.13,mem0_full,mem0,full,order_3,score,succeeded,0.7,1.0,-0.050000000000000044,0.050000000000000044,507,538,12281,1,,,0.75,But why is oscillating a problem?,training,training,4.13.623,13,12
130507,4.13,mem0_full,mem0,full,order_3,score,succeeded,0.45,1.0,-0.04999999999999999,0.04999999999999999,499,534,15205,1,,,0.5,"To evaluate the path, the current load is used: changes in the utilization are considered and A will not use paths which are overused at the moment.",training,training,4.13.1561,14,13
130509,4.13,mem0_full,mem0,full,order_3,score,succeeded,0.6,1.0,-0.4,0.4,519,555,16007,1,,,1.0,Correct,training,training,4.13.259,15,14
130511,4.13,mem0_full,mem0,full,order_3,score,succeeded,0.2,1.0,-0.3,0.3,532,571,13588,1,,,0.5,"The links C-F and E-I are highly used, you're right. But if a packet wants to go from ABCDE to FGHIJ, C-F and E-I will be compared and the packet will go on the link, with less utilization of those two and not on the links that are at least used overall.",training,training,4.13.545,16,15
130513,4.13,mem0_full,mem0,full,order_3,score,succeeded,0.8,1.0,0.050000000000000044,0.050000000000000044,552,584,12793,1,,,0.75,But why is oscillation a problem?,training,training,4.13.1394,17,16
130515,4.13,mem0_full,mem0,full,order_3,score,succeeded,0.75,1.0,0.0,0.0,502,539,14326,1,,,0.75,But why is oscillating a problem?,training,training,4.13.1493,18,17
130517,4.13,mem0_full,mem0,full,order_3,score,succeeded,0.25,1.0,-0.75,0.75,528,573,14389,1,,,1.0,Correct,training,training,4.13.908,19,18
130519,4.13,mem0_full,mem0,full,order_3,score,succeeded,0.7,1.0,0.19999999999999996,0.19999999999999996,516,550,15295,1,,,0.5,"Why would this be repeated? If another path has less utilization, the path will be used and the packet will be transmitted to G.",training,training,4.13.2101,20,19
130521,4.13,mem0_full,mem0,full,order_3,score,succeeded,0.5,1.0,0.25,0.25,479,510,11754,1,,,0.25,"Is that a problem? And if yes, why?",training,training,4.13.1006,21,20
130523,4.13,mem0_full,mem0,full,order_3,score,succeeded,0.3,1.0,-0.2,0.2,504,541,12819,1,,,0.5,Why would they be transferred in circles? For example C-F and E-I will be compared and the link with less utilization will be used.,training,training,4.13.435,22,21
130525,4.13,mem0_full,mem0,full,order_3,score,succeeded,0.65,1.0,-0.09999999999999998,0.09999999999999998,504,555,12242,1,,,0.75,But why may the receiver not receive data?,training,training,4.13.720,23,22
130527,4.13,mem0_full,mem0,full,order_3,score,succeeded,0.5,1.0,-0.25,0.25,472,501,13373,1,,,0.75,But why is this a problem?,training,training,4.13.804,24,23
130529,4.13,mem0_full,mem0,full,order_3,score,succeeded,0.7,1.0,-0.050000000000000044,0.050000000000000044,494,527,11238,1,,,0.75,But why is oscillating a problem?,training,training,4.13.1513,25,24
130531,4.13,mem0_full,mem0,full,order_3,score,succeeded,0.0,1.0,-0.5,0.5,488,515,11783,1,,,0.5,Why would it cost too much?,training,training,4.13.882,26,25
130533,4.13,mem0_full,mem0,full,order_3,score,succeeded,0.2,1.0,-0.8,0.8,526,567,13254,1,,,1.0,Correct,training,training,4.13.1661,27,26
130535,4.13,mem0_full,mem0,full,order_3,score,succeeded,0.75,1.0,-0.25,0.25,521,556,14036,1,,,1.0,Correct,training,training,4.13.1789,28,27
130537,4.13,mem0_full,mem0,full,order_3,score,succeeded,0.7,1.0,-0.050000000000000044,0.050000000000000044,492,527,11338,1,,,0.75,But why is oscillating a problem?,training,training,4.13.599,29,28
130539,4.13,mem0_full,mem0,full,order_3,score,succeeded,0.5,1.0,0.0,0.0,522,565,14482,1,,,0.5,"If C-F and E-I have both high utilization, the packet will be sent on the path, that is less utilized than the other one, even if both utilizations are high. It will not be passed between C and E",training,training,4.13.254,30,29
130541,4.13,mem0_full,mem0,full,order_3,score,succeeded,0.85,1.0,0.09999999999999998,0.09999999999999998,572,611,10735,1,,,0.75,But why is oscillating a problem?,training,training,4.13.1311,31,30
130543,4.13,mem0_full,mem0,full,order_3,score,succeeded,0.25,1.0,-0.25,0.25,536,580,13005,1,,,0.5,"But as soon as another path has less load, senders will send over the less utilized path.",training,training,4.13.162,32,31
130545,4.13,mem0_full,mem0,full,order_3,score,succeeded,0.75,1.0,0.0,0.0,486,523,11424,1,,,0.75,But why is oscillating a problem?,training,training,4.13.911,33,32
130547,4.13,mem0_full,mem0,full,order_3,score,succeeded,0.25,1.0,-0.25,0.25,475,510,11695,1,,,0.5,"It is no problem, that traffic volume changes over time. And in the scenario, there is no change of topology changes mentioned.",training,training,4.13.289,34,33
130549,4.13,mem0_full,mem0,full,order_3,score,succeeded,0.75,1.0,-0.25,0.25,519,558,13363,1,,,1.0,Correct,training,training,4.13.1413,35,34
130551,4.13,mem0_full,mem0,full,order_3,score,succeeded,0.75,1.0,0.0,0.0,510,545,16485,1,,,0.75,But why is oscillating a problem?,training,training,4.13.1585,36,35
130553,4.13,mem0_full,mem0,full,order_3,score,succeeded,0.2,1.0,-0.3,0.3,493,527,11343,1,,,0.5,Why would both nodes think that the other node's route is a better choice? Every link from A to G is compared by current load and the one with less utilization will be used.,training,training,4.13.108,37,36
130555,4.13,mem0_full,mem0,full,order_3,score,succeeded,0.8,1.0,0.050000000000000044,0.050000000000000044,536,574,11972,1,,,0.75,But why is alternating a problem?,training,training,4.13.1155,38,37
130557,4.13,mem0_full,mem0,full,order_3,score,succeeded,0.6,1.0,-0.4,0.4,526,559,15926,1,,,1.0,Correct,training,training,4.13.1060,39,38
130559,4.13,mem0_full,mem0,full,order_3,score,succeeded,0.4,1.0,-0.09999999999999998,0.09999999999999998,507,547,16861,1,,,0.5,"The network state is taken into account, because we evaluate the quality of the path by comparing the current load on the path.",training,training,4.13.2000,40,39
129761,4.13,mem0_no_feedback,mem0,no_feedback,order_1,score,succeeded,0.7,1.0,-0.050000000000000044,0.050000000000000044,281,315,12473,1,,,0.75,But why is this oscillating a problem?,training,training,4.13.806,1,0
129763,4.13,mem0_no_feedback,mem0,no_feedback,order_1,score,succeeded,0.7,1.0,-0.050000000000000044,0.050000000000000044,492,527,11607,1,,,0.75,But why is oscillating a problem?,training,training,4.13.911,2,1
129765,4.13,mem0_no_feedback,mem0,no_feedback,order_1,score,succeeded,0.2,1.0,-0.3,0.3,508,557,14842,1,,,0.5,Count-to-infinity mostly appears when the topology changes. There is nothing about this in the text.,training,training,4.13.1283,3,2
129767,4.13,mem0_no_feedback,mem0,no_feedback,order_1,score,succeeded,0.5,1.0,-0.25,0.25,510,550,14310,1,,,0.75,But why may the receiver not receive data?,training,training,4.13.720,4,3
129769,4.13,mem0_no_feedback,mem0,no_feedback,order_1,score,succeeded,0.5,1.0,0.25,0.25,485,524,16843,1,,,0.25,"Is that a problem? And if yes, why?",training,training,4.13.1006,5,4
129771,4.13,mem0_no_feedback,mem0,no_feedback,order_1,score,succeeded,0.2,1.0,-0.8,0.8,517,558,16968,1,,,1.0,Correct,training,training,4.13.1329,6,5
129773,4.13,mem0_no_feedback,mem0,no_feedback,order_1,score,succeeded,0.2,1.0,-0.8,0.8,534,582,13702,1,,,1.0,Correct,training,training,4.13.908,7,6
129775,4.13,mem0_no_feedback,mem0,no_feedback,order_1,score,succeeded,0.6,1.0,-0.15000000000000002,0.15000000000000002,520,554,15201,1,,,0.75,But why is alternating a problem?,training,training,4.13.441,8,7
129777,4.13,mem0_no_feedback,mem0,no_feedback,order_1,score,succeeded,0.3,1.0,-0.7,0.7,492,537,13152,1,,,1.0,Correct,training,training,4.13.886,9,8
129779,4.13,mem0_no_feedback,mem0,no_feedback,order_1,score,succeeded,0.8,1.0,0.050000000000000044,0.050000000000000044,545,584,15419,1,,,0.75,But why is alternating a problem?,training,training,4.13.1155,10,9
129781,4.13,mem0_no_feedback,mem0,no_feedback,order_1,score,succeeded,0.75,1.0,-0.25,0.25,630,678,19532,1,,,1.0,Correct,training,training,4.13.1822,11,10
129783,4.13,mem0_no_feedback,mem0,no_feedback,order_1,score,succeeded,0.5,1.0,0.0,0.0,528,569,16849,1,,,0.5,"If C-F and E-I have both high utilization, the packet will be sent on the path, that is less utilized than the other one, even if both utilizations are high. It will not be passed between C and E",training,training,4.13.254,12,11
129785,4.13,mem0_no_feedback,mem0,no_feedback,order_1,score,succeeded,0.1,1.0,-0.4,0.4,538,584,15060,1,,,0.5,"The links C-F and E-I are highly used, you're right. But if a packet wants to go from ABCDE to FGHIJ, C-F and E-I will be compared and the packet will go on the link, with less utilization of those two and not on the links that are at least used overall.",training,training,4.13.545,13,12
129787,4.13,mem0_no_feedback,mem0,no_feedback,order_1,score,succeeded,0.65,1.0,-0.09999999999999998,0.09999999999999998,513,556,12960,1,,,0.75,But why is oscillating a problem?,training,training,4.13.623,14,13
129789,4.13,mem0_no_feedback,mem0,no_feedback,order_1,score,succeeded,0.5,1.0,-0.25,0.25,478,513,12749,1,,,0.75,But why is this a problem?,training,training,4.13.804,15,14
129791,4.13,mem0_no_feedback,mem0,no_feedback,order_1,score,succeeded,0.1,1.0,-0.9,0.9,488,527,11589,1,,,1.0,Correct,training,training,4.13.1976,16,15
129793,4.13,mem0_no_feedback,mem0,no_feedback,order_1,score,succeeded,0.7,1.0,-0.050000000000000044,0.050000000000000044,578,616,13678,1,,,0.75,But why is oscillating a problem?,training,training,4.13.1311,17,16
129795,4.13,mem0_no_feedback,mem0,no_feedback,order_1,score,succeeded,0.2,1.0,-0.3,0.3,513,552,13274,1,,,0.5,"The network state is taken into account, because we evaluate the quality of the path by comparing the current load on the path.",training,training,4.13.2000,18,17
129797,4.13,mem0_no_feedback,mem0,no_feedback,order_1,score,succeeded,0.35,1.0,-0.15000000000000002,0.15000000000000002,512,551,12959,1,,,0.5,"But it is defined, what the best route is: the one with less utilization. So C-F and E-I will be compared and the one with less utilization, the packet will be send on.",training,training,4.13.213,19,18
129799,4.13,mem0_no_feedback,mem0,no_feedback,order_1,score,succeeded,0.6,1.0,0.09999999999999998,0.09999999999999998,522,556,12526,1,,,0.5,"Why would this be repeated? If another path has less utilization, the path will be used and the packet will be transmitted to G.",training,training,4.13.2101,20,19
129801,4.13,mem0_no_feedback,mem0,no_feedback,order_1,score,succeeded,0.5,1.0,-0.5,0.5,519,555,14832,1,,,1.0,Correct,training,training,4.13.452,21,20
129803,4.13,mem0_no_feedback,mem0,no_feedback,order_1,score,succeeded,0.7,1.0,-0.050000000000000044,0.050000000000000044,500,534,13981,1,,,0.75,But why is oscillating a problem?,training,training,4.13.1513,22,21
129805,4.13,mem0_no_feedback,mem0,no_feedback,order_1,score,succeeded,0.75,1.0,-0.25,0.25,525,559,14139,1,,,1.0,Correct,training,training,4.13.259,23,22
129807,4.13,mem0_no_feedback,mem0,no_feedback,order_1,score,succeeded,0.7,1.0,-0.050000000000000044,0.050000000000000044,558,594,12931,1,,,0.75,But why is oscillation a problem?,training,training,4.13.1394,24,23
129809,4.13,mem0_no_feedback,mem0,no_feedback,order_1,score,succeeded,0.7,1.0,-0.30000000000000004,0.30000000000000004,527,562,11731,1,,,1.0,Correct,training,training,4.13.1789,25,24
129811,4.13,mem0_no_feedback,mem0,no_feedback,order_1,score,succeeded,0.2,1.0,-0.3,0.3,510,549,11830,1,,,0.5,Why would they be transferred in circles? For example C-F and E-I will be compared and the link with less utilization will be used.,training,training,4.13.435,26,25
129813,4.13,mem0_no_feedback,mem0,no_feedback,order_1,score,succeeded,0.7,1.0,-0.050000000000000044,0.050000000000000044,516,548,11014,1,,,0.75,But why is oscillating a problem?,training,training,4.13.1585,27,26
129815,4.13,mem0_no_feedback,mem0,no_feedback,order_1,score,succeeded,0.7,1.0,-0.30000000000000004,0.30000000000000004,528,566,14020,1,,,1.0,Correct,training,training,4.13.1413,28,27
129817,4.13,mem0_no_feedback,mem0,no_feedback,order_1,score,succeeded,0.2,1.0,-0.3,0.3,484,514,12387,1,,,0.5,"It is no problem, that traffic volume changes over time. And in the scenario, there is no change of topology changes mentioned.",training,training,4.13.289,29,28
129819,4.13,mem0_no_feedback,mem0,no_feedback,order_1,score,succeeded,0.6,1.0,-0.4,0.4,532,574,13010,1,,,1.0,Correct,training,training,4.13.1060,30,29
129821,4.13,mem0_no_feedback,mem0,no_feedback,order_1,score,succeeded,0.6,1.0,-0.15000000000000002,0.15000000000000002,508,541,13198,1,,,0.75,But why is oscillating a problem?,training,training,4.13.1493,31,30
129823,4.13,mem0_no_feedback,mem0,no_feedback,order_1,score,succeeded,0.75,1.0,0.0,0.0,558,591,13704,1,,,0.75,Why would this impact applications?,training,training,4.13.742,32,31
129825,4.13,mem0_no_feedback,mem0,no_feedback,order_1,score,succeeded,0.2,1.0,-0.3,0.3,499,542,11362,1,,,0.5,Why would both nodes think that the other node's route is a better choice? Every link from A to G is compared by current load and the one with less utilization will be used.,training,training,4.13.108,33,32
129827,4.13,mem0_no_feedback,mem0,no_feedback,order_1,score,succeeded,0.35,1.0,-0.15000000000000002,0.15000000000000002,542,586,12177,1,,,0.5,"But as soon as another path has less load, senders will send over the less utilized path.",training,training,4.13.162,34,33
129829,4.13,mem0_no_feedback,mem0,no_feedback,order_1,score,succeeded,0.3,1.0,-0.2,0.2,534,574,11928,1,,,0.5,But this is a problem of the topology or traffic volume on the network and not of the routing strategy itself.,training,training,4.13.1043,35,34
129831,4.13,mem0_no_feedback,mem0,no_feedback,order_1,score,succeeded,0.2,1.0,-0.3,0.3,492,538,21424,2,,,0.5,"But the packets will always take the path with the smallest utilization. If the path is too much used, packets will go another way.",training,training,4.13.2114,36,35
129833,4.13,mem0_no_feedback,mem0,no_feedback,order_1,score,succeeded,0.2,1.0,-0.8,0.8,532,572,35500,1,,,1.0,Correct,training,training,4.13.1661,37,36
129835,4.13,mem0_no_feedback,mem0,no_feedback,order_1,score,succeeded,0.0,1.0,-0.5,0.5,494,526,21832,1,,,0.5,Why would it cost too much?,training,training,4.13.882,38,37
129837,4.13,mem0_no_feedback,mem0,no_feedback,order_1,score,succeeded,0.8,1.0,0.050000000000000044,0.050000000000000044,498,533,20764,1,,,0.75,But why is oscillating a problem?,training,training,4.13.599,39,38
129839,4.13,mem0_no_feedback,mem0,no_feedback,order_1,score,succeeded,0.35,1.0,-0.15000000000000002,0.15000000000000002,505,546,13086,1,,,0.5,"To evaluate the path, the current load is used: changes in the utilization are considered and A will not use paths which are overused at the moment.",training,training,4.13.1561,40,39
130241,4.13,mem0_no_feedback,mem0,no_feedback,order_2,score,succeeded,0.8,1.0,-0.19999999999999996,0.19999999999999996,253,288,15309,1,,,1.0,Correct,training,training,4.13.1413,1,0
130243,4.13,mem0_no_feedback,mem0,no_feedback,order_2,score,succeeded,0.5,1.0,0.25,0.25,469,504,14604,1,,,0.25,"Is that a problem? And if yes, why?",training,training,4.13.1006,2,1
130245,4.13,mem0_no_feedback,mem0,no_feedback,order_2,score,succeeded,0.65,1.0,-0.09999999999999998,0.09999999999999998,492,529,15211,1,,,0.75,But why is oscillating a problem?,training,training,4.13.1493,3,2
130247,4.13,mem0_no_feedback,mem0,no_feedback,order_2,score,succeeded,0.2,1.0,-0.8,0.8,518,561,13283,1,,,1.0,Correct,training,training,4.13.908,4,3
130249,4.13,mem0_no_feedback,mem0,no_feedback,order_2,score,succeeded,0.8,1.0,0.050000000000000044,0.050000000000000044,500,537,10305,1,,,0.75,But why is oscillating a problem?,training,training,4.13.1585,5,4
130251,4.13,mem0_no_feedback,mem0,no_feedback,order_2,score,succeeded,0.5,1.0,0.0,0.0,489,528,14624,1,,,0.5,"To evaluate the path, the current load is used: changes in the utilization are considered and A will not use paths which are overused at the moment.",training,training,4.13.1561,6,5
130253,4.13,mem0_no_feedback,mem0,no_feedback,order_2,score,succeeded,0.75,1.0,0.0,0.0,540,575,12323,1,,,0.75,But why is this oscillating a problem?,training,training,4.13.806,7,6
130255,4.13,mem0_no_feedback,mem0,no_feedback,order_2,score,succeeded,0.2,1.0,-0.8,0.8,516,560,13024,1,,,1.0,Correct,training,training,4.13.1661,8,7
130257,4.13,mem0_no_feedback,mem0,no_feedback,order_2,score,succeeded,0.75,1.0,0.0,0.0,482,519,14839,1,,,0.75,But why is oscillating a problem?,training,training,4.13.599,9,8
130259,4.13,mem0_no_feedback,mem0,no_feedback,order_2,score,succeeded,0.75,1.0,0.0,0.0,542,575,15179,1,,,0.75,Why would this impact applications?,training,training,4.13.742,10,9
130261,4.13,mem0_no_feedback,mem0,no_feedback,order_2,score,succeeded,0.0,1.0,-0.5,0.5,478,511,12359,1,,,0.5,Why would it cost too much?,training,training,4.13.882,11,10
130263,4.13,mem0_no_feedback,mem0,no_feedback,order_2,score,succeeded,0.35,1.0,-0.15000000000000002,0.15000000000000002,526,568,13764,1,,,0.5,"But as soon as another path has less load, senders will send over the less utilized path.",training,training,4.13.162,12,11
130265,4.13,mem0_no_feedback,mem0,no_feedback,order_2,score,succeeded,0.35,1.0,-0.15000000000000002,0.15000000000000002,497,540,12316,1,,,0.5,"The network state is taken into account, because we evaluate the quality of the path by comparing the current load on the path.",training,training,4.13.2000,13,12
130267,4.13,mem0_no_feedback,mem0,no_feedback,order_2,score,succeeded,0.3,1.0,-0.7,0.7,476,510,13242,1,,,1.0,Correct,training,training,4.13.886,14,13
130269,4.13,mem0_no_feedback,mem0,no_feedback,order_2,score,succeeded,0.4,1.0,-0.09999999999999998,0.09999999999999998,491,531,14216,1,,,0.5,Why would they be transferred in circles? For example C-F and E-I will be compared and the link with less utilization will be used.,training,training,4.13.435,15,14
130271,4.13,mem0_no_feedback,mem0,no_feedback,order_2,score,succeeded,0.65,1.0,0.15000000000000002,0.15000000000000002,503,537,18400,1,,,0.5,"Why would this be repeated? If another path has less utilization, the path will be used and the packet will be transmitted to G.",training,training,4.13.2101,16,15
130273,4.13,mem0_no_feedback,mem0,no_feedback,order_2,score,succeeded,0.5,1.0,-0.25,0.25,462,491,10982,1,,,0.75,But why is this a problem?,training,training,4.13.804,17,16
130275,4.13,mem0_no_feedback,mem0,no_feedback,order_2,score,succeeded,0.6,1.0,-0.15000000000000002,0.15000000000000002,484,518,15713,1,,,0.75,But why is oscillating a problem?,training,training,4.13.1513,18,17
130277,4.13,mem0_no_feedback,mem0,no_feedback,order_2,score,succeeded,0.7,1.0,-0.30000000000000004,0.30000000000000004,614,659,12643,1,,,1.0,Correct,training,training,4.13.1822,19,18
130279,4.13,mem0_no_feedback,mem0,no_feedback,order_2,score,succeeded,0.2,1.0,-0.8,0.8,472,521,9960,1,,,1.0,Correct,training,training,4.13.1976,20,19
130281,4.13,mem0_no_feedback,mem0,no_feedback,order_2,score,succeeded,0.65,1.0,-0.35,0.35,511,549,13113,1,,,1.0,Correct,training,training,4.13.1789,21,20
130283,4.13,mem0_no_feedback,mem0,no_feedback,order_2,score,succeeded,0.8,1.0,0.050000000000000044,0.050000000000000044,562,599,10551,1,,,0.75,But why is oscillating a problem?,training,training,4.13.1311,22,21
130285,4.13,mem0_no_feedback,mem0,no_feedback,order_2,score,succeeded,0.2,1.0,-0.3,0.3,476,514,11716,1,,,0.5,"But the packets will always take the path with the smallest utilization. If the path is too much used, packets will go another way.",training,training,4.13.2114,23,22
130287,4.13,mem0_no_feedback,mem0,no_feedback,order_2,score,succeeded,0.3,1.0,-0.2,0.2,522,567,13003,1,,,0.5,"The links C-F and E-I are highly used, you're right. But if a packet wants to go from ABCDE to FGHIJ, C-F and E-I will be compared and the packet will go on the link, with less utilization of those two and not on the links that are at least used overall.",training,training,4.13.545,24,23
130289,4.13,mem0_no_feedback,mem0,no_feedback,order_2,score,succeeded,0.6,1.0,-0.4,0.4,506,543,11663,1,,,1.0,Correct,training,training,4.13.452,25,24
130291,4.13,mem0_no_feedback,mem0,no_feedback,order_2,score,succeeded,0.25,1.0,-0.25,0.25,483,517,12432,1,,,0.5,Why would both nodes think that the other node's route is a better choice? Every link from A to G is compared by current load and the one with less utilization will be used.,training,training,4.13.108,26,25
130293,4.13,mem0_no_feedback,mem0,no_feedback,order_2,score,succeeded,0.25,1.0,-0.25,0.25,468,505,12026,1,,,0.5,"It is no problem, that traffic volume changes over time. And in the scenario, there is no change of topology changes mentioned.",training,training,4.13.289,27,26
130295,4.13,mem0_no_feedback,mem0,no_feedback,order_2,score,succeeded,0.7,1.0,-0.050000000000000044,0.050000000000000044,504,542,13517,1,,,0.75,But why is alternating a problem?,training,training,4.13.441,28,27
130297,4.13,mem0_no_feedback,mem0,no_feedback,order_2,score,succeeded,0.25,1.0,-0.75,0.75,501,539,12213,1,,,1.0,Correct,training,training,4.13.1329,29,28
130299,4.13,mem0_no_feedback,mem0,no_feedback,order_2,score,succeeded,0.7,1.0,-0.050000000000000044,0.050000000000000044,497,528,12090,1,,,0.75,But why is oscillating a problem?,training,training,4.13.623,30,29
130301,4.13,mem0_no_feedback,mem0,no_feedback,order_2,score,succeeded,0.6,1.0,-0.15000000000000002,0.15000000000000002,494,536,10809,1,,,0.75,But why may the receiver not receive data?,training,training,4.13.720,31,30
130303,4.13,mem0_no_feedback,mem0,no_feedback,order_2,score,succeeded,0.35,1.0,-0.15000000000000002,0.15000000000000002,518,563,13335,1,,,0.5,But this is a problem of the topology or traffic volume on the network and not of the routing strategy itself.,training,training,4.13.1043,32,31
130305,4.13,mem0_no_feedback,mem0,no_feedback,order_2,score,succeeded,0.65,1.0,-0.35,0.35,509,544,14295,1,,,1.0,Correct,training,training,4.13.259,33,32
130307,4.13,mem0_no_feedback,mem0,no_feedback,order_2,score,succeeded,0.65,1.0,-0.35,0.35,516,550,10613,1,,,1.0,Correct,training,training,4.13.1060,34,33
130309,4.13,mem0_no_feedback,mem0,no_feedback,order_2,score,succeeded,0.7,1.0,-0.050000000000000044,0.050000000000000044,473,502,11181,1,,,0.75,But why is oscillating a problem?,training,training,4.13.911,35,34
130311,4.13,mem0_no_feedback,mem0,no_feedback,order_2,score,succeeded,0.3,1.0,-0.2,0.2,492,542,11838,1,,,0.5,Count-to-infinity mostly appears when the topology changes. There is nothing about this in the text.,training,training,4.13.1283,36,35
130313,4.13,mem0_no_feedback,mem0,no_feedback,order_2,score,succeeded,0.55,1.0,0.050000000000000044,0.050000000000000044,512,558,21061,1,,,0.5,"If C-F and E-I have both high utilization, the packet will be sent on the path, that is less utilized than the other one, even if both utilizations are high. It will not be passed between C and E",training,training,4.13.254,37,36
130315,4.13,mem0_no_feedback,mem0,no_feedback,order_2,score,succeeded,0.7,1.0,-0.050000000000000044,0.050000000000000044,542,579,13166,1,,,0.75,But why is oscillation a problem?,training,training,4.13.1394,38,37
130317,4.13,mem0_no_feedback,mem0,no_feedback,order_2,score,succeeded,0.35,1.0,-0.15000000000000002,0.15000000000000002,496,543,12342,1,,,0.5,"But it is defined, what the best route is: the one with less utilization. So C-F and E-I will be compared and the one with less utilization, the packet will be send on.",training,training,4.13.213,39,38
130319,4.13,mem0_no_feedback,mem0,no_feedback,order_2,score,succeeded,0.8,1.0,0.050000000000000044,0.050000000000000044,529,565,12422,1,,,0.75,But why is alternating a problem?,training,training,4.13.1155,40,39
130721,4.13,mem0_no_feedback,mem0,no_feedback,order_3,score,succeeded,0.7,1.0,-0.050000000000000044,0.050000000000000044,283,317,13884,1,,,0.75,Why would this impact applications?,training,training,4.13.742,1,0
130723,4.13,mem0_no_feedback,mem0,no_feedback,order_3,score,succeeded,0.2,1.0,-0.3,0.3,485,537,12882,1,,,0.5,"But the packets will always take the path with the smallest utilization. If the path is too much used, packets will go another way.",training,training,4.13.2114,2,1
130725,4.13,mem0_no_feedback,mem0,no_feedback,order_3,score,succeeded,0.1,1.0,-0.9,0.9,507,546,11806,1,,,1.0,Correct,training,training,4.13.1329,3,2
130727,4.13,mem0_no_feedback,mem0,no_feedback,order_3,score,succeeded,0.2,1.0,-0.8,0.8,481,515,12912,1,,,1.0,Correct,training,training,4.13.1976,4,3
130729,4.13,mem0_no_feedback,mem0,no_feedback,order_3,score,succeeded,0.3,1.0,-0.2,0.2,505,546,11108,1,,,0.5,"But it is defined, what the best route is: the one with less utilization. So C-F and E-I will be compared and the one with less utilization, the packet will be send on.",training,training,4.13.213,5,4
130731,4.13,mem0_no_feedback,mem0,no_feedback,order_3,score,succeeded,0.2,1.0,-0.3,0.3,501,552,13096,1,,,0.5,Count-to-infinity mostly appears when the topology changes. There is nothing about this in the text.,training,training,4.13.1283,6,5
130733,4.13,mem0_no_feedback,mem0,no_feedback,order_3,score,succeeded,0.55,1.0,-0.44999999999999996,0.44999999999999996,515,551,12645,1,,,1.0,Correct,training,training,4.13.452,7,6
130735,4.13,mem0_no_feedback,mem0,no_feedback,order_3,score,succeeded,0.8,1.0,-0.19999999999999996,0.19999999999999996,623,658,26672,1,,,1.0,Correct,training,training,4.13.1822,8,7
130737,4.13,mem0_no_feedback,mem0,no_feedback,order_3,score,succeeded,0.35,1.0,-0.65,0.65,482,516,11953,1,,,1.0,Correct,training,training,4.13.886,9,8
130739,4.13,mem0_no_feedback,mem0,no_feedback,order_3,score,succeeded,0.65,1.0,-0.09999999999999998,0.09999999999999998,549,595,11662,1,,,0.75,But why is this oscillating a problem?,training,training,4.13.806,10,9
130741,4.13,mem0_no_feedback,mem0,no_feedback,order_3,score,succeeded,0.7,1.0,-0.050000000000000044,0.050000000000000044,513,547,12706,1,,,0.75,But why is alternating a problem?,training,training,4.13.441,11,10
130743,4.13,mem0_no_feedback,mem0,no_feedback,order_3,score,succeeded,0.3,1.0,-0.2,0.2,524,563,11925,1,,,0.5,But this is a problem of the topology or traffic volume on the network and not of the routing strategy itself.,training,training,4.13.1043,12,11
130745,4.13,mem0_no_feedback,mem0,no_feedback,order_3,score,succeeded,0.7,1.0,-0.050000000000000044,0.050000000000000044,503,540,11140,1,,,0.75,But why is oscillating a problem?,training,training,4.13.623,13,12
130747,4.13,mem0_no_feedback,mem0,no_feedback,order_3,score,succeeded,0.5,1.0,0.0,0.0,495,529,10798,1,,,0.5,"To evaluate the path, the current load is used: changes in the utilization are considered and A will not use paths which are overused at the moment.",training,training,4.13.1561,14,13
130749,4.13,mem0_no_feedback,mem0,no_feedback,order_3,score,succeeded,0.7,1.0,-0.30000000000000004,0.30000000000000004,518,557,12563,1,,,1.0,Correct,training,training,4.13.259,15,14
130751,4.13,mem0_no_feedback,mem0,no_feedback,order_3,score,succeeded,0.2,1.0,-0.3,0.3,531,577,12343,1,,,0.5,"The links C-F and E-I are highly used, you're right. But if a packet wants to go from ABCDE to FGHIJ, C-F and E-I will be compared and the packet will go on the link, with less utilization of those two and not on the links that are at least used overall.",training,training,4.13.545,16,15
130753,4.13,mem0_no_feedback,mem0,no_feedback,order_3,score,succeeded,0.75,1.0,0.0,0.0,551,588,12623,1,,,0.75,But why is oscillation a problem?,training,training,4.13.1394,17,16
130755,4.13,mem0_no_feedback,mem0,no_feedback,order_3,score,succeeded,0.7,1.0,-0.050000000000000044,0.050000000000000044,501,539,12167,1,,,0.75,But why is oscillating a problem?,training,training,4.13.1493,18,17
130757,4.13,mem0_no_feedback,mem0,no_feedback,order_3,score,succeeded,0.2,1.0,-0.8,0.8,527,573,13082,1,,,1.0,Correct,training,training,4.13.908,19,18
130759,4.13,mem0_no_feedback,mem0,no_feedback,order_3,score,succeeded,0.7,1.0,0.19999999999999996,0.19999999999999996,515,555,11247,1,,,0.5,"Why would this be repeated? If another path has less utilization, the path will be used and the packet will be transmitted to G.",training,training,4.13.2101,20,19
130761,4.13,mem0_no_feedback,mem0,no_feedback,order_3,score,succeeded,0.5,1.0,0.25,0.25,478,519,11089,1,,,0.25,"Is that a problem? And if yes, why?",training,training,4.13.1006,21,20
130763,4.13,mem0_no_feedback,mem0,no_feedback,order_3,score,succeeded,0.3,1.0,-0.2,0.2,503,543,12902,1,,,0.5,Why would they be transferred in circles? For example C-F and E-I will be compared and the link with less utilization will be used.,training,training,4.13.435,22,21
130765,4.13,mem0_no_feedback,mem0,no_feedback,order_3,score,succeeded,0.4,1.0,-0.35,0.35,503,541,12176,1,,,0.75,But why may the receiver not receive data?,training,training,4.13.720,23,22
130767,4.13,mem0_no_feedback,mem0,no_feedback,order_3,score,succeeded,0.6,1.0,-0.15000000000000002,0.15000000000000002,471,506,11472,1,,,0.75,But why is this a problem?,training,training,4.13.804,24,23
130769,4.13,mem0_no_feedback,mem0,no_feedback,order_3,score,succeeded,0.7,1.0,-0.050000000000000044,0.050000000000000044,493,529,10962,1,,,0.75,But why is oscillating a problem?,training,training,4.13.1513,25,24
130771,4.13,mem0_no_feedback,mem0,no_feedback,order_3,score,succeeded,0.0,1.0,-0.5,0.5,484,516,12494,1,,,0.5,Why would it cost too much?,training,training,4.13.882,26,25
130773,4.13,mem0_no_feedback,mem0,no_feedback,order_3,score,succeeded,0.15,1.0,-0.85,0.85,525,566,13973,1,,,1.0,Correct,training,training,4.13.1661,27,26
130775,4.13,mem0_no_feedback,mem0,no_feedback,order_3,score,succeeded,0.7,1.0,-0.30000000000000004,0.30000000000000004,520,558,11369,1,,,1.0,Correct,training,training,4.13.1789,28,27
130777,4.13,mem0_no_feedback,mem0,no_feedback,order_3,score,succeeded,0.7,1.0,-0.050000000000000044,0.050000000000000044,491,523,9401,1,,,0.75,But why is oscillating a problem?,training,training,4.13.599,29,28
130779,4.13,mem0_no_feedback,mem0,no_feedback,order_3,score,succeeded,0.45,1.0,-0.04999999999999999,0.04999999999999999,521,557,10114,1,,,0.5,"If C-F and E-I have both high utilization, the packet will be sent on the path, that is less utilized than the other one, even if both utilizations are high. It will not be passed between C and E",training,training,4.13.254,30,29
130781,4.13,mem0_no_feedback,mem0,no_feedback,order_3,score,succeeded,0.8,1.0,0.050000000000000044,0.050000000000000044,571,615,10119,1,,,0.75,But why is oscillating a problem?,training,training,4.13.1311,31,30
130783,4.13,mem0_no_feedback,mem0,no_feedback,order_3,score,succeeded,0.35,1.0,-0.15000000000000002,0.15000000000000002,535,576,11772,1,,,0.5,"But as soon as another path has less load, senders will send over the less utilized path.",training,training,4.13.162,32,31
130785,4.13,mem0_no_feedback,mem0,no_feedback,order_3,score,succeeded,0.6,1.0,-0.15000000000000002,0.15000000000000002,485,514,10501,1,,,0.75,But why is oscillating a problem?,training,training,4.13.911,33,32
130787,4.13,mem0_no_feedback,mem0,no_feedback,order_3,score,succeeded,0.2,1.0,-0.3,0.3,477,513,12041,1,,,0.5,"It is no problem, that traffic volume changes over time. And in the scenario, there is no change of topology changes mentioned.",training,training,4.13.289,34,33
130789,4.13,mem0_no_feedback,mem0,no_feedback,order_3,score,succeeded,0.75,1.0,-0.25,0.25,521,557,11638,1,,,1.0,Correct,training,training,4.13.1413,35,34
130791,4.13,mem0_no_feedback,mem0,no_feedback,order_3,score,succeeded,0.8,1.0,0.050000000000000044,0.050000000000000044,509,546,11713,1,,,0.75,But why is oscillating a problem?,training,training,4.13.1585,36,35
130793,4.13,mem0_no_feedback,mem0,no_feedback,order_3,score,succeeded,0.3,1.0,-0.2,0.2,492,534,11414,1,,,0.5,Why would both nodes think that the other node's route is a better choice? Every link from A to G is compared by current load and the one with less utilization will be used.,training,training,4.13.108,37,36
130795,4.13,mem0_no_feedback,mem0,no_feedback,order_3,score,succeeded,0.75,1.0,0.0,0.0,535,569,13281,1,,,0.75,But why is alternating a problem?,training,training,4.13.1155,38,37
130797,4.13,mem0_no_feedback,mem0,no_feedback,order_3,score,succeeded,0.7,1.0,-0.30000000000000004,0.30000000000000004,525,558,13559,1,,,1.0,Correct,training,training,4.13.1060,39,38
130799,4.13,mem0_no_feedback,mem0,no_feedback,order_3,score,succeeded,0.3,1.0,-0.2,0.2,506,550,13571,1,,,0.5,"The network state is taken into account, because we evaluate the quality of the path by comparing the current load on the path.",training,training,4.13.2000,40,39
129601,4.13,amem_full,amem,full,order_1,score,succeeded,0.7,1.0,-0.050000000000000044,0.050000000000000044,280,318,23798,1,,,0.75,But why is this oscillating a problem?,training,training,4.13.806,1,0
129603,4.13,amem_full,amem,full,order_1,score,succeeded,0.75,1.0,0.0,0.0,637,666,18412,1,,,0.75,But why is oscillating a problem?,training,training,4.13.911,2,1
129605,4.13,amem_full,amem,full,order_1,score,succeeded,0.25,1.0,-0.25,0.25,1031,1067,40946,1,,,0.5,Count-to-infinity mostly appears when the topology changes. There is nothing about this in the text.,training,training,4.13.1283,3,2
129607,4.13,amem_full,amem,full,order_1,score,succeeded,0.4,1.0,-0.35,0.35,1418,1459,18880,1,,,0.75,But why may the receiver not receive data?,training,training,4.13.720,4,3
129609,4.13,amem_full,amem,full,order_1,score,succeeded,0.75,1.0,0.5,0.5,1740,1775,18945,1,,,0.25,"Is that a problem? And if yes, why?",training,training,4.13.1006,5,4
129611,4.13,amem_full,amem,full,order_1,score,succeeded,0.5,1.0,-0.5,0.5,2160,2197,18868,1,,,1.0,Correct,training,training,4.13.1329,6,5
129613,4.13,amem_full,amem,full,order_1,score,succeeded,0.25,1.0,-0.75,0.75,2528,2577,22882,1,,,1.0,Correct,training,training,4.13.908,7,6
129615,4.13,amem_full,amem,full,order_1,score,succeeded,0.75,1.0,0.0,0.0,2995,3027,17926,1,,,0.75,But why is alternating a problem?,training,training,4.13.441,8,7
129617,4.13,amem_full,amem,full,order_1,score,succeeded,0.5,1.0,-0.5,0.5,3363,3393,16994,1,,,1.0,Correct,training,training,4.13.886,9,8
129619,4.13,amem_full,amem,full,order_1,score,succeeded,0.75,1.0,0.0,0.0,3778,3813,17007,1,,,0.75,But why is alternating a problem?,training,training,4.13.1155,10,9
129621,4.13,amem_full,amem,full,order_1,score,succeeded,0.75,1.0,-0.25,0.25,4253,4288,18700,1,,,1.0,Correct,training,training,4.13.1822,11,10
129623,4.13,amem_full,amem,full,order_1,score,succeeded,0.75,1.0,0.25,0.25,4606,4652,15041,1,,,0.5,"If C-F and E-I have both high utilization, the packet will be sent on the path, that is less utilized than the other one, even if both utilizations are high. It will not be passed between C and E",training,training,4.13.254,12,11
129625,4.13,amem_full,amem,full,order_1,score,succeeded,0.25,1.0,-0.25,0.25,5124,5177,16896,1,,,0.5,"The links C-F and E-I are highly used, you're right. But if a packet wants to go from ABCDE to FGHIJ, C-F and E-I will be compared and the packet will go on the link, with less utilization of those two and not on the links that are at least used overall.",training,training,4.13.545,13,12
129627,4.13,amem_full,amem,full,order_1,score,succeeded,0.75,1.0,0.0,0.0,5511,5546,15922,1,,,0.75,But why is oscillating a problem?,training,training,4.13.623,14,13
129629,4.13,amem_full,amem,full,order_1,score,succeeded,0.75,1.0,0.0,0.0,5901,5934,17601,1,,,0.75,But why is this a problem?,training,training,4.13.804,15,14
129631,4.13,amem_full,amem,full,order_1,score,succeeded,0.25,1.0,-0.75,0.75,6233,6267,18284,1,,,1.0,Correct,training,training,4.13.1976,16,15
129633,4.13,amem_full,amem,full,order_1,score,succeeded,0.75,1.0,0.0,0.0,6707,6743,25177,1,,,0.75,But why is oscillating a problem?,training,training,4.13.1311,17,16
129635,4.13,amem_full,amem,full,order_1,score,succeeded,0.25,1.0,-0.25,0.25,7117,7158,14942,1,,,0.5,"The network state is taken into account, because we evaluate the quality of the path by comparing the current load on the path.",training,training,4.13.2000,18,17
129637,4.13,amem_full,amem,full,order_1,score,succeeded,0.25,1.0,-0.25,0.25,7511,7552,22650,1,,,0.5,"But it is defined, what the best route is: the one with less utilization. So C-F and E-I will be compared and the one with less utilization, the packet will be send on.",training,training,4.13.213,19,18
129639,4.13,amem_full,amem,full,order_1,score,succeeded,0.75,1.0,0.25,0.25,7938,7972,19508,1,,,0.5,"Why would this be repeated? If another path has less utilization, the path will be used and the packet will be transmitted to G.",training,training,4.13.2101,20,19
129641,4.13,amem_full,amem,full,order_1,score,succeeded,0.75,1.0,-0.25,0.25,8369,8401,16135,1,,,1.0,Correct,training,training,4.13.452,21,20
129643,4.13,amem_full,amem,full,order_1,score,succeeded,0.75,1.0,0.0,0.0,8262,8295,15917,1,,,0.75,But why is oscillating a problem?,training,training,4.13.1513,22,21
129645,4.13,amem_full,amem,full,order_1,score,succeeded,0.75,1.0,-0.25,0.25,8258,8291,19883,1,,,1.0,Correct,training,training,4.13.259,23,22
129647,4.13,amem_full,amem,full,order_1,score,succeeded,0.75,1.0,0.0,0.0,8250,8287,22702,1,,,0.75,But why is oscillation a problem?,training,training,4.13.1394,24,23
129649,4.13,amem_full,amem,full,order_1,score,succeeded,0.75,1.0,-0.25,0.25,8473,8515,18484,1,,,1.0,Correct,training,training,4.13.1789,25,24
129651,4.13,amem_full,amem,full,order_1,score,succeeded,0.5,1.0,0.0,0.0,8303,8341,19598,1,,,0.5,Why would they be transferred in circles? For example C-F and E-I will be compared and the link with less utilization will be used.,training,training,4.13.435,26,25
129653,4.13,amem_full,amem,full,order_1,score,succeeded,0.75,1.0,0.0,0.0,8373,8409,21271,1,,,0.75,But why is oscillating a problem?,training,training,4.13.1585,27,26
129655,4.13,amem_full,amem,full,order_1,score,succeeded,0.75,1.0,-0.25,0.25,8439,8480,12313,1,,,1.0,Correct,training,training,4.13.1413,28,27
129657,4.13,amem_full,amem,full,order_1,score,succeeded,0.5,1.0,0.0,0.0,8224,8262,13369,1,,,0.5,"It is no problem, that traffic volume changes over time. And in the scenario, there is no change of topology changes mentioned.",training,training,4.13.289,29,28
129659,4.13,amem_full,amem,full,order_1,score,succeeded,0.75,1.0,-0.25,0.25,8119,8157,12698,1,,,1.0,Correct,training,training,4.13.1060,30,29
129661,4.13,amem_full,amem,full,order_1,score,succeeded,0.75,1.0,0.0,0.0,8199,8237,11805,1,,,0.75,But why is oscillating a problem?,training,training,4.13.1493,31,30
129663,4.13,amem_full,amem,full,order_1,score,succeeded,0.75,1.0,0.0,0.0,8224,8259,13494,1,,,0.75,Why would this impact applications?,training,training,4.13.742,32,31
129665,4.13,amem_full,amem,full,order_1,score,succeeded,0.5,1.0,0.0,0.0,8227,8274,13155,1,,,0.5,Why would both nodes think that the other node's route is a better choice? Every link from A to G is compared by current load and the one with less utilization will be used.,training,training,4.13.108,33,32
129667,4.13,amem_full,amem,full,order_1,score,succeeded,0.5,1.0,0.0,0.0,8187,8230,11976,1,,,0.5,"But as soon as another path has less load, senders will send over the less utilized path.",training,training,4.13.162,34,33
129669,4.13,amem_full,amem,full,order_1,score,succeeded,0.5,1.0,0.0,0.0,8202,8243,17162,1,,,0.5,But this is a problem of the topology or traffic volume on the network and not of the routing strategy itself.,training,training,4.13.1043,35,34
129671,4.13,amem_full,amem,full,order_1,score,succeeded,0.25,1.0,-0.25,0.25,8135,8171,14897,1,,,0.5,"But the packets will always take the path with the smallest utilization. If the path is too much used, packets will go another way.",training,training,4.13.2114,36,35
129673,4.13,amem_full,amem,full,order_1,score,succeeded,0.3,1.0,-0.7,0.7,8324,8373,14547,1,,,1.0,Correct,training,training,4.13.1661,37,36
129675,4.13,amem_full,amem,full,order_1,score,succeeded,0.25,1.0,-0.25,0.25,8002,8034,13608,1,,,0.5,Why would it cost too much?,training,training,4.13.882,38,37
129677,4.13,amem_full,amem,full,order_1,score,succeeded,0.75,1.0,0.0,0.0,8244,8279,16359,1,,,0.75,But why is oscillating a problem?,training,training,4.13.599,39,38
129679,4.13,amem_full,amem,full,order_1,score,succeeded,0.5,1.0,0.0,0.0,8226,8265,19073,1,,,0.5,"To evaluate the path, the current load is used: changes in the utilization are considered and A will not use paths which are overused at the moment.",training,training,4.13.1561,40,39
130081,4.13,amem_full,amem,full,order_2,score,succeeded,0.7,1.0,-0.30000000000000004,0.30000000000000004,252,287,15038,1,,,1.0,Correct,training,training,4.13.1413,1,0
130083,4.13,amem_full,amem,full,order_2,score,succeeded,0.5,1.0,0.25,0.25,581,621,11933,1,,,0.25,"Is that a problem? And if yes, why?",training,training,4.13.1006,2,1
130085,4.13,amem_full,amem,full,order_2,score,succeeded,0.8,1.0,0.050000000000000044,0.050000000000000044,962,997,13391,1,,,0.75,But why is oscillating a problem?,training,training,4.13.1493,3,2
130087,4.13,amem_full,amem,full,order_2,score,succeeded,0.2,1.0,-0.8,0.8,1370,1413,15749,1,,,1.0,Correct,training,training,4.13.908,4,3
130089,4.13,amem_full,amem,full,order_2,score,succeeded,0.75,1.0,0.0,0.0,1740,1775,12956,1,,,0.75,But why is oscillating a problem?,training,training,4.13.1585,5,4
130091,4.13,amem_full,amem,full,order_2,score,succeeded,0.5,1.0,0.0,0.0,2119,2154,12966,1,,,0.5,"To evaluate the path, the current load is used: changes in the utilization are considered and A will not use paths which are overused at the moment.",training,training,4.13.1561,6,5
130093,4.13,amem_full,amem,full,order_2,score,succeeded,0.75,1.0,0.0,0.0,2577,2614,16704,1,,,0.75,But why is this oscillating a problem?,training,training,4.13.806,7,6
130095,4.13,amem_full,amem,full,order_2,score,succeeded,0.5,1.0,-0.5,0.5,3014,3056,17276,1,,,1.0,Correct,training,training,4.13.1661,8,7
130097,4.13,amem_full,amem,full,order_2,score,succeeded,0.75,1.0,0.0,0.0,3358,3391,15815,1,,,0.75,But why is oscillating a problem?,training,training,4.13.599,9,8
130099,4.13,amem_full,amem,full,order_2,score,succeeded,0.75,1.0,0.0,0.0,3802,3840,14062,1,,,0.75,Why would this impact applications?,training,training,4.13.742,10,9
130101,4.13,amem_full,amem,full,order_2,score,succeeded,0.25,1.0,-0.25,0.25,4217,4249,15214,1,,,0.5,Why would it cost too much?,training,training,4.13.882,11,10
130103,4.13,amem_full,amem,full,order_2,score,succeeded,0.5,1.0,0.0,0.0,4591,4649,14606,1,,,0.5,"But as soon as another path has less load, senders will send over the less utilized path.",training,training,4.13.162,12,11
130105,4.13,amem_full,amem,full,order_2,score,succeeded,0.5,1.0,0.0,0.0,5003,5040,16152,1,,,0.5,"The network state is taken into account, because we evaluate the quality of the path by comparing the current load on the path.",training,training,4.13.2000,13,12
130107,4.13,amem_full,amem,full,order_2,score,succeeded,0.75,1.0,-0.25,0.25,5391,5420,14284,1,,,1.0,Correct,training,training,4.13.886,14,13
130109,4.13,amem_full,amem,full,order_2,score,succeeded,0.5,1.0,0.0,0.0,5772,5810,15201,1,,,0.5,Why would they be transferred in circles? For example C-F and E-I will be compared and the link with less utilization will be used.,training,training,4.13.435,15,14
130111,4.13,amem_full,amem,full,order_2,score,succeeded,0.75,1.0,0.25,0.25,6163,6200,14204,1,,,0.5,"Why would this be repeated? If another path has less utilization, the path will be used and the packet will be transmitted to G.",training,training,4.13.2101,16,15
130113,4.13,amem_full,amem,full,order_2,score,succeeded,0.5,1.0,-0.25,0.25,6500,6532,15148,1,,,0.75,But why is this a problem?,training,training,4.13.804,17,16
130115,4.13,amem_full,amem,full,order_2,score,succeeded,0.75,1.0,0.0,0.0,6966,7002,14378,1,,,0.75,But why is oscillating a problem?,training,training,4.13.1513,18,17
130117,4.13,amem_full,amem,full,order_2,score,succeeded,0.9,1.0,-0.09999999999999998,0.09999999999999998,7466,7509,16223,1,,,1.0,Correct,training,training,4.13.1822,19,18
130119,4.13,amem_full,amem,full,order_2,score,succeeded,0.25,1.0,-0.75,0.75,7871,7905,15811,1,,,1.0,Correct,training,training,4.13.1976,20,19
130121,4.13,amem_full,amem,full,order_2,score,succeeded,0.75,1.0,-0.25,0.25,8297,8332,13992,1,,,1.0,Correct,training,training,4.13.1789,21,20
130123,4.13,amem_full,amem,full,order_2,score,succeeded,0.75,1.0,0.0,0.0,8381,8418,15330,1,,,0.75,But why is oscillating a problem?,training,training,4.13.1311,22,21
130125,4.13,amem_full,amem,full,order_2,score,succeeded,1.0,1.0,0.5,0.5,8280,8302,18938,1,,,0.5,"But the packets will always take the path with the smallest utilization. If the path is too much used, packets will go another way.",training,training,4.13.2114,23,22
130127,4.13,amem_full,amem,full,order_2,score,succeeded,0.75,1.0,0.25,0.25,8324,8371,15035,1,,,0.5,"The links C-F and E-I are highly used, you're right. But if a packet wants to go from ABCDE to FGHIJ, C-F and E-I will be compared and the packet will go on the link, with less utilization of those two and not on the links that are at least used overall.",training,training,4.13.545,24,23
130129,4.13,amem_full,amem,full,order_2,score,succeeded,0.75,1.0,-0.25,0.25,8404,8444,14067,1,,,1.0,Correct,training,training,4.13.452,25,24
130131,4.13,amem_full,amem,full,order_2,score,succeeded,0.5,1.0,0.0,0.0,8490,8528,14585,1,,,0.5,Why would both nodes think that the other node's route is a better choice? Every link from A to G is compared by current load and the one with less utilization will be used.,training,training,4.13.108,26,25
130133,4.13,amem_full,amem,full,order_2,score,succeeded,0.5,1.0,0.0,0.0,8400,8439,13102,1,,,0.5,"It is no problem, that traffic volume changes over time. And in the scenario, there is no change of topology changes mentioned.",training,training,4.13.289,27,26
130135,4.13,amem_full,amem,full,order_2,score,succeeded,0.75,1.0,0.0,0.0,8590,8626,18256,1,,,0.75,But why is alternating a problem?,training,training,4.13.441,28,27
130137,4.13,amem_full,amem,full,order_2,score,succeeded,0.5,1.0,-0.5,0.5,8368,8405,15595,1,,,1.0,Correct,training,training,4.13.1329,29,28
130139,4.13,amem_full,amem,full,order_2,score,succeeded,0.75,1.0,0.0,0.0,8382,8416,11159,1,,,0.75,But why is oscillating a problem?,training,training,4.13.623,30,29
130141,4.13,amem_full,amem,full,order_2,score,succeeded,0.75,1.0,0.0,0.0,8410,8448,17702,1,,,0.75,But why may the receiver not receive data?,training,training,4.13.720,31,30
130143,4.13,amem_full,amem,full,order_2,score,succeeded,0.5,1.0,0.0,0.0,8427,8472,15296,1,,,0.5,But this is a problem of the topology or traffic volume on the network and not of the routing strategy itself.,training,training,4.13.1043,32,31
130145,4.13,amem_full,amem,full,order_2,score,succeeded,0.75,1.0,-0.25,0.25,8335,8370,14078,1,,,1.0,Correct,training,training,4.13.259,33,32
130147,4.13,amem_full,amem,full,order_2,score,succeeded,0.75,1.0,-0.25,0.25,8387,8423,13302,1,,,1.0,Correct,training,training,4.13.1060,34,33
130149,4.13,amem_full,amem,full,order_2,score,succeeded,0.75,1.0,0.0,0.0,8416,8451,20948,1,,,0.75,But why is oscillating a problem?,training,training,4.13.911,35,34
130151,4.13,amem_full,amem,full,order_2,score,succeeded,0.5,1.0,0.0,0.0,8352,8390,15562,1,,,0.5,Count-to-infinity mostly appears when the topology changes. There is nothing about this in the text.,training,training,4.13.1283,36,35
130153,4.13,amem_full,amem,full,order_2,score,succeeded,0.5,1.0,0.0,0.0,8475,8520,14674,1,,,0.5,"If C-F and E-I have both high utilization, the packet will be sent on the path, that is less utilized than the other one, even if both utilizations are high. It will not be passed between C and E",training,training,4.13.254,37,36
130155,4.13,amem_full,amem,full,order_2,score,succeeded,0.75,1.0,0.0,0.0,8516,8553,12922,1,,,0.75,But why is oscillation a problem?,training,training,4.13.1394,38,37
130157,4.13,amem_full,amem,full,order_2,score,succeeded,0.5,1.0,0.0,0.0,8533,8575,14765,1,,,0.5,"But it is defined, what the best route is: the one with less utilization. So C-F and E-I will be compared and the one with less utilization, the packet will be send on.",training,training,4.13.213,39,38
130159,4.13,amem_full,amem,full,order_2,score,succeeded,0.75,1.0,0.0,0.0,8617,8651,12848,1,,,0.75,But why is alternating a problem?,training,training,4.13.1155,40,39
130561,4.13,amem_full,amem,full,order_3,score,succeeded,0.8,1.0,0.050000000000000044,0.050000000000000044,282,317,14986,1,,,0.75,Why would this impact applications?,training,training,4.13.742,1,0
130563,4.13,amem_full,amem,full,order_3,score,succeeded,0.25,1.0,-0.25,0.25,632,675,13483,1,,,0.5,"But the packets will always take the path with the smallest utilization. If the path is too much used, packets will go another way.",training,training,4.13.2114,2,1
130565,4.13,amem_full,amem,full,order_3,score,succeeded,0.45,1.0,-0.55,0.55,1039,1076,13239,1,,,1.0,Correct,training,training,4.13.1329,3,2
130567,4.13,amem_full,amem,full,order_3,score,succeeded,0.25,1.0,-0.75,0.75,1442,1485,13646,1,,,1.0,Correct,training,training,4.13.1976,4,3
130569,4.13,amem_full,amem,full,order_3,score,succeeded,0.35,1.0,-0.15000000000000002,0.15000000000000002,1816,1863,13781,1,,,0.5,"But it is defined, what the best route is: the one with less utilization. So C-F and E-I will be compared and the one with less utilization, the packet will be send on.",training,training,4.13.213,5,4
130571,4.13,amem_full,amem,full,order_3,score,succeeded,0.25,1.0,-0.25,0.25,2195,2238,13588,1,,,0.5,Count-to-infinity mostly appears when the topology changes. There is nothing about this in the text.,training,training,4.13.1283,6,5
130573,4.13,amem_full,amem,full,order_3,score,succeeded,0.8,1.0,-0.19999999999999996,0.19999999999999996,2668,2702,15259,1,,,1.0,Correct,training,training,4.13.452,7,6
130575,4.13,amem_full,amem,full,order_3,score,succeeded,0.8,1.0,-0.19999999999999996,0.19999999999999996,3121,3156,17931,1,,,1.0,Correct,training,training,4.13.1822,8,7
130577,4.13,amem_full,amem,full,order_3,score,succeeded,0.6,1.0,-0.4,0.4,3531,3564,13281,1,,,1.0,Correct,training,training,4.13.886,9,8
130579,4.13,amem_full,amem,full,order_3,score,succeeded,0.8,1.0,0.050000000000000044,0.050000000000000044,3870,3908,14460,1,,,0.75,But why is this oscillating a problem?,training,training,4.13.806,10,9
130581,4.13,amem_full,amem,full,order_3,score,succeeded,0.75,1.0,0.0,0.0,4373,4411,15921,1,,,0.75,But why is alternating a problem?,training,training,4.13.441,11,10
130583,4.13,amem_full,amem,full,order_3,score,succeeded,0.3,1.0,-0.2,0.2,4853,4892,14750,1,,,0.5,But this is a problem of the topology or traffic volume on the network and not of the routing strategy itself.,training,training,4.13.1043,12,11
130585,4.13,amem_full,amem,full,order_3,score,succeeded,0.75,1.0,0.0,0.0,5371,5406,14431,1,,,0.75,But why is oscillating a problem?,training,training,4.13.623,13,12
130587,4.13,amem_full,amem,full,order_3,score,succeeded,0.6,1.0,0.09999999999999998,0.09999999999999998,5707,5742,14751,1,,,0.5,"To evaluate the path, the current load is used: changes in the utilization are considered and A will not use paths which are overused at the moment.",training,training,4.13.1561,14,13
130589,4.13,amem_full,amem,full,order_3,score,succeeded,0.75,1.0,-0.25,0.25,6134,6165,12591,1,,,1.0,Correct,training,training,4.13.259,15,14
130591,4.13,amem_full,amem,full,order_3,score,succeeded,0.25,1.0,-0.25,0.25,6535,6584,13965,1,,,0.5,"The links C-F and E-I are highly used, you're right. But if a packet wants to go from ABCDE to FGHIJ, C-F and E-I will be compared and the packet will go on the link, with less utilization of those two and not on the links that are at least used overall.",training,training,4.13.545,16,15
130593,4.13,amem_full,amem,full,order_3,score,succeeded,0.75,1.0,0.0,0.0,6920,6953,17611,1,,,0.75,But why is oscillation a problem?,training,training,4.13.1394,17,16
130595,4.13,amem_full,amem,full,order_3,score,succeeded,0.75,1.0,0.0,0.0,7257,7295,13067,1,,,0.75,But why is oscillating a problem?,training,training,4.13.1493,18,17
130597,4.13,amem_full,amem,full,order_3,score,succeeded,0.5,1.0,-0.5,0.5,7715,7755,12754,1,,,1.0,Correct,training,training,4.13.908,19,18
130599,4.13,amem_full,amem,full,order_3,score,succeeded,0.75,1.0,0.25,0.25,8092,8126,13964,1,,,0.5,"Why would this be repeated? If another path has less utilization, the path will be used and the packet will be transmitted to G.",training,training,4.13.2101,20,19
130601,4.13,amem_full,amem,full,order_3,score,succeeded,0.5,1.0,0.25,0.25,8579,8613,103486,1,,,0.25,"Is that a problem? And if yes, why?",training,training,4.13.1006,21,20
130603,4.13,amem_full,amem,full,order_3,score,succeeded,0.5,1.0,0.0,0.0,8565,8605,14456,1,,,0.5,Why would they be transferred in circles? For example C-F and E-I will be compared and the link with less utilization will be used.,training,training,4.13.435,22,21
130605,4.13,amem_full,amem,full,order_3,score,succeeded,0.5,1.0,-0.25,0.25,8541,8580,13194,1,,,0.75,But why may the receiver not receive data?,training,training,4.13.720,23,22
130607,4.13,amem_full,amem,full,order_3,score,succeeded,0.75,1.0,0.0,0.0,8469,8501,11892,1,,,0.75,But why is this a problem?,training,training,4.13.804,24,23
130609,4.13,amem_full,amem,full,order_3,score,succeeded,0.75,1.0,0.0,0.0,8425,8461,13956,1,,,0.75,But why is oscillating a problem?,training,training,4.13.1513,25,24
130611,4.13,amem_full,amem,full,order_3,score,succeeded,0.5,1.0,0.0,0.0,8409,8444,14241,1,,,0.5,Why would it cost too much?,training,training,4.13.882,26,25
130613,4.13,amem_full,amem,full,order_3,score,succeeded,0.25,1.0,-0.75,0.75,8442,8502,13803,1,,,1.0,Correct,training,training,4.13.1661,27,26
130615,4.13,amem_full,amem,full,order_3,score,succeeded,0.75,1.0,-0.25,0.25,8559,8595,14014,1,,,1.0,Correct,training,training,4.13.1789,28,27
130617,4.13,amem_full,amem,full,order_3,score,succeeded,0.75,1.0,0.0,0.0,8502,8539,15794,1,,,0.75,But why is oscillating a problem?,training,training,4.13.599,29,28
130619,4.13,amem_full,amem,full,order_3,score,succeeded,0.75,1.0,0.25,0.25,8566,8608,16535,1,,,0.5,"If C-F and E-I have both high utilization, the packet will be sent on the path, that is less utilized than the other one, even if both utilizations are high. It will not be passed between C and E",training,training,4.13.254,30,29
130621,4.13,amem_full,amem,full,order_3,score,succeeded,0.75,1.0,0.0,0.0,8586,8624,12955,1,,,0.75,But why is oscillating a problem?,training,training,4.13.1311,31,30
130623,4.13,amem_full,amem,full,order_3,score,succeeded,0.5,1.0,0.0,0.0,8573,8616,11995,1,,,0.5,"But as soon as another path has less load, senders will send over the less utilized path.",training,training,4.13.162,32,31
130625,4.13,amem_full,amem,full,order_3,score,succeeded,0.75,1.0,0.0,0.0,8484,8518,14433,1,,,0.75,But why is oscillating a problem?,training,training,4.13.911,33,32
130627,4.13,amem_full,amem,full,order_3,score,succeeded,0.25,1.0,-0.25,0.25,8334,8369,14396,1,,,0.5,"It is no problem, that traffic volume changes over time. And in the scenario, there is no change of topology changes mentioned.",training,training,4.13.289,34,33
130629,4.13,amem_full,amem,full,order_3,score,succeeded,0.75,1.0,-0.25,0.25,8644,8688,13872,1,,,1.0,Correct,training,training,4.13.1413,35,34
130631,4.13,amem_full,amem,full,order_3,score,succeeded,0.75,1.0,0.0,0.0,8753,8787,12211,1,,,0.75,But why is oscillating a problem?,training,training,4.13.1585,36,35
130633,4.13,amem_full,amem,full,order_3,score,succeeded,0.5,1.0,0.0,0.0,8505,8541,12946,1,,,0.5,Why would both nodes think that the other node's route is a better choice? Every link from A to G is compared by current load and the one with less utilization will be used.,training,training,4.13.108,37,36
130635,4.13,amem_full,amem,full,order_3,score,succeeded,0.75,1.0,0.0,0.0,8948,8984,13332,1,,,0.75,But why is alternating a problem?,training,training,4.13.1155,38,37
130637,4.13,amem_full,amem,full,order_3,score,succeeded,0.75,1.0,-0.25,0.25,8718,8751,14213,1,,,1.0,Correct,training,training,4.13.1060,39,38
130639,4.13,amem_full,amem,full,order_3,score,succeeded,0.25,1.0,-0.25,0.25,8466,8514,15236,1,,,0.5,"The network state is taken into account, because we evaluate the quality of the path by comparing the current load on the path.",training,training,4.13.2000,40,39
129841,4.13,amem_no_feedback,amem,no_feedback,order_1,score,succeeded,0.5,1.0,-0.25,0.25,281,328,12137,1,,,0.75,But why is this oscillating a problem?,training,training,4.13.806,1,0
129843,4.13,amem_no_feedback,amem,no_feedback,order_1,score,succeeded,0.75,1.0,0.0,0.0,617,651,13010,1,,,0.75,But why is oscillating a problem?,training,training,4.13.911,2,1
129845,4.13,amem_no_feedback,amem,no_feedback,order_1,score,succeeded,0.2,1.0,-0.3,0.3,961,995,19547,1,,,0.5,Count-to-infinity mostly appears when the topology changes. There is nothing about this in the text.,training,training,4.13.1283,3,2
129847,4.13,amem_no_feedback,amem,no_feedback,order_1,score,succeeded,0.5,1.0,-0.25,0.25,1367,1416,14281,1,,,0.75,But why may the receiver not receive data?,training,training,4.13.720,4,3
129849,4.13,amem_no_feedback,amem,no_feedback,order_1,score,succeeded,0.75,1.0,0.5,0.5,1723,1760,13170,1,,,0.25,"Is that a problem? And if yes, why?",training,training,4.13.1006,5,4
129851,4.13,amem_no_feedback,amem,no_feedback,order_1,score,succeeded,0.5,1.0,-0.5,0.5,2118,2155,14178,1,,,1.0,Correct,training,training,4.13.1329,6,5
129853,4.13,amem_no_feedback,amem,no_feedback,order_1,score,succeeded,0.3,1.0,-0.7,0.7,2481,2527,17665,1,,,1.0,Correct,training,training,4.13.908,7,6
129855,4.13,amem_no_feedback,amem,no_feedback,order_1,score,succeeded,0.75,1.0,0.0,0.0,2749,2782,14877,1,,,0.75,But why is alternating a problem?,training,training,4.13.441,8,7
129857,4.13,amem_no_feedback,amem,no_feedback,order_1,score,succeeded,0.4,1.0,-0.6,0.6,3259,3289,14591,1,,,1.0,Correct,training,training,4.13.886,9,8
129859,4.13,amem_no_feedback,amem,no_feedback,order_1,score,succeeded,0.75,1.0,0.0,0.0,3613,3654,13842,1,,,0.75,But why is alternating a problem?,training,training,4.13.1155,10,9
129861,4.13,amem_no_feedback,amem,no_feedback,order_1,score,succeeded,0.75,1.0,-0.25,0.25,4153,4204,14273,1,,,1.0,Correct,training,training,4.13.1822,11,10
129863,4.13,amem_no_feedback,amem,no_feedback,order_1,score,succeeded,0.75,1.0,0.25,0.25,4674,4719,14339,1,,,0.5,"If C-F and E-I have both high utilization, the packet will be sent on the path, that is less utilized than the other one, even if both utilizations are high. It will not be passed between C and E",training,training,4.13.254,12,11
129865,4.13,amem_no_feedback,amem,no_feedback,order_1,score,succeeded,0.75,1.0,0.25,0.25,5080,5123,14816,1,,,0.5,"The links C-F and E-I are highly used, you're right. But if a packet wants to go from ABCDE to FGHIJ, C-F and E-I will be compared and the packet will go on the link, with less utilization of those two and not on the links that are at least used overall.",training,training,4.13.545,13,12
129867,4.13,amem_no_feedback,amem,no_feedback,order_1,score,succeeded,0.75,1.0,0.0,0.0,5549,5582,13685,1,,,0.75,But why is oscillating a problem?,training,training,4.13.623,14,13
129869,4.13,amem_no_feedback,amem,no_feedback,order_1,score,succeeded,0.75,1.0,0.0,0.0,5833,5863,14248,1,,,0.75,But why is this a problem?,training,training,4.13.804,15,14
129871,4.13,amem_no_feedback,amem,no_feedback,order_1,score,succeeded,0.25,1.0,-0.75,0.75,6226,6262,12985,1,,,1.0,Correct,training,training,4.13.1976,16,15
129873,4.13,amem_no_feedback,amem,no_feedback,order_1,score,succeeded,0.75,1.0,0.0,0.0,6635,6672,14861,1,,,0.75,But why is oscillating a problem?,training,training,4.13.1311,17,16
129875,4.13,amem_no_feedback,amem,no_feedback,order_1,score,succeeded,0.25,1.0,-0.25,0.25,7002,7039,13532,1,,,0.5,"The network state is taken into account, because we evaluate the quality of the path by comparing the current load on the path.",training,training,4.13.2000,18,17
129877,4.13,amem_no_feedback,amem,no_feedback,order_1,score,succeeded,0.25,1.0,-0.25,0.25,7292,7332,15025,1,,,0.5,"But it is defined, what the best route is: the one with less utilization. So C-F and E-I will be compared and the one with less utilization, the packet will be send on.",training,training,4.13.213,19,18
129879,4.13,amem_no_feedback,amem,no_feedback,order_1,score,succeeded,0.75,1.0,0.25,0.25,7629,7664,13775,1,,,0.5,"Why would this be repeated? If another path has less utilization, the path will be used and the packet will be transmitted to G.",training,training,4.13.2101,20,19
129881,4.13,amem_no_feedback,amem,no_feedback,order_1,score,succeeded,0.75,1.0,-0.25,0.25,8086,8119,12546,1,,,1.0,Correct,training,training,4.13.452,21,20
129883,4.13,amem_no_feedback,amem,no_feedback,order_1,score,succeeded,0.75,1.0,0.0,0.0,8147,8178,28772,1,,,0.75,But why is oscillating a problem?,training,training,4.13.1513,22,21
129885,4.13,amem_no_feedback,amem,no_feedback,order_1,score,succeeded,0.75,1.0,-0.25,0.25,8058,8089,24939,1,,,1.0,Correct,training,training,4.13.259,23,22
129887,4.13,amem_no_feedback,amem,no_feedback,order_1,score,succeeded,0.75,1.0,0.0,0.0,8107,8138,17092,1,,,0.75,But why is oscillation a problem?,training,training,4.13.1394,24,23
129889,4.13,amem_no_feedback,amem,no_feedback,order_1,score,succeeded,0.75,1.0,-0.25,0.25,8255,8292,13135,1,,,1.0,Correct,training,training,4.13.1789,25,24
129891,4.13,amem_no_feedback,amem,no_feedback,order_1,score,succeeded,0.5,1.0,0.0,0.0,8195,8233,16362,1,,,0.5,Why would they be transferred in circles? For example C-F and E-I will be compared and the link with less utilization will be used.,training,training,4.13.435,26,25
129893,4.13,amem_no_feedback,amem,no_feedback,order_1,score,succeeded,0.75,1.0,0.0,0.0,8363,8398,11336,1,,,0.75,But why is oscillating a problem?,training,training,4.13.1585,27,26
129895,4.13,amem_no_feedback,amem,no_feedback,order_1,score,succeeded,0.75,1.0,-0.25,0.25,8386,8419,13001,1,,,1.0,Correct,training,training,4.13.1413,28,27
129897,4.13,amem_no_feedback,amem,no_feedback,order_1,score,succeeded,0.25,1.0,-0.25,0.25,8218,8256,11227,1,,,0.5,"It is no problem, that traffic volume changes over time. And in the scenario, there is no change of topology changes mentioned.",training,training,4.13.289,29,28
129899,4.13,amem_no_feedback,amem,no_feedback,order_1,score,succeeded,0.75,1.0,-0.25,0.25,8174,8212,14867,1,,,1.0,Correct,training,training,4.13.1060,30,29
129901,4.13,amem_no_feedback,amem,no_feedback,order_1,score,succeeded,0.75,1.0,0.0,0.0,8142,8181,16286,1,,,0.75,But why is oscillating a problem?,training,training,4.13.1493,31,30
129903,4.13,amem_no_feedback,amem,no_feedback,order_1,score,succeeded,0.75,1.0,0.0,0.0,8390,8435,12998,1,,,0.75,Why would this impact applications?,training,training,4.13.742,32,31
129905,4.13,amem_no_feedback,amem,no_feedback,order_1,score,succeeded,0.5,1.0,0.0,0.0,7943,7980,11783,1,,,0.5,Why would both nodes think that the other node's route is a better choice? Every link from A to G is compared by current load and the one with less utilization will be used.,training,training,4.13.108,33,32
129907,4.13,amem_no_feedback,amem,no_feedback,order_1,score,succeeded,0.5,1.0,0.0,0.0,8158,8197,14459,1,,,0.5,"But as soon as another path has less load, senders will send over the less utilized path.",training,training,4.13.162,34,33
129909,4.13,amem_no_feedback,amem,no_feedback,order_1,score,succeeded,0.5,1.0,0.0,0.0,8127,8164,19622,1,,,0.5,But this is a problem of the topology or traffic volume on the network and not of the routing strategy itself.,training,training,4.13.1043,35,34
129911,4.13,amem_no_feedback,amem,no_feedback,order_1,score,succeeded,0.5,1.0,0.0,0.0,8064,8105,13333,1,,,0.5,"But the packets will always take the path with the smallest utilization. If the path is too much used, packets will go another way.",training,training,4.13.2114,36,35
129913,4.13,amem_no_feedback,amem,no_feedback,order_1,score,succeeded,0.5,1.0,-0.5,0.5,8219,8264,14667,1,,,1.0,Correct,training,training,4.13.1661,37,36
129915,4.13,amem_no_feedback,amem,no_feedback,order_1,score,succeeded,0.25,1.0,-0.25,0.25,8017,8055,16902,1,,,0.5,Why would it cost too much?,training,training,4.13.882,38,37
129917,4.13,amem_no_feedback,amem,no_feedback,order_1,score,succeeded,0.75,1.0,0.0,0.0,8215,8254,16191,1,,,0.75,But why is oscillating a problem?,training,training,4.13.599,39,38
129919,4.13,amem_no_feedback,amem,no_feedback,order_1,score,succeeded,0.5,1.0,0.0,0.0,8078,8116,14873,1,,,0.5,"To evaluate the path, the current load is used: changes in the utilization are considered and A will not use paths which are overused at the moment.",training,training,4.13.1561,40,39
130321,4.13,amem_no_feedback,amem,no_feedback,order_2,score,succeeded,0.8,1.0,-0.19999999999999996,0.19999999999999996,253,287,14341,1,,,1.0,Correct,training,training,4.13.1413,1,0
130323,4.13,amem_no_feedback,amem,no_feedback,order_2,score,succeeded,0.5,1.0,0.25,0.25,577,618,12948,1,,,0.25,"Is that a problem? And if yes, why?",training,training,4.13.1006,2,1
130325,4.13,amem_no_feedback,amem,no_feedback,order_2,score,succeeded,0.75,1.0,0.0,0.0,986,1021,12765,1,,,0.75,But why is oscillating a problem?,training,training,4.13.1493,3,2
130327,4.13,amem_no_feedback,amem,no_feedback,order_2,score,succeeded,0.25,1.0,-0.75,0.75,1361,1397,12395,1,,,1.0,Correct,training,training,4.13.908,4,3
130329,4.13,amem_no_feedback,amem,no_feedback,order_2,score,succeeded,0.8,1.0,0.050000000000000044,0.050000000000000044,1771,1805,11218,1,,,0.75,But why is oscillating a problem?,training,training,4.13.1585,5,4
130331,4.13,amem_no_feedback,amem,no_feedback,order_2,score,succeeded,0.5,1.0,0.0,0.0,2114,2152,14609,1,,,0.5,"To evaluate the path, the current load is used: changes in the utilization are considered and A will not use paths which are overused at the moment.",training,training,4.13.1561,6,5
130333,4.13,amem_no_feedback,amem,no_feedback,order_2,score,succeeded,0.75,1.0,0.0,0.0,2632,2670,15586,1,,,0.75,But why is this oscillating a problem?,training,training,4.13.806,7,6
130335,4.13,amem_no_feedback,amem,no_feedback,order_2,score,succeeded,0.25,1.0,-0.75,0.75,2973,3008,12294,1,,,1.0,Correct,training,training,4.13.1661,8,7
130337,4.13,amem_no_feedback,amem,no_feedback,order_2,score,succeeded,0.75,1.0,0.0,0.0,3330,3367,13964,1,,,0.75,But why is oscillating a problem?,training,training,4.13.599,9,8
130339,4.13,amem_no_feedback,amem,no_feedback,order_2,score,succeeded,0.75,1.0,0.0,0.0,3665,3699,12880,1,,,0.75,Why would this impact applications?,training,training,4.13.742,10,9
130341,4.13,amem_no_feedback,amem,no_feedback,order_2,score,succeeded,0.5,1.0,0.0,0.0,3997,4035,14029,1,,,0.5,Why would it cost too much?,training,training,4.13.882,11,10
130343,4.13,amem_no_feedback,amem,no_feedback,order_2,score,succeeded,0.5,1.0,0.0,0.0,4479,4517,18066,1,,,0.5,"But as soon as another path has less load, senders will send over the less utilized path.",training,training,4.13.162,12,11
130345,4.13,amem_no_feedback,amem,no_feedback,order_2,score,succeeded,0.25,1.0,-0.25,0.25,4884,4925,19532,1,,,0.5,"The network state is taken into account, because we evaluate the quality of the path by comparing the current load on the path.",training,training,4.13.2000,13,12
130347,4.13,amem_no_feedback,amem,no_feedback,order_2,score,succeeded,0.5,1.0,-0.5,0.5,5274,5308,13810,1,,,1.0,Correct,training,training,4.13.886,14,13
130349,4.13,amem_no_feedback,amem,no_feedback,order_2,score,succeeded,0.5,1.0,0.0,0.0,5699,5744,12407,1,,,0.5,Why would they be transferred in circles? For example C-F and E-I will be compared and the link with less utilization will be used.,training,training,4.13.435,15,14
130351,4.13,amem_no_feedback,amem,no_feedback,order_2,score,succeeded,0.75,1.0,0.25,0.25,6051,6086,13635,1,,,0.5,"Why would this be repeated? If another path has less utilization, the path will be used and the packet will be transmitted to G.",training,training,4.13.2101,16,15
130353,4.13,amem_no_feedback,amem,no_feedback,order_2,score,succeeded,0.75,1.0,0.0,0.0,6397,6427,12356,1,,,0.75,But why is this a problem?,training,training,4.13.804,17,16
130355,4.13,amem_no_feedback,amem,no_feedback,order_2,score,succeeded,0.75,1.0,0.0,0.0,6768,6801,11409,1,,,0.75,But why is oscillating a problem?,training,training,4.13.1513,18,17
130357,4.13,amem_no_feedback,amem,no_feedback,order_2,score,succeeded,0.75,1.0,-0.25,0.25,7126,7159,13771,1,,,1.0,Correct,training,training,4.13.1822,19,18
130359,4.13,amem_no_feedback,amem,no_feedback,order_2,score,succeeded,0.5,1.0,-0.5,0.5,7601,7637,13098,1,,,1.0,Correct,training,training,4.13.1976,20,19
130361,4.13,amem_no_feedback,amem,no_feedback,order_2,score,succeeded,0.75,1.0,-0.25,0.25,7947,7983,13456,1,,,1.0,Correct,training,training,4.13.1789,21,20
130363,4.13,amem_no_feedback,amem,no_feedback,order_2,score,succeeded,0.75,1.0,0.0,0.0,8049,8088,12675,1,,,0.75,But why is oscillating a problem?,training,training,4.13.1311,22,21
130365,4.13,amem_no_feedback,amem,no_feedback,order_2,score,succeeded,0.5,1.0,0.0,0.0,8094,8128,14250,1,,,0.5,"But the packets will always take the path with the smallest utilization. If the path is too much used, packets will go another way.",training,training,4.13.2114,23,22
130367,4.13,amem_no_feedback,amem,no_feedback,order_2,score,succeeded,0.5,1.0,0.0,0.0,8116,8159,15565,1,,,0.5,"The links C-F and E-I are highly used, you're right. But if a packet wants to go from ABCDE to FGHIJ, C-F and E-I will be compared and the packet will go on the link, with less utilization of those two and not on the links that are at least used overall.",training,training,4.13.545,24,23
130369,4.13,amem_no_feedback,amem,no_feedback,order_2,score,succeeded,0.75,1.0,-0.25,0.25,8001,8033,11729,1,,,1.0,Correct,training,training,4.13.452,25,24
130371,4.13,amem_no_feedback,amem,no_feedback,order_2,score,succeeded,0.5,1.0,0.0,0.0,7933,7967,11978,1,,,0.5,Why would both nodes think that the other node's route is a better choice? Every link from A to G is compared by current load and the one with less utilization will be used.,training,training,4.13.108,26,25
130373,4.13,amem_no_feedback,amem,no_feedback,order_2,score,succeeded,0.25,1.0,-0.25,0.25,8047,8082,11898,1,,,0.5,"It is no problem, that traffic volume changes over time. And in the scenario, there is no change of topology changes mentioned.",training,training,4.13.289,27,26
130375,4.13,amem_no_feedback,amem,no_feedback,order_2,score,succeeded,0.75,1.0,0.0,0.0,8111,8143,11363,1,,,0.75,But why is alternating a problem?,training,training,4.13.441,28,27
130377,4.13,amem_no_feedback,amem,no_feedback,order_2,score,succeeded,0.5,1.0,-0.5,0.5,8002,8036,11305,1,,,1.0,Correct,training,training,4.13.1329,29,28
130379,4.13,amem_no_feedback,amem,no_feedback,order_2,score,succeeded,0.75,1.0,0.0,0.0,8159,8190,13772,1,,,0.75,But why is oscillating a problem?,training,training,4.13.623,30,29
130381,4.13,amem_no_feedback,amem,no_feedback,order_2,score,succeeded,0.75,1.0,0.0,0.0,8190,8228,12002,1,,,0.75,But why may the receiver not receive data?,training,training,4.13.720,31,30
130383,4.13,amem_no_feedback,amem,no_feedback,order_2,score,succeeded,0.5,1.0,0.0,0.0,8138,8178,15479,1,,,0.5,But this is a problem of the topology or traffic volume on the network and not of the routing strategy itself.,training,training,4.13.1043,32,31
130385,4.13,amem_no_feedback,amem,no_feedback,order_2,score,succeeded,0.75,1.0,-0.25,0.25,8093,8125,14436,1,,,1.0,Correct,training,training,4.13.259,33,32
130387,4.13,amem_no_feedback,amem,no_feedback,order_2,score,succeeded,0.75,1.0,-0.25,0.25,8205,8237,11898,1,,,1.0,Correct,training,training,4.13.1060,34,33
130389,4.13,amem_no_feedback,amem,no_feedback,order_2,score,succeeded,0.75,1.0,0.0,0.0,8197,8229,13976,1,,,0.75,But why is oscillating a problem?,training,training,4.13.911,35,34
130391,4.13,amem_no_feedback,amem,no_feedback,order_2,score,succeeded,0.5,1.0,0.0,0.0,8100,8148,17040,1,,,0.5,Count-to-infinity mostly appears when the topology changes. There is nothing about this in the text.,training,training,4.13.1283,36,35
130393,4.13,amem_no_feedback,amem,no_feedback,order_2,score,succeeded,0.5,1.0,0.0,0.0,8217,8260,11876,1,,,0.5,"If C-F and E-I have both high utilization, the packet will be sent on the path, that is less utilized than the other one, even if both utilizations are high. It will not be passed between C and E",training,training,4.13.254,37,36
130395,4.13,amem_no_feedback,amem,no_feedback,order_2,score,succeeded,0.75,1.0,0.0,0.0,8065,8099,11957,1,,,0.75,But why is oscillation a problem?,training,training,4.13.1394,38,37
130397,4.13,amem_no_feedback,amem,no_feedback,order_2,score,succeeded,0.25,1.0,-0.25,0.25,8314,8357,15231,2,,,0.5,"But it is defined, what the best route is: the one with less utilization. So C-F and E-I will be compared and the one with less utilization, the packet will be send on.",training,training,4.13.213,39,38
130399,4.13,amem_no_feedback,amem,no_feedback,order_2,score,succeeded,0.75,1.0,0.0,0.0,8314,8349,14802,1,,,0.75,But why is alternating a problem?,training,training,4.13.1155,40,39
130801,4.13,amem_no_feedback,amem,no_feedback,order_3,score,succeeded,0.7,1.0,-0.050000000000000044,0.050000000000000044,283,331,14984,1,,,0.75,Why would this impact applications?,training,training,4.13.742,1,0
130803,4.13,amem_no_feedback,amem,no_feedback,order_3,score,succeeded,0.2,1.0,-0.3,0.3,612,644,10391,1,,,0.5,"But the packets will always take the path with the smallest utilization. If the path is too much used, packets will go another way.",training,training,4.13.2114,2,1
130805,4.13,amem_no_feedback,amem,no_feedback,order_3,score,succeeded,0.3,1.0,-0.7,0.7,961,1000,15950,1,,,1.0,Correct,training,training,4.13.1329,3,2
130807,4.13,amem_no_feedback,amem,no_feedback,order_3,score,succeeded,0.4,1.0,-0.6,0.6,1289,1325,13560,1,,,1.0,Correct,training,training,4.13.1976,4,3
130809,4.13,amem_no_feedback,amem,no_feedback,order_3,score,succeeded,0.25,1.0,-0.25,0.25,1607,1646,11695,1,,,0.5,"But it is defined, what the best route is: the one with less utilization. So C-F and E-I will be compared and the one with less utilization, the packet will be send on.",training,training,4.13.213,5,4
130811,4.13,amem_no_feedback,amem,no_feedback,order_3,score,succeeded,0.25,1.0,-0.25,0.25,1985,2028,11850,1,,,0.5,Count-to-infinity mostly appears when the topology changes. There is nothing about this in the text.,training,training,4.13.1283,6,5
130813,4.13,amem_no_feedback,amem,no_feedback,order_3,score,succeeded,0.5,1.0,-0.5,0.5,2392,2428,13360,1,,,1.0,Correct,training,training,4.13.452,7,6
130815,4.13,amem_no_feedback,amem,no_feedback,order_3,score,succeeded,0.9,1.0,-0.09999999999999998,0.09999999999999998,2870,2916,10894,1,,,1.0,Correct,training,training,4.13.1822,8,7
130817,4.13,amem_no_feedback,amem,no_feedback,order_3,score,succeeded,0.5,1.0,-0.5,0.5,3232,3265,12478,1,,,1.0,Correct,training,training,4.13.886,9,8
130819,4.13,amem_no_feedback,amem,no_feedback,order_3,score,succeeded,0.75,1.0,0.0,0.0,3607,3649,11928,1,,,0.75,But why is this oscillating a problem?,training,training,4.13.806,10,9
130821,4.13,amem_no_feedback,amem,no_feedback,order_3,score,succeeded,0.75,1.0,0.0,0.0,3979,4015,11723,1,,,0.75,But why is alternating a problem?,training,training,4.13.441,11,10
130823,4.13,amem_no_feedback,amem,no_feedback,order_3,score,succeeded,0.3,1.0,-0.2,0.2,4355,4396,11731,1,,,0.5,But this is a problem of the topology or traffic volume on the network and not of the routing strategy itself.,training,training,4.13.1043,12,11
130825,4.13,amem_no_feedback,amem,no_feedback,order_3,score,succeeded,0.75,1.0,0.0,0.0,4720,4751,11077,1,,,0.75,But why is oscillating a problem?,training,training,4.13.623,13,12
130827,4.13,amem_no_feedback,amem,no_feedback,order_3,score,succeeded,0.6,1.0,0.09999999999999998,0.09999999999999998,4983,5016,10452,1,,,0.5,"To evaluate the path, the current load is used: changes in the utilization are considered and A will not use paths which are overused at the moment.",training,training,4.13.1561,14,13
130829,4.13,amem_no_feedback,amem,no_feedback,order_3,score,succeeded,0.75,1.0,-0.25,0.25,5374,5406,11724,1,,,1.0,Correct,training,training,4.13.259,15,14
130831,4.13,amem_no_feedback,amem,no_feedback,order_3,score,succeeded,0.5,1.0,0.0,0.0,5790,5842,11751,1,,,0.5,"The links C-F and E-I are highly used, you're right. But if a packet wants to go from ABCDE to FGHIJ, C-F and E-I will be compared and the packet will go on the link, with less utilization of those two and not on the links that are at least used overall.",training,training,4.13.545,16,15
130833,4.13,amem_no_feedback,amem,no_feedback,order_3,score,succeeded,0.75,1.0,0.0,0.0,6244,6279,11055,1,,,0.75,But why is oscillation a problem?,training,training,4.13.1394,17,16
130835,4.13,amem_no_feedback,amem,no_feedback,order_3,score,succeeded,0.75,1.0,0.0,0.0,6573,6608,11157,1,,,0.75,But why is oscillating a problem?,training,training,4.13.1493,18,17
130837,4.13,amem_no_feedback,amem,no_feedback,order_3,score,succeeded,0.25,1.0,-0.75,0.75,6978,7017,11645,1,,,1.0,Correct,training,training,4.13.908,19,18
130839,4.13,amem_no_feedback,amem,no_feedback,order_3,score,succeeded,0.75,1.0,0.25,0.25,7405,7441,10654,1,,,0.5,"Why would this be repeated? If another path has less utilization, the path will be used and the packet will be transmitted to G.",training,training,4.13.2101,20,19
130841,4.13,amem_no_feedback,amem,no_feedback,order_3,score,succeeded,0.5,1.0,0.25,0.25,7764,7800,12747,1,,,0.25,"Is that a problem? And if yes, why?",training,training,4.13.1006,21,20
130843,4.13,amem_no_feedback,amem,no_feedback,order_3,score,succeeded,0.75,1.0,0.25,0.25,7736,7772,11779,1,,,0.5,Why would they be transferred in circles? For example C-F and E-I will be compared and the link with less utilization will be used.,training,training,4.13.435,22,21
130845,4.13,amem_no_feedback,amem,no_feedback,order_3,score,succeeded,0.5,1.0,-0.25,0.25,7762,7820,13015,1,,,0.75,But why may the receiver not receive data?,training,training,4.13.720,23,22
130847,4.13,amem_no_feedback,amem,no_feedback,order_3,score,succeeded,0.5,1.0,-0.25,0.25,7744,7776,10038,1,,,0.75,But why is this a problem?,training,training,4.13.804,24,23
130849,4.13,amem_no_feedback,amem,no_feedback,order_3,score,succeeded,0.75,1.0,0.0,0.0,7767,7800,14592,1,,,0.75,But why is oscillating a problem?,training,training,4.13.1513,25,24
130851,4.13,amem_no_feedback,amem,no_feedback,order_3,score,succeeded,0.25,1.0,-0.25,0.25,7682,7720,13471,1,,,0.5,Why would it cost too much?,training,training,4.13.882,26,25
130853,4.13,amem_no_feedback,amem,no_feedback,order_3,score,succeeded,0.5,1.0,-0.5,0.5,7716,7753,13078,1,,,1.0,Correct,training,training,4.13.1661,27,26
130855,4.13,amem_no_feedback,amem,no_feedback,order_3,score,succeeded,0.75,1.0,-0.25,0.25,7624,7658,11133,1,,,1.0,Correct,training,training,4.13.1789,28,27
130857,4.13,amem_no_feedback,amem,no_feedback,order_3,score,succeeded,0.75,1.0,0.0,0.0,7829,7864,11032,1,,,0.75,But why is oscillating a problem?,training,training,4.13.599,29,28
130859,4.13,amem_no_feedback,amem,no_feedback,order_3,score,succeeded,0.5,1.0,0.0,0.0,7651,7688,11551,1,,,0.5,"If C-F and E-I have both high utilization, the packet will be sent on the path, that is less utilized than the other one, even if both utilizations are high. It will not be passed between C and E",training,training,4.13.254,30,29
130861,4.13,amem_no_feedback,amem,no_feedback,order_3,score,succeeded,0.75,1.0,0.0,0.0,7861,7896,22275,1,,,0.75,But why is oscillating a problem?,training,training,4.13.1311,31,30
130863,4.13,amem_no_feedback,amem,no_feedback,order_3,score,succeeded,0.5,1.0,0.0,0.0,7813,7850,11217,1,,,0.5,"But as soon as another path has less load, senders will send over the less utilized path.",training,training,4.13.162,32,31
130865,4.13,amem_no_feedback,amem,no_feedback,order_3,score,succeeded,0.75,1.0,0.0,0.0,7864,7897,9659,1,,,0.75,But why is oscillating a problem?,training,training,4.13.911,33,32
130867,4.13,amem_no_feedback,amem,no_feedback,order_3,score,succeeded,0.25,1.0,-0.25,0.25,7720,7755,11511,1,,,0.5,"It is no problem, that traffic volume changes over time. And in the scenario, there is no change of topology changes mentioned.",training,training,4.13.289,34,33
130869,4.13,amem_no_feedback,amem,no_feedback,order_3,score,succeeded,0.75,1.0,-0.25,0.25,7768,7808,10430,1,,,1.0,Correct,training,training,4.13.1413,35,34
130871,4.13,amem_no_feedback,amem,no_feedback,order_3,score,succeeded,0.75,1.0,0.0,0.0,7744,7779,10926,1,,,0.75,But why is oscillating a problem?,training,training,4.13.1585,36,35
130873,4.13,amem_no_feedback,amem,no_feedback,order_3,score,succeeded,0.5,1.0,0.0,0.0,7626,7660,12139,1,,,0.5,Why would both nodes think that the other node's route is a better choice? Every link from A to G is compared by current load and the one with less utilization will be used.,training,training,4.13.108,37,36
130875,4.13,amem_no_feedback,amem,no_feedback,order_3,score,succeeded,0.75,1.0,0.0,0.0,7936,7974,10292,1,,,0.75,But why is alternating a problem?,training,training,4.13.1155,38,37
130877,4.13,amem_no_feedback,amem,no_feedback,order_3,score,succeeded,0.75,1.0,-0.25,0.25,7854,7889,11763,1,,,1.0,Correct,training,training,4.13.1060,39,38
130879,4.13,amem_no_feedback,amem,no_feedback,order_3,score,succeeded,0.5,1.0,0.0,0.0,7664,7705,11449,1,,,0.5,"The network state is taken into account, because we evaluate the quality of the path by comparing the current load on the path.",training,training,4.13.2000,40,39
132441,4.2_LM_v1.0,no_memory,none,full,order_1,score,succeeded,1.0,1.0,0.0,0.0,196,228,11301,1,,,1.0,The response correctly answers all three parts of the question.,training,training,4.2_LM_v1.0.115,1,0
132442,4.2_LM_v1.0,no_memory,none,full,order_1,score,succeeded,0.9,1.0,-0.09999999999999998,0.09999999999999998,263,314,12321,1,,,1.0,"The response correctly answers all three parts of the question with an example. However, the answer also states the 9% efficiency of carrier extension which is only valid in worst case scenario. The efficiency can be better based on how much data we are sending which can vary between 46-1500 bytes.",training,training,4.2_LM_v1.0.388,2,0
132443,4.2_LM_v1.0,no_memory,none,full,order_1,score,succeeded,1.0,1.0,0.25,0.25,233,281,15020,1,,,0.75,The response answers the frame bursting definition and its advantage correctly. But the disadvantage part is not completely accurate as it states frame bursting can't be used if there are no frames in queue. The sender may need to wait in case there are not enough frames which will cause additional delay.,training,training,4.2_LM_v1.0.1970,3,0
132444,4.2_LM_v1.0,no_memory,none,full,order_1,score,succeeded,1.0,1.0,0.0,0.0,168,202,13625,1,,,1.0,The response answers all three parts of the question correctly.,training,training,4.2_LM_v1.0.16,4,0
132445,4.2_LM_v1.0,no_memory,none,full,order_1,score,succeeded,1.0,1.0,0.0,0.0,260,291,10986,1,,,1.0,The response correctly explains the frame busting concept as well as its advantage and disadvantage.,training,training,4.2_LM_v1.0.252,5,0
132446,4.2_LM_v1.0,no_memory,none,full,order_1,score,succeeded,0.9,1.0,0.15000000000000002,0.15000000000000002,297,350,9300,1,,,0.75,"The response answers the advantage and disadvantage of frame bursting correctly. However, the definition part is partially correct as it mentions that there are 10 packets to be sent together, which is not true as there is no specification for the number of packets in a frame. Frame bursting is used to concatenate a sequence of multiple frames and transmitting them in one single transmission.",training,training,4.2_LM_v1.0.1304,6,0
132447,4.2_LM_v1.0,no_memory,none,full,order_1,score,succeeded,0.67,1.0,0.17000000000000004,0.17000000000000004,138,161,10524,1,,,0.5,"The response correctly states the advantage and the disadvantage of frame bursting. However, it does not contain a definition. Frame bursting reduces the overhead of transmitting small frames by concatenating a sequence of multiple frames in one single transmission.",training,training,4.2_LM_v1.0.2040,7,0
132448,4.2_LM_v1.0,no_memory,none,full,order_1,score,succeeded,1.0,1.0,0.0,0.0,157,176,10472,1,,,1.0,The response answers all three parts of the question accurately.,training,training,4.2_LM_v1.0.2047,8,0
132449,4.2_LM_v1.0,no_memory,none,full,order_1,score,succeeded,1.0,1.0,0.0,0.0,250,280,10030,1,,,1.0,"The response states the correct definition of frame bursting, including its advantage and disadvantage.",training,training,4.2_LM_v1.0.1385,9,0
132450,4.2_LM_v1.0,no_memory,none,full,order_1,score,succeeded,0.65,1.0,0.15000000000000002,0.15000000000000002,207,273,12351,1,,,0.5,"The response answers the advantage and disadvantage part correctly. However, the definition is incorrect as it contains details, such as a maximal burst of three packets and a recommendation not to use it with more than 3 clients, that do not hold for frame bursting in general.",training,training,4.2_LM_v1.0.640,10,0
132451,4.2_LM_v1.0,no_memory,none,full,order_1,score,succeeded,0.75,1.0,-0.25,0.25,188,237,11083,1,,,1.0,The response answers all three parts of the question correctly.,training,training,4.2_LM_v1.0.2067,11,0
132452,4.2_LM_v1.0,no_memory,none,full,order_1,score,succeeded,1.0,1.0,0.0,0.0,331,361,10064,1,,,1.0,"The response correctly explains the definition of frame bursting, including an advantage and a disadvantage.",training,training,4.2_LM_v1.0.694,12,0
132453,4.2_LM_v1.0,no_memory,none,full,order_1,score,succeeded,1.0,1.0,0.0,0.0,174,202,8314,1,,,1.0,"The response gives the correct definition of frame bursting, including an advantage and a disadvantage.",training,training,4.2_LM_v1.0.143,13,0
132454,4.2_LM_v1.0,no_memory,none,full,order_1,score,succeeded,1.0,1.0,0.0,0.0,286,316,9326,1,,,1.0,"The response correctly explains the frame bursting concept, including its advantage and disadvantage.",training,training,4.2_LM_v1.0.277,14,0
132455,4.2_LM_v1.0,no_memory,none,full,order_1,score,succeeded,1.0,1.0,0.0,0.0,206,232,15244,1,,,1.0,"The response correctly answers the frame bursting definition, its advantage and disadvantage.",training,training,4.2_LM_v1.0.1984,15,0
132456,4.2_LM_v1.0,no_memory,none,full,order_1,score,succeeded,0.85,1.0,-0.15000000000000002,0.15000000000000002,192,234,9438,1,,,1.0,"The response correctly states the frame bursting definition, advantage and disadvantage.",training,training,4.2_LM_v1.0.1190,16,0
132457,4.2_LM_v1.0,no_memory,none,full,order_1,score,succeeded,0.95,1.0,-0.050000000000000044,0.050000000000000044,231,268,11941,1,,,1.0,The response answers all three parts of the question correctly.,training,training,4.2_LM_v1.0.1816,17,0
132458,4.2_LM_v1.0,no_memory,none,full,order_1,score,succeeded,1.0,1.0,0.0,0.0,194,224,10565,1,,,1.0,"The response is correct as it correctly explains the concept of frame bursting, its advantage and disadvantage.",training,training,4.2_LM_v1.0.881,18,0
132459,4.2_LM_v1.0,no_memory,none,full,order_1,score,succeeded,0.9,1.0,-0.09999999999999998,0.09999999999999998,155,195,11295,1,,,1.0,The response answers the question requirements correctly.,training,training,4.2_LM_v1.0.1271,19,0
132460,4.2_LM_v1.0,no_memory,none,full,order_1,score,succeeded,1.0,1.0,0.0,0.0,219,257,12072,1,,,1.0,"The response is correctly answers frame bursting definition, its advantage and disadvantage.",training,training,4.2_LM_v1.0.1427,20,0
132461,4.2_LM_v1.0,no_memory,none,full,order_1,score,succeeded,1.0,1.0,0.0,0.0,262,303,12037,1,,,1.0,The response correctly explains what frame bursting is and also provides the accurate advantage and disadvantage of it.,training,training,4.2_LM_v1.0.1441,21,0
132462,4.2_LM_v1.0,no_memory,none,full,order_1,score,succeeded,1.0,1.0,0.0,0.0,187,217,16439,1,,,1.0,The response correctly answers all three parts of the question.,training,training,4.2_LM_v1.0.370,22,0
132463,4.2_LM_v1.0,no_memory,none,full,order_1,score,succeeded,0.9,1.0,-0.09999999999999998,0.09999999999999998,202,250,16171,1,,,1.0,"The response correctly explains the frame bursting concept, an advantage and a disadvantage.",training,training,4.2_LM_v1.0.654,23,0
132464,4.2_LM_v1.0,no_memory,none,full,order_1,score,succeeded,1.0,1.0,0.25,0.25,195,238,11763,1,,,0.75,"The disadvantage given is correct for frame bursting in general. However, if you use it as a substitution for carrier extension, the goal is to reach the minimum frame length/transmission time needed for collisions to be detectable. Therefore, increasing transmission time is not a disadvantage in this case. Apart from that, the answer is correct.",training,training,4.2_LM_v1.0.713,24,0
132465,4.2_LM_v1.0,no_memory,none,full,order_1,score,succeeded,1.0,1.0,0.0,0.0,250,280,10126,1,,,1.0,The response answers all the three parts of the question correctly.,training,training,4.2_LM_v1.0.1630,25,0
132466,4.2_LM_v1.0,no_memory,none,full,order_1,score,succeeded,1.0,1.0,0.0,0.0,175,202,15676,1,,,1.0,"The response correctly states the frame bursting definition, its advantage and disadvantage.",training,training,4.2_LM_v1.0.333,26,0
132467,4.2_LM_v1.0,no_memory,none,full,order_1,score,succeeded,0.9,1.0,-0.09999999999999998,0.09999999999999998,201,240,17313,1,,,1.0,The response answers all three parts of the question correctly.,training,training,4.2_LM_v1.0.1029,27,0
132468,4.2_LM_v1.0,no_memory,none,full,order_1,score,succeeded,0.9,1.0,-0.09999999999999998,0.09999999999999998,167,202,16327,1,,,1.0,The response answers all three parts of the question correctly.,training,training,4.2_LM_v1.0.1926,28,0
132469,4.2_LM_v1.0,no_memory,none,full,order_1,score,succeeded,0.5,1.0,-0.25,0.25,159,194,11696,1,,,0.75,"The response only states the frame bursting definition and its advantage, but is missing a disadvantage. There is a drawback when using frame bursting which is end to end delay. The sender may need to wait for a certain amount of frames to be collected and concatenated to a sequence of minimum length.",training,training,4.2_LM_v1.0.1525,29,0
132470,4.2_LM_v1.0,no_memory,none,full,order_1,score,succeeded,0.9,1.0,-0.09999999999999998,0.09999999999999998,175,226,13585,1,,,1.0,The response answers all parts of the question correctly.,training,training,4.2_LM_v1.0.1654,30,0
132471,4.2_LM_v1.0,no_memory,none,full,order_1,score,succeeded,1.0,1.0,0.0,0.0,198,223,12411,1,,,1.0,The response answers the question requirements correctly.,training,training,4.2_LM_v1.0.316,31,0
132472,4.2_LM_v1.0,no_memory,none,full,order_1,score,succeeded,0.8,1.0,-0.19999999999999996,0.19999999999999996,234,286,9684,1,,,1.0,"The response correctly states the frame bursting definition, its advantage and disadvantage.",training,training,4.2_LM_v1.0.1601,32,0
132473,4.2_LM_v1.0,no_memory,none,full,order_1,score,succeeded,1.0,1.0,0.0,0.0,183,214,10792,1,,,1.0,"The response gives the frame bursting definition, its advantage and disadvantage correctly.",training,training,4.2_LM_v1.0.1320,33,0
132474,4.2_LM_v1.0,no_memory,none,full,order_1,score,succeeded,0.9,1.0,-0.09999999999999998,0.09999999999999998,270,306,12025,1,,,1.0,"The response correctly answers the definition of frame bursting, its advantage and disadvantage.",training,training,4.2_LM_v1.0.1753,34,0
132475,4.2_LM_v1.0,no_memory,none,full,order_1,score,succeeded,1.0,1.0,0.0,0.0,341,371,9060,1,,,1.0,"The response correctly explains the concept of frame bursting, its advantages and disadvantages.",training,training,4.2_LM_v1.0.1315,35,0
132476,4.2_LM_v1.0,no_memory,none,full,order_1,score,succeeded,1.0,1.0,0.0,0.0,164,202,10411,1,,,1.0,"The response answer is correct as it contains an appropriate definition, advantage and disadvantage.",training,training,4.2_LM_v1.0.918,36,0
132477,4.2_LM_v1.0,no_memory,none,full,order_1,score,succeeded,0.85,1.0,-0.15000000000000002,0.15000000000000002,209,255,12271,1,,,1.0,"The response correctly explains the frame bursting concept, its advantage and disadvantage.",training,training,4.2_LM_v1.0.87,37,0
132478,4.2_LM_v1.0,no_memory,none,full,order_1,score,succeeded,0.9,1.0,-0.09999999999999998,0.09999999999999998,210,257,9857,1,,,1.0,The response correctly answers all three parts of the question.,training,training,4.2_LM_v1.0.1447,38,0
132479,4.2_LM_v1.0,no_memory,none,full,order_1,score,succeeded,0.9,1.0,-0.09999999999999998,0.09999999999999998,157,198,9931,1,,,1.0,The response correctly answers all three parts of the question.,training,training,4.2_LM_v1.0.40,39,0
132480,4.2_LM_v1.0,no_memory,none,full,order_1,score,succeeded,0.95,1.0,-0.050000000000000044,0.050000000000000044,244,292,10495,1,,,1.0,"The response correctly explains the frame bursting definition, its advantage and disadvantage.",training,training,4.2_LM_v1.0.446,40,0
132481,4.2_LM_v1.0,no_memory,none,full,order_2,score,succeeded,0.9,1.0,-0.09999999999999998,0.09999999999999998,157,192,10262,1,,,1.0,The response correctly answers all three parts of the question.,training,training,4.2_LM_v1.0.40,1,0
132482,4.2_LM_v1.0,no_memory,none,full,order_2,score,succeeded,0.6,1.0,-0.15000000000000002,0.15000000000000002,159,196,10788,1,,,0.75,"The response only states the frame bursting definition and its advantage, but is missing a disadvantage. There is a drawback when using frame bursting which is end to end delay. The sender may need to wait for a certain amount of frames to be collected and concatenated to a sequence of minimum length.",training,training,4.2_LM_v1.0.1525,2,0
132483,4.2_LM_v1.0,no_memory,none,full,order_2,score,succeeded,1.0,1.0,0.0,0.0,183,210,9322,1,,,1.0,"The response gives the frame bursting definition, its advantage and disadvantage correctly.",training,training,4.2_LM_v1.0.1320,3,0
132484,4.2_LM_v1.0,no_memory,none,full,order_2,score,succeeded,1.0,1.0,0.0,0.0,155,192,10568,1,,,1.0,The response answers the question requirements correctly.,training,training,4.2_LM_v1.0.1271,4,0
132485,4.2_LM_v1.0,no_memory,none,full,order_2,score,succeeded,1.0,1.0,0.0,0.0,174,196,10444,1,,,1.0,"The response gives the correct definition of frame bursting, including an advantage and a disadvantage.",training,training,4.2_LM_v1.0.143,5,0
132486,4.2_LM_v1.0,no_memory,none,full,order_2,score,succeeded,0.9,1.0,-0.09999999999999998,0.09999999999999998,201,240,11949,1,,,1.0,The response answers all three parts of the question correctly.,training,training,4.2_LM_v1.0.1029,6,0
132487,4.2_LM_v1.0,no_memory,none,full,order_2,score,succeeded,0.8,1.0,-0.19999999999999996,0.19999999999999996,167,211,10541,1,,,1.0,The response answers all three parts of the question correctly.,training,training,4.2_LM_v1.0.1926,7,0
132488,4.2_LM_v1.0,no_memory,none,full,order_2,score,succeeded,1.0,1.0,0.0,0.0,210,240,10048,1,,,1.0,The response correctly answers all three parts of the question.,training,training,4.2_LM_v1.0.1447,8,0
132489,4.2_LM_v1.0,no_memory,none,full,order_2,score,succeeded,1.0,1.0,0.0,0.0,244,283,10077,1,,,1.0,"The response correctly explains the frame bursting definition, its advantage and disadvantage.",training,training,4.2_LM_v1.0.446,9,0
132490,4.2_LM_v1.0,no_memory,none,full,order_2,score,succeeded,0.8,1.0,0.30000000000000004,0.30000000000000004,207,250,9190,1,,,0.5,"The response answers the advantage and disadvantage part correctly. However, the definition is incorrect as it contains details, such as a maximal burst of three packets and a recommendation not to use it with more than 3 clients, that do not hold for frame bursting in general.",training,training,4.2_LM_v1.0.640,10,0
132491,4.2_LM_v1.0,no_memory,none,full,order_2,score,succeeded,1.0,1.0,0.0,0.0,164,191,10959,1,,,1.0,"The response answer is correct as it contains an appropriate definition, advantage and disadvantage.",training,training,4.2_LM_v1.0.918,11,0
132492,4.2_LM_v1.0,no_memory,none,full,order_2,score,succeeded,1.0,1.0,0.0,0.0,196,218,11140,1,,,1.0,The response correctly answers all three parts of the question.,training,training,4.2_LM_v1.0.115,12,0
132493,4.2_LM_v1.0,no_memory,none,full,order_2,score,succeeded,0.65,1.0,-0.35,0.35,188,242,10045,1,,,1.0,The response answers all three parts of the question correctly.,training,training,4.2_LM_v1.0.2067,13,0
132494,4.2_LM_v1.0,no_memory,none,full,order_2,score,succeeded,0.8,1.0,-0.19999999999999996,0.19999999999999996,234,289,9369,1,,,1.0,"The response correctly states the frame bursting definition, its advantage and disadvantage.",training,training,4.2_LM_v1.0.1601,14,0
132495,4.2_LM_v1.0,no_memory,none,full,order_2,score,succeeded,1.0,1.0,0.0,0.0,331,361,10226,1,,,1.0,"The response correctly explains the definition of frame bursting, including an advantage and a disadvantage.",training,training,4.2_LM_v1.0.694,15,0
132496,4.2_LM_v1.0,no_memory,none,full,order_2,score,succeeded,1.0,1.0,0.0,0.0,263,295,9421,1,,,1.0,"The response correctly answers all three parts of the question with an example. However, the answer also states the 9% efficiency of carrier extension which is only valid in worst case scenario. The efficiency can be better based on how much data we are sending which can vary between 46-1500 bytes.",training,training,4.2_LM_v1.0.388,16,0
132497,4.2_LM_v1.0,no_memory,none,full,order_2,score,succeeded,1.0,1.0,0.0,0.0,286,318,8522,1,,,1.0,"The response correctly explains the frame bursting concept, including its advantage and disadvantage.",training,training,4.2_LM_v1.0.277,17,0
132498,4.2_LM_v1.0,no_memory,none,full,order_2,score,succeeded,0.9,1.0,-0.09999999999999998,0.09999999999999998,175,219,12648,1,,,1.0,The response answers all parts of the question correctly.,training,training,4.2_LM_v1.0.1654,18,0
132499,4.2_LM_v1.0,no_memory,none,full,order_2,score,succeeded,1.0,1.0,0.0,0.0,187,217,14458,1,,,1.0,The response correctly answers all three parts of the question.,training,training,4.2_LM_v1.0.370,19,0
132500,4.2_LM_v1.0,no_memory,none,full,order_2,score,succeeded,0.9,1.0,-0.09999999999999998,0.09999999999999998,192,247,8480,1,,,1.0,"The response correctly states the frame bursting definition, advantage and disadvantage.",training,training,4.2_LM_v1.0.1190,20,0
132501,4.2_LM_v1.0,no_memory,none,full,order_2,score,succeeded,1.0,1.0,0.0,0.0,250,286,9861,1,,,1.0,The response answers all the three parts of the question correctly.,training,training,4.2_LM_v1.0.1630,21,0
132502,4.2_LM_v1.0,no_memory,none,full,order_2,score,succeeded,0.9,1.0,-0.09999999999999998,0.09999999999999998,270,308,10886,1,,,1.0,"The response correctly answers the definition of frame bursting, its advantage and disadvantage.",training,training,4.2_LM_v1.0.1753,22,0
132503,4.2_LM_v1.0,no_memory,none,full,order_2,score,succeeded,1.0,1.0,0.25,0.25,233,259,9147,1,,,0.75,The response answers the frame bursting definition and its advantage correctly. But the disadvantage part is not completely accurate as it states frame bursting can't be used if there are no frames in queue. The sender may need to wait in case there are not enough frames which will cause additional delay.,training,training,4.2_LM_v1.0.1970,23,0
132504,4.2_LM_v1.0,no_memory,none,full,order_2,score,succeeded,0.95,1.0,-0.050000000000000044,0.050000000000000044,231,268,10373,1,,,1.0,The response answers all three parts of the question correctly.,training,training,4.2_LM_v1.0.1816,24,0
132505,4.2_LM_v1.0,no_memory,none,full,order_2,score,succeeded,1.0,1.0,0.0,0.0,219,249,9605,1,,,1.0,"The response is correctly answers frame bursting definition, its advantage and disadvantage.",training,training,4.2_LM_v1.0.1427,25,0
132506,4.2_LM_v1.0,no_memory,none,full,order_2,score,succeeded,0.9,1.0,-0.09999999999999998,0.09999999999999998,202,249,9098,1,,,1.0,"The response correctly explains the frame bursting concept, an advantage and a disadvantage.",training,training,4.2_LM_v1.0.654,26,0
132507,4.2_LM_v1.0,no_memory,none,full,order_2,score,succeeded,0.8,1.0,-0.19999999999999996,0.19999999999999996,175,225,12854,1,,,1.0,"The response correctly states the frame bursting definition, its advantage and disadvantage.",training,training,4.2_LM_v1.0.333,27,0
132508,4.2_LM_v1.0,no_memory,none,full,order_2,score,succeeded,0.95,1.0,0.19999999999999996,0.19999999999999996,297,346,11148,1,,,0.75,"The response answers the advantage and disadvantage of frame bursting correctly. However, the definition part is partially correct as it mentions that there are 10 packets to be sent together, which is not true as there is no specification for the number of packets in a frame. Frame bursting is used to concatenate a sequence of multiple frames and transmitting them in one single transmission.",training,training,4.2_LM_v1.0.1304,28,0
132509,4.2_LM_v1.0,no_memory,none,full,order_2,score,succeeded,0.9,1.0,-0.09999999999999998,0.09999999999999998,194,226,10029,1,,,1.0,"The response is correct as it correctly explains the concept of frame bursting, its advantage and disadvantage.",training,training,4.2_LM_v1.0.881,29,0
132510,4.2_LM_v1.0,no_memory,none,full,order_2,score,succeeded,0.9,1.0,-0.09999999999999998,0.09999999999999998,262,311,11786,1,,,1.0,The response correctly explains what frame bursting is and also provides the accurate advantage and disadvantage of it.,training,training,4.2_LM_v1.0.1441,30,0
132511,4.2_LM_v1.0,no_memory,none,full,order_2,score,succeeded,0.95,1.0,-0.050000000000000044,0.050000000000000044,341,386,9763,1,,,1.0,"The response correctly explains the concept of frame bursting, its advantages and disadvantages.",training,training,4.2_LM_v1.0.1315,31,0
132512,4.2_LM_v1.0,no_memory,none,full,order_2,score,succeeded,1.0,1.0,0.0,0.0,206,236,8998,1,,,1.0,"The response correctly answers the frame bursting definition, its advantage and disadvantage.",training,training,4.2_LM_v1.0.1984,32,0
132513,4.2_LM_v1.0,no_memory,none,full,order_2,score,succeeded,1.0,1.0,0.0,0.0,198,228,9742,1,,,1.0,The response answers the question requirements correctly.,training,training,4.2_LM_v1.0.316,33,0
132514,4.2_LM_v1.0,no_memory,none,full,order_2,score,succeeded,1.0,1.0,0.0,0.0,260,286,9517,1,,,1.0,The response correctly explains the frame busting concept as well as its advantage and disadvantage.,training,training,4.2_LM_v1.0.252,34,0
132515,4.2_LM_v1.0,no_memory,none,full,order_2,score,succeeded,0.85,1.0,-0.15000000000000002,0.15000000000000002,209,261,12919,1,,,1.0,"The response correctly explains the frame bursting concept, its advantage and disadvantage.",training,training,4.2_LM_v1.0.87,35,0
132516,4.2_LM_v1.0,no_memory,none,full,order_2,score,succeeded,0.9,1.0,-0.09999999999999998,0.09999999999999998,157,191,10827,1,,,1.0,The response answers all three parts of the question accurately.,training,training,4.2_LM_v1.0.2047,36,0
132517,4.2_LM_v1.0,no_memory,none,full,order_2,score,succeeded,0.5,1.0,0.0,0.0,138,163,11015,1,,,0.5,"The response correctly states the advantage and the disadvantage of frame bursting. However, it does not contain a definition. Frame bursting reduces the overhead of transmitting small frames by concatenating a sequence of multiple frames in one single transmission.",training,training,4.2_LM_v1.0.2040,37,0
132518,4.2_LM_v1.0,no_memory,none,full,order_2,score,succeeded,0.9,1.0,-0.09999999999999998,0.09999999999999998,168,216,9362,1,,,1.0,The response answers all three parts of the question correctly.,training,training,4.2_LM_v1.0.16,38,0
132519,4.2_LM_v1.0,no_memory,none,full,order_2,score,succeeded,1.0,1.0,0.0,0.0,250,280,11646,1,,,1.0,"The response states the correct definition of frame bursting, including its advantage and disadvantage.",training,training,4.2_LM_v1.0.1385,39,0
132520,4.2_LM_v1.0,no_memory,none,full,order_2,score,succeeded,1.0,1.0,0.25,0.25,195,227,11311,1,,,0.75,"The disadvantage given is correct for frame bursting in general. However, if you use it as a substitution for carrier extension, the goal is to reach the minimum frame length/transmission time needed for collisions to be detectable. Therefore, increasing transmission time is not a disadvantage in this case. Apart from that, the answer is correct.",training,training,4.2_LM_v1.0.713,40,0
132521,4.2_LM_v1.0,no_memory,none,full,order_3,score,succeeded,0.65,1.0,-0.09999999999999998,0.09999999999999998,159,199,9553,1,,,0.75,"The response only states the frame bursting definition and its advantage, but is missing a disadvantage. There is a drawback when using frame bursting which is end to end delay. The sender may need to wait for a certain amount of frames to be collected and concatenated to a sequence of minimum length.",training,training,4.2_LM_v1.0.1525,1,0
132522,4.2_LM_v1.0,no_memory,none,full,order_3,score,succeeded,1.0,1.0,0.0,0.0,194,216,8999,1,,,1.0,"The response is correct as it correctly explains the concept of frame bursting, its advantage and disadvantage.",training,training,4.2_LM_v1.0.881,2,0
132523,4.2_LM_v1.0,no_memory,none,full,order_3,score,succeeded,0.8,1.0,-0.19999999999999996,0.19999999999999996,157,198,10265,1,,,1.0,The response correctly answers all three parts of the question.,training,training,4.2_LM_v1.0.40,3,0
132524,4.2_LM_v1.0,no_memory,none,full,order_3,score,succeeded,1.0,1.0,0.0,0.0,155,182,9856,1,,,1.0,The response answers the question requirements correctly.,training,training,4.2_LM_v1.0.1271,4,0
132525,4.2_LM_v1.0,no_memory,none,full,order_3,score,succeeded,1.0,1.0,0.0,0.0,164,191,8114,1,,,1.0,"The response answer is correct as it contains an appropriate definition, advantage and disadvantage.",training,training,4.2_LM_v1.0.918,5,0
132526,4.2_LM_v1.0,no_memory,none,full,order_3,score,succeeded,1.0,1.0,0.0,0.0,206,236,10485,1,,,1.0,"The response correctly answers the frame bursting definition, its advantage and disadvantage.",training,training,4.2_LM_v1.0.1984,6,0
132527,4.2_LM_v1.0,no_memory,none,full,order_3,score,succeeded,0.9,1.0,0.15000000000000002,0.15000000000000002,297,328,9471,1,,,0.75,"The response answers the advantage and disadvantage of frame bursting correctly. However, the definition part is partially correct as it mentions that there are 10 packets to be sent together, which is not true as there is no specification for the number of packets in a frame. Frame bursting is used to concatenate a sequence of multiple frames and transmitting them in one single transmission.",training,training,4.2_LM_v1.0.1304,7,0
132528,4.2_LM_v1.0,no_memory,none,full,order_3,score,succeeded,1.0,1.0,0.0,0.0,250,280,10607,1,,,1.0,The response answers all the three parts of the question correctly.,training,training,4.2_LM_v1.0.1630,8,0
132529,4.2_LM_v1.0,no_memory,none,full,order_3,score,succeeded,1.0,1.0,0.0,0.0,175,202,10541,1,,,1.0,The response answers all parts of the question correctly.,training,training,4.2_LM_v1.0.1654,9,0
132530,4.2_LM_v1.0,no_memory,none,full,order_3,score,succeeded,1.0,1.0,0.0,0.0,331,361,8358,1,,,1.0,"The response correctly explains the definition of frame bursting, including an advantage and a disadvantage.",training,training,4.2_LM_v1.0.694,10,0
132531,4.2_LM_v1.0,no_memory,none,full,order_3,score,succeeded,0.95,1.0,-0.050000000000000044,0.050000000000000044,260,317,9438,1,,,1.0,The response correctly explains the frame busting concept as well as its advantage and disadvantage.,training,training,4.2_LM_v1.0.252,11,0
132532,4.2_LM_v1.0,no_memory,none,full,order_3,score,succeeded,1.0,1.0,0.0,0.0,187,217,9814,1,,,1.0,The response correctly answers all three parts of the question.,training,training,4.2_LM_v1.0.370,12,0
132533,4.2_LM_v1.0,no_memory,none,full,order_3,score,succeeded,0.85,1.0,-0.15000000000000002,0.15000000000000002,202,251,12757,1,,,1.0,"The response correctly explains the frame bursting concept, an advantage and a disadvantage.",training,training,4.2_LM_v1.0.654,13,0
132534,4.2_LM_v1.0,no_memory,none,full,order_3,score,succeeded,0.8,1.0,-0.19999999999999996,0.19999999999999996,234,288,11377,1,,,1.0,"The response correctly states the frame bursting definition, its advantage and disadvantage.",training,training,4.2_LM_v1.0.1601,14,0
132535,4.2_LM_v1.0,no_memory,none,full,order_3,score,succeeded,1.0,1.0,0.0,0.0,198,223,10491,1,,,1.0,The response answers the question requirements correctly.,training,training,4.2_LM_v1.0.316,15,0
132536,4.2_LM_v1.0,no_memory,none,full,order_3,score,succeeded,0.67,1.0,0.17000000000000004,0.17000000000000004,138,162,9032,1,,,0.5,"The response correctly states the advantage and the disadvantage of frame bursting. However, it does not contain a definition. Frame bursting reduces the overhead of transmitting small frames by concatenating a sequence of multiple frames in one single transmission.",training,training,4.2_LM_v1.0.2040,16,0
132537,4.2_LM_v1.0,no_memory,none,full,order_3,score,succeeded,1.0,1.0,0.0,0.0,263,294,12704,1,,,1.0,"The response correctly answers all three parts of the question with an example. However, the answer also states the 9% efficiency of carrier extension which is only valid in worst case scenario. The efficiency can be better based on how much data we are sending which can vary between 46-1500 bytes.",training,training,4.2_LM_v1.0.388,17,0
132538,4.2_LM_v1.0,no_memory,none,full,order_3,score,succeeded,0.8,1.0,-0.19999999999999996,0.19999999999999996,192,244,11964,1,,,1.0,"The response correctly states the frame bursting definition, advantage and disadvantage.",training,training,4.2_LM_v1.0.1190,18,0
132539,4.2_LM_v1.0,no_memory,none,full,order_3,score,succeeded,0.75,1.0,-0.25,0.25,188,239,10889,1,,,1.0,The response answers all three parts of the question correctly.,training,training,4.2_LM_v1.0.2067,19,0
132540,4.2_LM_v1.0,no_memory,none,full,order_3,score,succeeded,0.9,1.0,-0.09999999999999998,0.09999999999999998,209,256,10977,1,,,1.0,"The response correctly explains the frame bursting concept, its advantage and disadvantage.",training,training,4.2_LM_v1.0.87,20,0
132541,4.2_LM_v1.0,no_memory,none,full,order_3,score,succeeded,0.9,1.0,-0.09999999999999998,0.09999999999999998,157,186,9159,1,,,1.0,The response answers all three parts of the question accurately.,training,training,4.2_LM_v1.0.2047,21,0
132542,4.2_LM_v1.0,no_memory,none,full,order_3,score,succeeded,0.9,1.0,-0.09999999999999998,0.09999999999999998,262,312,13589,1,,,1.0,The response correctly explains what frame bursting is and also provides the accurate advantage and disadvantage of it.,training,training,4.2_LM_v1.0.1441,22,0
132543,4.2_LM_v1.0,no_memory,none,full,order_3,score,succeeded,0.9,1.0,-0.09999999999999998,0.09999999999999998,175,227,10524,1,,,1.0,"The response correctly states the frame bursting definition, its advantage and disadvantage.",training,training,4.2_LM_v1.0.333,23,0
132544,4.2_LM_v1.0,no_memory,none,full,order_3,score,succeeded,1.0,1.0,0.25,0.25,233,276,10024,1,,,0.75,The response answers the frame bursting definition and its advantage correctly. But the disadvantage part is not completely accurate as it states frame bursting can't be used if there are no frames in queue. The sender may need to wait in case there are not enough frames which will cause additional delay.,training,training,4.2_LM_v1.0.1970,24,0
132545,4.2_LM_v1.0,no_memory,none,full,order_3,score,succeeded,1.0,1.0,0.0,0.0,183,210,11584,1,,,1.0,"The response gives the frame bursting definition, its advantage and disadvantage correctly.",training,training,4.2_LM_v1.0.1320,25,0
132546,4.2_LM_v1.0,no_memory,none,full,order_3,score,succeeded,1.0,1.0,0.25,0.25,195,225,12012,1,,,0.75,"The disadvantage given is correct for frame bursting in general. However, if you use it as a substitution for carrier extension, the goal is to reach the minimum frame length/transmission time needed for collisions to be detectable. Therefore, increasing transmission time is not a disadvantage in this case. Apart from that, the answer is correct.",training,training,4.2_LM_v1.0.713,26,0
132547,4.2_LM_v1.0,no_memory,none,full,order_3,score,succeeded,0.7,1.0,0.19999999999999996,0.19999999999999996,207,260,9840,1,,,0.5,"The response answers the advantage and disadvantage part correctly. However, the definition is incorrect as it contains details, such as a maximal burst of three packets and a recommendation not to use it with more than 3 clients, that do not hold for frame bursting in general.",training,training,4.2_LM_v1.0.640,27,0
132548,4.2_LM_v1.0,no_memory,none,full,order_3,score,succeeded,1.0,1.0,0.0,0.0,219,255,8782,1,,,1.0,"The response is correctly answers frame bursting definition, its advantage and disadvantage.",training,training,4.2_LM_v1.0.1427,28,0
132549,4.2_LM_v1.0,no_memory,none,full,order_3,score,succeeded,1.0,1.0,0.0,0.0,196,226,10478,1,,,1.0,The response correctly answers all three parts of the question.,training,training,4.2_LM_v1.0.115,29,0
132550,4.2_LM_v1.0,no_memory,none,full,order_3,score,succeeded,0.9,1.0,-0.09999999999999998,0.09999999999999998,210,249,10481,1,,,1.0,The response correctly answers all three parts of the question.,training,training,4.2_LM_v1.0.1447,30,0
132551,4.2_LM_v1.0,no_memory,none,full,order_3,score,succeeded,1.0,1.0,0.0,0.0,231,261,8956,1,,,1.0,The response answers all three parts of the question correctly.,training,training,4.2_LM_v1.0.1816,31,0
132552,4.2_LM_v1.0,no_memory,none,full,order_3,score,succeeded,0.95,1.0,-0.050000000000000044,0.050000000000000044,167,207,9947,1,,,1.0,The response answers all three parts of the question correctly.,training,training,4.2_LM_v1.0.1926,32,0
132553,4.2_LM_v1.0,no_memory,none,full,order_3,score,succeeded,0.9,1.0,-0.09999999999999998,0.09999999999999998,174,218,8579,1,,,1.0,"The response gives the correct definition of frame bursting, including an advantage and a disadvantage.",training,training,4.2_LM_v1.0.143,33,0
132554,4.2_LM_v1.0,no_memory,none,full,order_3,score,succeeded,1.0,1.0,0.0,0.0,286,317,9564,1,,,1.0,"The response correctly explains the frame bursting concept, including its advantage and disadvantage.",training,training,4.2_LM_v1.0.277,34,0
132555,4.2_LM_v1.0,no_memory,none,full,order_3,score,succeeded,0.9,1.0,-0.09999999999999998,0.09999999999999998,341,379,9779,1,,,1.0,"The response correctly explains the concept of frame bursting, its advantages and disadvantages.",training,training,4.2_LM_v1.0.1315,35,0
132556,4.2_LM_v1.0,no_memory,none,full,order_3,score,succeeded,0.9,1.0,-0.09999999999999998,0.09999999999999998,201,249,11336,1,,,1.0,The response answers all three parts of the question correctly.,training,training,4.2_LM_v1.0.1029,36,0
132557,4.2_LM_v1.0,no_memory,none,full,order_3,score,succeeded,0.85,1.0,-0.15000000000000002,0.15000000000000002,168,210,9157,1,,,1.0,The response answers all three parts of the question correctly.,training,training,4.2_LM_v1.0.16,37,0
132558,4.2_LM_v1.0,no_memory,none,full,order_3,score,succeeded,1.0,1.0,0.0,0.0,244,280,9052,1,,,1.0,"The response correctly explains the frame bursting definition, its advantage and disadvantage.",training,training,4.2_LM_v1.0.446,38,0
132559,4.2_LM_v1.0,no_memory,none,full,order_3,score,succeeded,1.0,1.0,0.0,0.0,250,280,10777,1,,,1.0,"The response states the correct definition of frame bursting, including its advantage and disadvantage.",training,training,4.2_LM_v1.0.1385,39,0
132560,4.2_LM_v1.0,no_memory,none,full,order_3,score,succeeded,1.0,1.0,0.0,0.0,270,297,10578,1,,,1.0,"The response correctly answers the definition of frame bursting, its advantage and disadvantage.",training,training,4.2_LM_v1.0.1753,40,0
125121,4.2_LM_v1.0,retrieval_full,retrieval,full,order_1,score,succeeded,1.0,1.0,0.0,0.0,197,225,13833,1,,,1.0,The response correctly answers all three parts of the question.,training,training,4.2_LM_v1.0.115,1,0
125123,4.2_LM_v1.0,retrieval_full,retrieval,full,order_1,score,succeeded,1.0,1.0,0.0,0.0,438,472,10911,1,,,1.0,"The response correctly answers all three parts of the question with an example. However, the answer also states the 9% efficiency of carrier extension which is only valid in worst case scenario. The efficiency can be better based on how much data we are sending which can vary between 46-1500 bytes.",training,training,4.2_LM_v1.0.388,2,1
125125,4.2_LM_v1.0,retrieval_full,retrieval,full,order_1,score,succeeded,1.0,1.0,0.25,0.25,700,730,17973,1,,,0.75,The response answers the frame bursting definition and its advantage correctly. But the disadvantage part is not completely accurate as it states frame bursting can't be used if there are no frames in queue. The sender may need to wait in case there are not enough frames which will cause additional delay.,training,training,4.2_LM_v1.0.1970,3,2
125127,4.2_LM_v1.0,retrieval_full,retrieval,full,order_1,score,succeeded,0.75,1.0,-0.25,0.25,892,932,12180,1,,,1.0,The response answers all three parts of the question correctly.,training,training,4.2_LM_v1.0.16,4,3
125129,4.2_LM_v1.0,retrieval_full,retrieval,full,order_1,score,succeeded,1.0,1.0,0.0,0.0,1131,1182,13400,1,,,1.0,The response correctly explains the frame busting concept as well as its advantage and disadvantage.,training,training,4.2_LM_v1.0.252,5,4
125131,4.2_LM_v1.0,retrieval_full,retrieval,full,order_1,score,succeeded,1.0,1.0,0.25,0.25,1411,1447,8980,2,,,0.75,"The response answers the advantage and disadvantage of frame bursting correctly. However, the definition part is partially correct as it mentions that there are 10 packets to be sent together, which is not true as there is no specification for the number of packets in a frame. Frame bursting is used to concatenate a sequence of multiple frames and transmitting them in one single transmission.",training,training,4.2_LM_v1.0.1304,6,5
125133,4.2_LM_v1.0,retrieval_full,retrieval,full,order_1,score,succeeded,0.75,1.0,0.25,0.25,1590,1618,14082,1,,,0.5,"The response correctly states the advantage and the disadvantage of frame bursting. However, it does not contain a definition. Frame bursting reduces the overhead of transmitting small frames by concatenating a sequence of multiple frames in one single transmission.",training,training,4.2_LM_v1.0.2040,7,6
125135,4.2_LM_v1.0,retrieval_full,retrieval,full,order_1,score,succeeded,1.0,1.0,0.0,0.0,1760,1787,9296,1,,,1.0,The response answers all three parts of the question accurately.,training,training,4.2_LM_v1.0.2047,8,7
125137,4.2_LM_v1.0,retrieval_full,retrieval,full,order_1,score,succeeded,1.0,1.0,0.0,0.0,1991,2022,10467,1,,,1.0,"The response states the correct definition of frame bursting, including its advantage and disadvantage.",training,training,4.2_LM_v1.0.1385,9,8
125139,4.2_LM_v1.0,retrieval_full,retrieval,full,order_1,score,succeeded,0.75,1.0,0.25,0.25,2182,2240,11452,1,,,0.5,"The response answers the advantage and disadvantage part correctly. However, the definition is incorrect as it contains details, such as a maximal burst of three packets and a recommendation not to use it with more than 3 clients, that do not hold for frame bursting in general.",training,training,4.2_LM_v1.0.640,10,9
125141,4.2_LM_v1.0,retrieval_full,retrieval,full,order_1,score,succeeded,0.75,1.0,-0.25,0.25,2390,2444,11000,1,,,1.0,The response answers all three parts of the question correctly.,training,training,4.2_LM_v1.0.2067,11,10
125143,4.2_LM_v1.0,retrieval_full,retrieval,full,order_1,score,succeeded,1.0,1.0,0.0,0.0,2703,2737,15331,1,,,1.0,"The response correctly explains the definition of frame bursting, including an advantage and a disadvantage.",training,training,4.2_LM_v1.0.694,12,11
125145,4.2_LM_v1.0,retrieval_full,retrieval,full,order_1,score,succeeded,1.0,1.0,0.0,0.0,2860,2888,9925,1,,,1.0,"The response gives the correct definition of frame bursting, including an advantage and a disadvantage.",training,training,4.2_LM_v1.0.143,13,12
125147,4.2_LM_v1.0,retrieval_full,retrieval,full,order_1,score,succeeded,1.0,1.0,0.0,0.0,3131,3161,9373,1,,,1.0,"The response correctly explains the frame bursting concept, including its advantage and disadvantage.",training,training,4.2_LM_v1.0.277,14,13
125149,4.2_LM_v1.0,retrieval_full,retrieval,full,order_1,score,succeeded,1.0,1.0,0.0,0.0,3320,3362,11871,1,,,1.0,"The response correctly answers the frame bursting definition, its advantage and disadvantage.",training,training,4.2_LM_v1.0.1984,15,14
125151,4.2_LM_v1.0,retrieval_full,retrieval,full,order_1,score,succeeded,0.5,1.0,-0.5,0.5,3496,3551,12501,1,,,1.0,"The response correctly states the frame bursting definition, advantage and disadvantage.",training,training,4.2_LM_v1.0.1190,16,15
125153,4.2_LM_v1.0,retrieval_full,retrieval,full,order_1,score,succeeded,1.0,1.0,0.0,0.0,3709,3734,11675,1,,,1.0,The response answers all three parts of the question correctly.,training,training,4.2_LM_v1.0.1816,17,16
125155,4.2_LM_v1.0,retrieval_full,retrieval,full,order_1,score,succeeded,1.0,1.0,0.0,0.0,3881,3913,14229,1,,,1.0,"The response is correct as it correctly explains the concept of frame bursting, its advantage and disadvantage.",training,training,4.2_LM_v1.0.881,18,17
125157,4.2_LM_v1.0,retrieval_full,retrieval,full,order_1,score,succeeded,1.0,1.0,0.0,0.0,4021,4040,14121,1,,,1.0,The response answers the question requirements correctly.,training,training,4.2_LM_v1.0.1271,19,18
125159,4.2_LM_v1.0,retrieval_full,retrieval,full,order_1,score,succeeded,1.0,1.0,0.0,0.0,4220,4254,14868,1,,,1.0,"The response is correctly answers frame bursting definition, its advantage and disadvantage.",training,training,4.2_LM_v1.0.1427,20,19
125161,4.2_LM_v1.0,retrieval_full,retrieval,full,order_1,score,succeeded,1.0,1.0,0.0,0.0,4467,4493,17489,1,,,1.0,The response correctly explains what frame bursting is and also provides the accurate advantage and disadvantage of it.,training,training,4.2_LM_v1.0.1441,21,20
125163,4.2_LM_v1.0,retrieval_full,retrieval,full,order_1,score,succeeded,1.0,1.0,0.0,0.0,4391,4423,16345,1,,,1.0,The response correctly answers all three parts of the question.,training,training,4.2_LM_v1.0.370,22,21
125165,4.2_LM_v1.0,retrieval_full,retrieval,full,order_1,score,succeeded,1.0,1.0,0.0,0.0,4256,4286,12974,1,,,1.0,"The response correctly explains the frame bursting concept, an advantage and a disadvantage.",training,training,4.2_LM_v1.0.654,23,22
125167,4.2_LM_v1.0,retrieval_full,retrieval,full,order_1,score,succeeded,0.75,1.0,0.0,0.0,4168,4204,20588,1,,,0.75,"The disadvantage given is correct for frame bursting in general. However, if you use it as a substitution for carrier extension, the goal is to reach the minimum frame length/transmission time needed for collisions to be detectable. Therefore, increasing transmission time is not a disadvantage in this case. Apart from that, the answer is correct.",training,training,4.2_LM_v1.0.713,24,23
125169,4.2_LM_v1.0,retrieval_full,retrieval,full,order_1,score,succeeded,1.0,1.0,0.0,0.0,4295,4325,17191,1,,,1.0,The response answers all the three parts of the question correctly.,training,training,4.2_LM_v1.0.1630,25,24
125171,4.2_LM_v1.0,retrieval_full,retrieval,full,order_1,score,succeeded,1.0,1.0,0.0,0.0,4101,4135,14813,1,,,1.0,"The response correctly states the frame bursting definition, its advantage and disadvantage.",training,training,4.2_LM_v1.0.333,26,25
125173,4.2_LM_v1.0,retrieval_full,retrieval,full,order_1,score,succeeded,0.9,1.0,-0.09999999999999998,0.09999999999999998,4059,4096,19101,1,,,1.0,The response answers all three parts of the question correctly.,training,training,4.2_LM_v1.0.1029,27,26
125175,4.2_LM_v1.0,retrieval_full,retrieval,full,order_1,score,succeeded,1.0,1.0,0.0,0.0,3916,3945,10497,1,,,1.0,The response answers all three parts of the question correctly.,training,training,4.2_LM_v1.0.1926,28,27
125177,4.2_LM_v1.0,retrieval_full,retrieval,full,order_1,score,succeeded,0.5,1.0,-0.25,0.25,3990,4026,10912,1,,,0.75,"The response only states the frame bursting definition and its advantage, but is missing a disadvantage. There is a drawback when using frame bursting which is end to end delay. The sender may need to wait for a certain amount of frames to be collected and concatenated to a sequence of minimum length.",training,training,4.2_LM_v1.0.1525,29,28
125179,4.2_LM_v1.0,retrieval_full,retrieval,full,order_1,score,succeeded,1.0,1.0,0.0,0.0,4008,4038,12225,1,,,1.0,The response answers all parts of the question correctly.,training,training,4.2_LM_v1.0.1654,30,29
125181,4.2_LM_v1.0,retrieval_full,retrieval,full,order_1,score,succeeded,1.0,1.0,0.0,0.0,4096,4132,12483,1,,,1.0,The response answers the question requirements correctly.,training,training,4.2_LM_v1.0.316,31,30
125183,4.2_LM_v1.0,retrieval_full,retrieval,full,order_1,score,succeeded,1.0,1.0,0.0,0.0,3996,4027,10009,1,,,1.0,"The response correctly states the frame bursting definition, its advantage and disadvantage.",training,training,4.2_LM_v1.0.1601,32,31
125185,4.2_LM_v1.0,retrieval_full,retrieval,full,order_1,score,succeeded,1.0,1.0,0.0,0.0,3824,3855,9499,1,,,1.0,"The response gives the frame bursting definition, its advantage and disadvantage correctly.",training,training,4.2_LM_v1.0.1320,33,32
125187,4.2_LM_v1.0,retrieval_full,retrieval,full,order_1,score,succeeded,1.0,1.0,0.0,0.0,3872,3911,14284,1,,,1.0,"The response correctly answers the definition of frame bursting, its advantage and disadvantage.",training,training,4.2_LM_v1.0.1753,34,33
125189,4.2_LM_v1.0,retrieval_full,retrieval,full,order_1,score,succeeded,1.0,1.0,0.0,0.0,4410,4440,10050,1,,,1.0,"The response correctly explains the concept of frame bursting, its advantages and disadvantages.",training,training,4.2_LM_v1.0.1315,35,34
125191,4.2_LM_v1.0,retrieval_full,retrieval,full,order_1,score,succeeded,1.0,1.0,0.0,0.0,3810,3836,10763,1,,,1.0,"The response answer is correct as it contains an appropriate definition, advantage and disadvantage.",training,training,4.2_LM_v1.0.918,36,35
125193,4.2_LM_v1.0,retrieval_full,retrieval,full,order_1,score,succeeded,1.0,1.0,0.0,0.0,4217,4258,12260,1,,,1.0,"The response correctly explains the frame bursting concept, its advantage and disadvantage.",training,training,4.2_LM_v1.0.87,37,36
125195,4.2_LM_v1.0,retrieval_full,retrieval,full,order_1,score,succeeded,1.0,1.0,0.0,0.0,3931,3961,11562,1,,,1.0,The response correctly answers all three parts of the question.,training,training,4.2_LM_v1.0.1447,38,37
125197,4.2_LM_v1.0,retrieval_full,retrieval,full,order_1,score,succeeded,1.0,1.0,0.0,0.0,3763,3787,11542,1,,,1.0,The response correctly answers all three parts of the question.,training,training,4.2_LM_v1.0.40,39,38
125199,4.2_LM_v1.0,retrieval_full,retrieval,full,order_1,score,succeeded,1.0,1.0,0.0,0.0,4706,4736,12429,1,,,1.0,"The response correctly explains the frame bursting definition, its advantage and disadvantage.",training,training,4.2_LM_v1.0.446,40,39
125601,4.2_LM_v1.0,retrieval_full,retrieval,full,order_2,score,succeeded,0.85,1.0,-0.15000000000000002,0.15000000000000002,158,199,9024,1,,,1.0,The response correctly answers all three parts of the question.,training,training,4.2_LM_v1.0.40,1,0
125603,4.2_LM_v1.0,retrieval_full,retrieval,full,order_2,score,succeeded,0.6,1.0,-0.15000000000000002,0.15000000000000002,295,334,11003,1,,,0.75,"The response only states the frame bursting definition and its advantage, but is missing a disadvantage. There is a drawback when using frame bursting which is end to end delay. The sender may need to wait for a certain amount of frames to be collected and concatenated to a sequence of minimum length.",training,training,4.2_LM_v1.0.1525,2,1
125605,4.2_LM_v1.0,retrieval_full,retrieval,full,order_2,score,succeeded,1.0,1.0,0.0,0.0,505,535,8696,1,,,1.0,"The response gives the frame bursting definition, its advantage and disadvantage correctly.",training,training,4.2_LM_v1.0.1320,3,2
125607,4.2_LM_v1.0,retrieval_full,retrieval,full,order_2,score,succeeded,1.0,1.0,0.0,0.0,643,670,8830,1,,,1.0,The response answers the question requirements correctly.,training,training,4.2_LM_v1.0.1271,4,3
125609,4.2_LM_v1.0,retrieval_full,retrieval,full,order_2,score,succeeded,1.0,1.0,0.0,0.0,794,821,8002,1,,,1.0,"The response gives the correct definition of frame bursting, including an advantage and a disadvantage.",training,training,4.2_LM_v1.0.143,5,4
125611,4.2_LM_v1.0,retrieval_full,retrieval,full,order_2,score,succeeded,1.0,1.0,0.0,0.0,980,1010,11530,1,,,1.0,The response answers all three parts of the question correctly.,training,training,4.2_LM_v1.0.1029,6,5
125613,4.2_LM_v1.0,retrieval_full,retrieval,full,order_2,score,succeeded,1.0,1.0,0.0,0.0,1125,1151,8450,1,,,1.0,The response answers all three parts of the question correctly.,training,training,4.2_LM_v1.0.1926,7,6
125615,4.2_LM_v1.0,retrieval_full,retrieval,full,order_2,score,succeeded,1.0,1.0,0.0,0.0,1315,1349,9519,1,,,1.0,The response correctly answers all three parts of the question.,training,training,4.2_LM_v1.0.1447,8,7
125617,4.2_LM_v1.0,retrieval_full,retrieval,full,order_2,score,succeeded,1.0,1.0,0.0,0.0,1541,1571,10681,1,,,1.0,"The response correctly explains the frame bursting definition, its advantage and disadvantage.",training,training,4.2_LM_v1.0.446,9,8
125619,4.2_LM_v1.0,retrieval_full,retrieval,full,order_2,score,succeeded,0.75,1.0,0.25,0.25,1729,1770,9992,1,,,0.5,"The response answers the advantage and disadvantage part correctly. However, the definition is incorrect as it contains details, such as a maximal burst of three packets and a recommendation not to use it with more than 3 clients, that do not hold for frame bursting in general.",training,training,4.2_LM_v1.0.640,10,9
125621,4.2_LM_v1.0,retrieval_full,retrieval,full,order_2,score,succeeded,1.0,1.0,0.0,0.0,1913,1939,9898,1,,,1.0,"The response answer is correct as it contains an appropriate definition, advantage and disadvantage.",training,training,4.2_LM_v1.0.918,11,10
125623,4.2_LM_v1.0,retrieval_full,retrieval,full,order_2,score,succeeded,1.0,1.0,0.0,0.0,2094,2121,8579,1,,,1.0,The response correctly answers all three parts of the question.,training,training,4.2_LM_v1.0.115,12,11
125625,4.2_LM_v1.0,retrieval_full,retrieval,full,order_2,score,succeeded,1.0,1.0,0.0,0.0,2260,2282,8745,1,,,1.0,The response answers all three parts of the question correctly.,training,training,4.2_LM_v1.0.2067,13,12
125627,4.2_LM_v1.0,retrieval_full,retrieval,full,order_2,score,succeeded,0.9,1.0,-0.09999999999999998,0.09999999999999998,2476,2522,10300,1,,,1.0,"The response correctly states the frame bursting definition, its advantage and disadvantage.",training,training,4.2_LM_v1.0.1601,14,13
125629,4.2_LM_v1.0,retrieval_full,retrieval,full,order_2,score,succeeded,1.0,1.0,0.0,0.0,2789,2817,8338,1,,,1.0,"The response correctly explains the definition of frame bursting, including an advantage and a disadvantage.",training,training,4.2_LM_v1.0.694,15,14
125631,4.2_LM_v1.0,retrieval_full,retrieval,full,order_2,score,succeeded,1.0,1.0,0.0,0.0,3037,3066,9314,1,,,1.0,"The response correctly answers all three parts of the question with an example. However, the answer also states the 9% efficiency of carrier extension which is only valid in worst case scenario. The efficiency can be better based on how much data we are sending which can vary between 46-1500 bytes.",training,training,4.2_LM_v1.0.388,16,15
125633,4.2_LM_v1.0,retrieval_full,retrieval,full,order_2,score,succeeded,1.0,1.0,0.0,0.0,3349,3380,8554,1,,,1.0,"The response correctly explains the frame bursting concept, including its advantage and disadvantage.",training,training,4.2_LM_v1.0.277,17,16
125635,4.2_LM_v1.0,retrieval_full,retrieval,full,order_2,score,succeeded,1.0,1.0,0.0,0.0,3507,3533,8660,1,,,1.0,The response answers all parts of the question correctly.,training,training,4.2_LM_v1.0.1654,18,17
125637,4.2_LM_v1.0,retrieval_full,retrieval,full,order_2,score,succeeded,1.0,1.0,0.0,0.0,3674,3706,11759,1,,,1.0,The response correctly answers all three parts of the question.,training,training,4.2_LM_v1.0.370,19,18
125639,4.2_LM_v1.0,retrieval_full,retrieval,full,order_2,score,succeeded,0.5,1.0,-0.5,0.5,3847,3891,9900,1,,,1.0,"The response correctly states the frame bursting definition, advantage and disadvantage.",training,training,4.2_LM_v1.0.1190,20,19
125641,4.2_LM_v1.0,retrieval_full,retrieval,full,order_2,score,succeeded,1.0,1.0,0.0,0.0,4079,4108,8223,1,,,1.0,The response answers all the three parts of the question correctly.,training,training,4.2_LM_v1.0.1630,21,20
125643,4.2_LM_v1.0,retrieval_full,retrieval,full,order_2,score,succeeded,1.0,1.0,0.0,0.0,4014,4058,10832,1,,,1.0,"The response correctly answers the definition of frame bursting, its advantage and disadvantage.",training,training,4.2_LM_v1.0.1753,22,21
125645,4.2_LM_v1.0,retrieval_full,retrieval,full,order_2,score,succeeded,1.0,1.0,0.25,0.25,4130,4166,12474,1,,,0.75,The response answers the frame bursting definition and its advantage correctly. But the disadvantage part is not completely accurate as it states frame bursting can't be used if there are no frames in queue. The sender may need to wait in case there are not enough frames which will cause additional delay.,training,training,4.2_LM_v1.0.1970,23,22
125647,4.2_LM_v1.0,retrieval_full,retrieval,full,order_2,score,succeeded,1.0,1.0,0.0,0.0,4161,4186,8729,1,,,1.0,The response answers all three parts of the question correctly.,training,training,4.2_LM_v1.0.1816,24,23
125649,4.2_LM_v1.0,retrieval_full,retrieval,full,order_2,score,succeeded,1.0,1.0,0.0,0.0,4183,4223,8975,1,,,1.0,"The response is correctly answers frame bursting definition, its advantage and disadvantage.",training,training,4.2_LM_v1.0.1427,25,24
125651,4.2_LM_v1.0,retrieval_full,retrieval,full,order_2,score,succeeded,1.0,1.0,0.0,0.0,4048,4079,10209,1,,,1.0,"The response correctly explains the frame bursting concept, an advantage and a disadvantage.",training,training,4.2_LM_v1.0.654,26,25
125653,4.2_LM_v1.0,retrieval_full,retrieval,full,order_2,score,succeeded,1.0,1.0,0.0,0.0,3927,3956,8634,1,,,1.0,"The response correctly states the frame bursting definition, its advantage and disadvantage.",training,training,4.2_LM_v1.0.333,27,26
125655,4.2_LM_v1.0,retrieval_full,retrieval,full,order_2,score,succeeded,1.0,1.0,0.25,0.25,4333,4359,8210,1,,,0.75,"The response answers the advantage and disadvantage of frame bursting correctly. However, the definition part is partially correct as it mentions that there are 10 packets to be sent together, which is not true as there is no specification for the number of packets in a frame. Frame bursting is used to concatenate a sequence of multiple frames and transmitting them in one single transmission.",training,training,4.2_LM_v1.0.1304,28,27
125657,4.2_LM_v1.0,retrieval_full,retrieval,full,order_2,score,succeeded,1.0,1.0,0.0,0.0,4004,4034,9292,1,,,1.0,"The response is correct as it correctly explains the concept of frame bursting, its advantage and disadvantage.",training,training,4.2_LM_v1.0.881,29,28
125659,4.2_LM_v1.0,retrieval_full,retrieval,full,order_2,score,succeeded,1.0,1.0,0.0,0.0,4460,4486,8911,1,,,1.0,The response correctly explains what frame bursting is and also provides the accurate advantage and disadvantage of it.,training,training,4.2_LM_v1.0.1441,30,29
125661,4.2_LM_v1.0,retrieval_full,retrieval,full,order_2,score,succeeded,0.9,1.0,-0.09999999999999998,0.09999999999999998,4470,4520,11129,1,,,1.0,"The response correctly explains the concept of frame bursting, its advantages and disadvantages.",training,training,4.2_LM_v1.0.1315,31,30
125663,4.2_LM_v1.0,retrieval_full,retrieval,full,order_2,score,succeeded,1.0,1.0,0.0,0.0,4348,4379,9518,1,,,1.0,"The response correctly answers the frame bursting definition, its advantage and disadvantage.",training,training,4.2_LM_v1.0.1984,32,31
125665,4.2_LM_v1.0,retrieval_full,retrieval,full,order_2,score,succeeded,1.0,1.0,0.0,0.0,4249,4275,8295,1,,,1.0,The response answers the question requirements correctly.,training,training,4.2_LM_v1.0.316,33,32
125667,4.2_LM_v1.0,retrieval_full,retrieval,full,order_2,score,succeeded,0.95,1.0,-0.050000000000000044,0.050000000000000044,4341,4395,11269,1,,,1.0,The response correctly explains the frame busting concept as well as its advantage and disadvantage.,training,training,4.2_LM_v1.0.252,34,33
125669,4.2_LM_v1.0,retrieval_full,retrieval,full,order_2,score,succeeded,1.0,1.0,0.0,0.0,4309,4336,9814,1,,,1.0,"The response correctly explains the frame bursting concept, its advantage and disadvantage.",training,training,4.2_LM_v1.0.87,35,34
125671,4.2_LM_v1.0,retrieval_full,retrieval,full,order_2,score,succeeded,1.0,1.0,0.0,0.0,3825,3852,11662,1,,,1.0,The response answers all three parts of the question accurately.,training,training,4.2_LM_v1.0.2047,36,35
125673,4.2_LM_v1.0,retrieval_full,retrieval,full,order_2,score,succeeded,0.5,1.0,0.0,0.0,3686,3712,10775,1,,,0.5,"The response correctly states the advantage and the disadvantage of frame bursting. However, it does not contain a definition. Frame bursting reduces the overhead of transmitting small frames by concatenating a sequence of multiple frames in one single transmission.",training,training,4.2_LM_v1.0.2040,37,36
125675,4.2_LM_v1.0,retrieval_full,retrieval,full,order_2,score,succeeded,1.0,1.0,0.0,0.0,3882,3909,10116,1,,,1.0,The response answers all three parts of the question correctly.,training,training,4.2_LM_v1.0.16,38,37
125677,4.2_LM_v1.0,retrieval_full,retrieval,full,order_2,score,succeeded,1.0,1.0,0.0,0.0,3904,3934,10082,1,,,1.0,"The response states the correct definition of frame bursting, including its advantage and disadvantage.",training,training,4.2_LM_v1.0.1385,39,38
125679,4.2_LM_v1.0,retrieval_full,retrieval,full,order_2,score,succeeded,1.0,1.0,0.25,0.25,3699,3737,12606,1,,,0.75,"The disadvantage given is correct for frame bursting in general. However, if you use it as a substitution for carrier extension, the goal is to reach the minimum frame length/transmission time needed for collisions to be detectable. Therefore, increasing transmission time is not a disadvantage in this case. Apart from that, the answer is correct.",training,training,4.2_LM_v1.0.713,40,39
126081,4.2_LM_v1.0,retrieval_full,retrieval,full,order_3,score,succeeded,0.7,1.0,-0.050000000000000044,0.050000000000000044,160,198,11977,1,,,0.75,"The response only states the frame bursting definition and its advantage, but is missing a disadvantage. There is a drawback when using frame bursting which is end to end delay. The sender may need to wait for a certain amount of frames to be collected and concatenated to a sequence of minimum length.",training,training,4.2_LM_v1.0.1525,1,0
126083,4.2_LM_v1.0,retrieval_full,retrieval,full,order_3,score,succeeded,1.0,1.0,0.0,0.0,380,422,10088,1,,,1.0,"The response is correct as it correctly explains the concept of frame bursting, its advantage and disadvantage.",training,training,4.2_LM_v1.0.881,2,1
126085,4.2_LM_v1.0,retrieval_full,retrieval,full,order_3,score,succeeded,1.0,1.0,0.0,0.0,524,553,10765,1,,,1.0,The response correctly answers all three parts of the question.,training,training,4.2_LM_v1.0.40,3,2
126087,4.2_LM_v1.0,retrieval_full,retrieval,full,order_3,score,succeeded,1.0,1.0,0.0,0.0,657,684,10747,1,,,1.0,The response answers the question requirements correctly.,training,training,4.2_LM_v1.0.1271,4,3
126089,4.2_LM_v1.0,retrieval_full,retrieval,full,order_3,score,succeeded,1.0,1.0,0.0,0.0,798,823,9173,1,,,1.0,"The response answer is correct as it contains an appropriate definition, advantage and disadvantage.",training,training,4.2_LM_v1.0.918,5,4
126091,4.2_LM_v1.0,retrieval_full,retrieval,full,order_3,score,succeeded,1.0,1.0,0.0,0.0,987,1020,8644,1,,,1.0,"The response correctly answers the frame bursting definition, its advantage and disadvantage.",training,training,4.2_LM_v1.0.1984,6,5
126093,4.2_LM_v1.0,retrieval_full,retrieval,full,order_3,score,succeeded,1.0,1.0,0.25,0.25,1269,1295,11557,1,,,0.75,"The response answers the advantage and disadvantage of frame bursting correctly. However, the definition part is partially correct as it mentions that there are 10 packets to be sent together, which is not true as there is no specification for the number of packets in a frame. Frame bursting is used to concatenate a sequence of multiple frames and transmitting them in one single transmission.",training,training,4.2_LM_v1.0.1304,7,6
126095,4.2_LM_v1.0,retrieval_full,retrieval,full,order_3,score,succeeded,1.0,1.0,0.0,0.0,1559,1589,7824,1,,,1.0,The response answers all the three parts of the question correctly.,training,training,4.2_LM_v1.0.1630,8,7
126097,4.2_LM_v1.0,retrieval_full,retrieval,full,order_3,score,succeeded,1.0,1.0,0.0,0.0,1715,1741,9979,1,,,1.0,The response answers all parts of the question correctly.,training,training,4.2_LM_v1.0.1654,9,8
126099,4.2_LM_v1.0,retrieval_full,retrieval,full,order_3,score,succeeded,1.0,1.0,0.0,0.0,2024,2051,9672,1,,,1.0,"The response correctly explains the definition of frame bursting, including an advantage and a disadvantage.",training,training,4.2_LM_v1.0.694,10,9
126101,4.2_LM_v1.0,retrieval_full,retrieval,full,order_3,score,succeeded,1.0,1.0,0.0,0.0,2270,2304,9419,1,,,1.0,The response correctly explains the frame busting concept as well as its advantage and disadvantage.,training,training,4.2_LM_v1.0.252,11,10
126103,4.2_LM_v1.0,retrieval_full,retrieval,full,order_3,score,succeeded,1.0,1.0,0.0,0.0,2440,2470,9714,1,,,1.0,The response correctly answers all three parts of the question.,training,training,4.2_LM_v1.0.370,12,11
126105,4.2_LM_v1.0,retrieval_full,retrieval,full,order_3,score,succeeded,1.0,1.0,0.0,0.0,2623,2650,13246,1,,,1.0,"The response correctly explains the frame bursting concept, an advantage and a disadvantage.",training,training,4.2_LM_v1.0.654,13,12
126107,4.2_LM_v1.0,retrieval_full,retrieval,full,order_3,score,succeeded,1.0,1.0,0.0,0.0,2839,2869,8454,1,,,1.0,"The response correctly states the frame bursting definition, its advantage and disadvantage.",training,training,4.2_LM_v1.0.1601,14,13
126109,4.2_LM_v1.0,retrieval_full,retrieval,full,order_3,score,succeeded,1.0,1.0,0.0,0.0,3020,3051,9994,1,,,1.0,The response answers the question requirements correctly.,training,training,4.2_LM_v1.0.316,15,14
126111,4.2_LM_v1.0,retrieval_full,retrieval,full,order_3,score,succeeded,0.75,1.0,0.25,0.25,3133,3156,9199,1,,,0.5,"The response correctly states the advantage and the disadvantage of frame bursting. However, it does not contain a definition. Frame bursting reduces the overhead of transmitting small frames by concatenating a sequence of multiple frames in one single transmission.",training,training,4.2_LM_v1.0.2040,16,15
126113,4.2_LM_v1.0,retrieval_full,retrieval,full,order_3,score,succeeded,1.0,1.0,0.0,0.0,3410,3447,9961,1,,,1.0,"The response correctly answers all three parts of the question with an example. However, the answer also states the 9% efficiency of carrier extension which is only valid in worst case scenario. The efficiency can be better based on how much data we are sending which can vary between 46-1500 bytes.",training,training,4.2_LM_v1.0.388,17,16
126115,4.2_LM_v1.0,retrieval_full,retrieval,full,order_3,score,succeeded,1.0,1.0,0.0,0.0,3628,3674,10914,1,,,1.0,"The response correctly states the frame bursting definition, advantage and disadvantage.",training,training,4.2_LM_v1.0.1190,18,17
126117,4.2_LM_v1.0,retrieval_full,retrieval,full,order_3,score,succeeded,1.0,1.0,0.0,0.0,3800,3828,10249,1,,,1.0,The response answers all three parts of the question correctly.,training,training,4.2_LM_v1.0.2067,19,18
126119,4.2_LM_v1.0,retrieval_full,retrieval,full,order_3,score,succeeded,1.0,1.0,0.0,0.0,3989,4015,13647,1,,,1.0,"The response correctly explains the frame bursting concept, its advantage and disadvantage.",training,training,4.2_LM_v1.0.87,20,19
126121,4.2_LM_v1.0,retrieval_full,retrieval,full,order_3,score,succeeded,1.0,1.0,0.0,0.0,4129,4156,9560,1,,,1.0,The response answers all three parts of the question accurately.,training,training,4.2_LM_v1.0.2047,21,20
126123,4.2_LM_v1.0,retrieval_full,retrieval,full,order_3,score,succeeded,1.0,1.0,0.0,0.0,4198,4226,9355,1,,,1.0,The response correctly explains what frame bursting is and also provides the accurate advantage and disadvantage of it.,training,training,4.2_LM_v1.0.1441,22,21
126125,4.2_LM_v1.0,retrieval_full,retrieval,full,order_3,score,succeeded,1.0,1.0,0.0,0.0,3967,3998,9109,1,,,1.0,"The response correctly states the frame bursting definition, its advantage and disadvantage.",training,training,4.2_LM_v1.0.333,23,22
126127,4.2_LM_v1.0,retrieval_full,retrieval,full,order_3,score,succeeded,1.0,1.0,0.25,0.25,3988,4019,10756,1,,,0.75,The response answers the frame bursting definition and its advantage correctly. But the disadvantage part is not completely accurate as it states frame bursting can't be used if there are no frames in queue. The sender may need to wait in case there are not enough frames which will cause additional delay.,training,training,4.2_LM_v1.0.1970,24,23
126129,4.2_LM_v1.0,retrieval_full,retrieval,full,order_3,score,succeeded,1.0,1.0,0.0,0.0,3997,4023,9888,1,,,1.0,"The response gives the frame bursting definition, its advantage and disadvantage correctly.",training,training,4.2_LM_v1.0.1320,25,24
126131,4.2_LM_v1.0,retrieval_full,retrieval,full,order_3,score,succeeded,1.0,1.0,0.25,0.25,3820,3856,11093,1,,,0.75,"The disadvantage given is correct for frame bursting in general. However, if you use it as a substitution for carrier extension, the goal is to reach the minimum frame length/transmission time needed for collisions to be detectable. Therefore, increasing transmission time is not a disadvantage in this case. Apart from that, the answer is correct.",training,training,4.2_LM_v1.0.713,26,25
126133,4.2_LM_v1.0,retrieval_full,retrieval,full,order_3,score,succeeded,0.75,1.0,0.25,0.25,3858,3911,13162,1,,,0.5,"The response answers the advantage and disadvantage part correctly. However, the definition is incorrect as it contains details, such as a maximal burst of three packets and a recommendation not to use it with more than 3 clients, that do not hold for frame bursting in general.",training,training,4.2_LM_v1.0.640,27,26
126135,4.2_LM_v1.0,retrieval_full,retrieval,full,order_3,score,succeeded,1.0,1.0,0.0,0.0,4013,4043,8357,1,,,1.0,"The response is correctly answers frame bursting definition, its advantage and disadvantage.",training,training,4.2_LM_v1.0.1427,28,27
126137,4.2_LM_v1.0,retrieval_full,retrieval,full,order_3,score,succeeded,1.0,1.0,0.0,0.0,3768,3798,8017,1,,,1.0,The response correctly answers all three parts of the question.,training,training,4.2_LM_v1.0.115,29,28
126139,4.2_LM_v1.0,retrieval_full,retrieval,full,order_3,score,succeeded,1.0,1.0,0.0,0.0,3943,3973,10093,1,,,1.0,The response correctly answers all three parts of the question.,training,training,4.2_LM_v1.0.1447,30,29
126141,4.2_LM_v1.0,retrieval_full,retrieval,full,order_3,score,succeeded,1.0,1.0,0.0,0.0,4035,4065,10064,1,,,1.0,The response answers all three parts of the question correctly.,training,training,4.2_LM_v1.0.1816,31,30
126143,4.2_LM_v1.0,retrieval_full,retrieval,full,order_3,score,succeeded,1.0,1.0,0.0,0.0,3712,3738,8666,1,,,1.0,The response answers all three parts of the question correctly.,training,training,4.2_LM_v1.0.1926,32,31
126145,4.2_LM_v1.0,retrieval_full,retrieval,full,order_3,score,succeeded,1.0,1.0,0.0,0.0,3627,3654,8216,1,,,1.0,"The response gives the correct definition of frame bursting, including an advantage and a disadvantage.",training,training,4.2_LM_v1.0.143,33,32
126147,4.2_LM_v1.0,retrieval_full,retrieval,full,order_3,score,succeeded,1.0,1.0,0.0,0.0,4146,4184,10333,1,,,1.0,"The response correctly explains the frame bursting concept, including its advantage and disadvantage.",training,training,4.2_LM_v1.0.277,34,33
126149,4.2_LM_v1.0,retrieval_full,retrieval,full,order_3,score,succeeded,0.9,1.0,-0.09999999999999998,0.09999999999999998,4318,4371,13205,1,,,1.0,"The response correctly explains the concept of frame bursting, its advantages and disadvantages.",training,training,4.2_LM_v1.0.1315,35,34
126151,4.2_LM_v1.0,retrieval_full,retrieval,full,order_3,score,succeeded,1.0,1.0,0.0,0.0,3732,3765,8981,1,,,1.0,The response answers all three parts of the question correctly.,training,training,4.2_LM_v1.0.1029,36,35
126153,4.2_LM_v1.0,retrieval_full,retrieval,full,order_3,score,succeeded,1.0,1.0,0.0,0.0,3965,3992,9968,1,,,1.0,The response answers all three parts of the question correctly.,training,training,4.2_LM_v1.0.16,37,36
126155,4.2_LM_v1.0,retrieval_full,retrieval,full,order_3,score,succeeded,1.0,1.0,0.0,0.0,4679,4714,8302,1,,,1.0,"The response correctly explains the frame bursting definition, its advantage and disadvantage.",training,training,4.2_LM_v1.0.446,38,37
126157,4.2_LM_v1.0,retrieval_full,retrieval,full,order_3,score,succeeded,1.0,1.0,0.0,0.0,3907,3936,9176,1,,,1.0,"The response states the correct definition of frame bursting, including its advantage and disadvantage.",training,training,4.2_LM_v1.0.1385,39,38
126159,4.2_LM_v1.0,retrieval_full,retrieval,full,order_3,score,succeeded,1.0,1.0,0.0,0.0,3902,3931,10098,1,,,1.0,"The response correctly answers the definition of frame bursting, its advantage and disadvantage.",training,training,4.2_LM_v1.0.1753,40,39
125361,4.2_LM_v1.0,retrieval_no_feedback,retrieval,no_feedback,order_1,score,succeeded,1.0,1.0,0.0,0.0,393,417,9471,1,,,1.0,The response correctly answers all three parts of the question.,training,training,4.2_LM_v1.0.115,1,0
125363,4.2_LM_v1.0,retrieval_no_feedback,retrieval,no_feedback,order_1,score,succeeded,1.0,1.0,0.0,0.0,618,653,13210,1,,,1.0,"The response correctly answers all three parts of the question with an example. However, the answer also states the 9% efficiency of carrier extension which is only valid in worst case scenario. The efficiency can be better based on how much data we are sending which can vary between 46-1500 bytes.",training,training,4.2_LM_v1.0.388,2,1
125365,4.2_LM_v1.0,retrieval_no_feedback,retrieval,no_feedback,order_1,score,succeeded,1.0,1.0,0.25,0.25,812,838,12203,1,,,0.75,The response answers the frame bursting definition and its advantage correctly. But the disadvantage part is not completely accurate as it states frame bursting can't be used if there are no frames in queue. The sender may need to wait in case there are not enough frames which will cause additional delay.,training,training,4.2_LM_v1.0.1970,3,2
125367,4.2_LM_v1.0,retrieval_no_feedback,retrieval,no_feedback,order_1,score,succeeded,1.0,1.0,0.0,0.0,748,775,11475,1,,,1.0,The response answers all three parts of the question correctly.,training,training,4.2_LM_v1.0.16,4,3
125369,4.2_LM_v1.0,retrieval_no_feedback,retrieval,no_feedback,order_1,score,succeeded,1.0,1.0,0.0,0.0,970,999,12749,1,,,1.0,The response correctly explains the frame busting concept as well as its advantage and disadvantage.,training,training,4.2_LM_v1.0.252,5,4
125371,4.2_LM_v1.0,retrieval_no_feedback,retrieval,no_feedback,order_1,score,succeeded,1.0,1.0,0.25,0.25,1229,1257,13890,1,,,0.75,"The response answers the advantage and disadvantage of frame bursting correctly. However, the definition part is partially correct as it mentions that there are 10 packets to be sent together, which is not true as there is no specification for the number of packets in a frame. Frame bursting is used to concatenate a sequence of multiple frames and transmitting them in one single transmission.",training,training,4.2_LM_v1.0.1304,6,5
125373,4.2_LM_v1.0,retrieval_no_feedback,retrieval,no_feedback,order_1,score,succeeded,0.67,1.0,0.17000000000000004,0.17000000000000004,1329,1366,13281,1,,,0.5,"The response correctly states the advantage and the disadvantage of frame bursting. However, it does not contain a definition. Frame bursting reduces the overhead of transmitting small frames by concatenating a sequence of multiple frames in one single transmission.",training,training,4.2_LM_v1.0.2040,7,6
125375,4.2_LM_v1.0,retrieval_no_feedback,retrieval,no_feedback,order_1,score,succeeded,1.0,1.0,0.0,0.0,1449,1475,8998,1,,,1.0,The response answers all three parts of the question accurately.,training,training,4.2_LM_v1.0.2047,8,7
125377,4.2_LM_v1.0,retrieval_no_feedback,retrieval,no_feedback,order_1,score,succeeded,1.0,1.0,0.0,0.0,1660,1693,12927,1,,,1.0,"The response states the correct definition of frame bursting, including its advantage and disadvantage.",training,training,4.2_LM_v1.0.1385,9,8
125379,4.2_LM_v1.0,retrieval_no_feedback,retrieval,no_feedback,order_1,score,succeeded,0.75,1.0,0.25,0.25,1833,1887,10767,1,,,0.5,"The response answers the advantage and disadvantage part correctly. However, the definition is incorrect as it contains details, such as a maximal burst of three packets and a recommendation not to use it with more than 3 clients, that do not hold for frame bursting in general.",training,training,4.2_LM_v1.0.640,10,9
125381,4.2_LM_v1.0,retrieval_no_feedback,retrieval,no_feedback,order_1,score,succeeded,0.75,1.0,-0.25,0.25,1983,2035,13146,1,,,1.0,The response answers all three parts of the question correctly.,training,training,4.2_LM_v1.0.2067,11,10
125383,4.2_LM_v1.0,retrieval_no_feedback,retrieval,no_feedback,order_1,score,succeeded,1.0,1.0,0.0,0.0,2277,2307,11298,1,,,1.0,"The response correctly explains the definition of frame bursting, including an advantage and a disadvantage.",training,training,4.2_LM_v1.0.694,12,11
125385,4.2_LM_v1.0,retrieval_no_feedback,retrieval,no_feedback,order_1,score,succeeded,1.0,1.0,0.0,0.0,2410,2437,10027,1,,,1.0,"The response gives the correct definition of frame bursting, including an advantage and a disadvantage.",training,training,4.2_LM_v1.0.143,13,12
125387,4.2_LM_v1.0,retrieval_no_feedback,retrieval,no_feedback,order_1,score,succeeded,1.0,1.0,0.0,0.0,2661,2691,9405,1,,,1.0,"The response correctly explains the frame bursting concept, including its advantage and disadvantage.",training,training,4.2_LM_v1.0.277,14,13
125389,4.2_LM_v1.0,retrieval_no_feedback,retrieval,no_feedback,order_1,score,succeeded,1.0,1.0,0.0,0.0,2827,2857,10333,1,,,1.0,"The response correctly answers the frame bursting definition, its advantage and disadvantage.",training,training,4.2_LM_v1.0.1984,15,14
125391,4.2_LM_v1.0,retrieval_no_feedback,retrieval,no_feedback,order_1,score,succeeded,0.9,1.0,-0.09999999999999998,0.09999999999999998,2984,3033,10478,1,,,1.0,"The response correctly states the frame bursting definition, advantage and disadvantage.",training,training,4.2_LM_v1.0.1190,16,15
125393,4.2_LM_v1.0,retrieval_no_feedback,retrieval,no_feedback,order_1,score,succeeded,1.0,1.0,0.0,0.0,3175,3207,22150,1,,,1.0,The response answers all three parts of the question correctly.,training,training,4.2_LM_v1.0.1816,17,16
125395,4.2_LM_v1.0,retrieval_no_feedback,retrieval,no_feedback,order_1,score,succeeded,1.0,1.0,0.0,0.0,3333,3365,15050,1,,,1.0,"The response is correct as it correctly explains the concept of frame bursting, its advantage and disadvantage.",training,training,4.2_LM_v1.0.881,18,17
125397,4.2_LM_v1.0,retrieval_no_feedback,retrieval,no_feedback,order_1,score,succeeded,1.0,1.0,0.0,0.0,3450,3477,14368,1,,,1.0,The response answers the question requirements correctly.,training,training,4.2_LM_v1.0.1271,19,18
125399,4.2_LM_v1.0,retrieval_no_feedback,retrieval,no_feedback,order_1,score,succeeded,1.0,1.0,0.0,0.0,3631,3660,14513,1,,,1.0,"The response is correctly answers frame bursting definition, its advantage and disadvantage.",training,training,4.2_LM_v1.0.1427,20,19
125401,4.2_LM_v1.0,retrieval_no_feedback,retrieval,no_feedback,order_1,score,succeeded,1.0,1.0,0.0,0.0,3853,3897,20401,1,,,1.0,The response correctly explains what frame bursting is and also provides the accurate advantage and disadvantage of it.,training,training,4.2_LM_v1.0.1441,21,20
125403,4.2_LM_v1.0,retrieval_no_feedback,retrieval,no_feedback,order_1,score,succeeded,1.0,1.0,0.0,0.0,3781,3810,16526,1,,,1.0,The response correctly answers all three parts of the question.,training,training,4.2_LM_v1.0.370,22,21
125405,4.2_LM_v1.0,retrieval_no_feedback,retrieval,no_feedback,order_1,score,succeeded,1.0,1.0,0.0,0.0,3652,3684,19406,1,,,1.0,"The response correctly explains the frame bursting concept, an advantage and a disadvantage.",training,training,4.2_LM_v1.0.654,23,22
125407,4.2_LM_v1.0,retrieval_no_feedback,retrieval,no_feedback,order_1,score,succeeded,0.75,1.0,0.0,0.0,3549,3597,18510,1,,,0.75,"The disadvantage given is correct for frame bursting in general. However, if you use it as a substitution for carrier extension, the goal is to reach the minimum frame length/transmission time needed for collisions to be detectable. Therefore, increasing transmission time is not a disadvantage in this case. Apart from that, the answer is correct.",training,training,4.2_LM_v1.0.713,24,23
125409,4.2_LM_v1.0,retrieval_no_feedback,retrieval,no_feedback,order_1,score,succeeded,1.0,1.0,0.0,0.0,3996,4026,18100,1,,,1.0,The response answers all the three parts of the question correctly.,training,training,4.2_LM_v1.0.1630,25,24
125411,4.2_LM_v1.0,retrieval_no_feedback,retrieval,no_feedback,order_1,score,succeeded,1.0,1.0,0.0,0.0,3546,3570,12210,1,,,1.0,"The response correctly states the frame bursting definition, its advantage and disadvantage.",training,training,4.2_LM_v1.0.333,26,25
125413,4.2_LM_v1.0,retrieval_no_feedback,retrieval,no_feedback,order_1,score,succeeded,1.0,1.0,0.0,0.0,3496,3536,17860,1,,,1.0,The response answers all three parts of the question correctly.,training,training,4.2_LM_v1.0.1029,27,26
125415,4.2_LM_v1.0,retrieval_no_feedback,retrieval,no_feedback,order_1,score,succeeded,1.0,1.0,0.0,0.0,3378,3404,16037,1,,,1.0,The response answers all three parts of the question correctly.,training,training,4.2_LM_v1.0.1926,28,27
125417,4.2_LM_v1.0,retrieval_no_feedback,retrieval,no_feedback,order_1,score,succeeded,0.5,1.0,-0.25,0.25,3330,3363,14848,1,,,0.75,"The response only states the frame bursting definition and its advantage, but is missing a disadvantage. There is a drawback when using frame bursting which is end to end delay. The sender may need to wait for a certain amount of frames to be collected and concatenated to a sequence of minimum length.",training,training,4.2_LM_v1.0.1525,29,28
125419,4.2_LM_v1.0,retrieval_no_feedback,retrieval,no_feedback,order_1,score,succeeded,1.0,1.0,0.0,0.0,3394,3421,16739,1,,,1.0,The response answers all parts of the question correctly.,training,training,4.2_LM_v1.0.1654,30,29
125421,4.2_LM_v1.0,retrieval_no_feedback,retrieval,no_feedback,order_1,score,succeeded,1.0,1.0,0.0,0.0,3622,3657,12145,1,,,1.0,The response answers the question requirements correctly.,training,training,4.2_LM_v1.0.316,31,30
125423,4.2_LM_v1.0,retrieval_no_feedback,retrieval,no_feedback,order_1,score,succeeded,1.0,1.0,0.0,0.0,3514,3559,20159,1,,,1.0,"The response correctly states the frame bursting definition, its advantage and disadvantage.",training,training,4.2_LM_v1.0.1601,32,31
125425,4.2_LM_v1.0,retrieval_no_feedback,retrieval,no_feedback,order_1,score,succeeded,1.0,1.0,0.0,0.0,3395,3426,13733,1,,,1.0,"The response gives the frame bursting definition, its advantage and disadvantage correctly.",training,training,4.2_LM_v1.0.1320,33,32
125427,4.2_LM_v1.0,retrieval_no_feedback,retrieval,no_feedback,order_1,score,succeeded,1.0,1.0,0.0,0.0,3397,3425,15443,1,,,1.0,"The response correctly answers the definition of frame bursting, its advantage and disadvantage.",training,training,4.2_LM_v1.0.1753,34,33
125429,4.2_LM_v1.0,retrieval_no_feedback,retrieval,no_feedback,order_1,score,succeeded,1.0,1.0,0.0,0.0,3739,3771,15881,1,,,1.0,"The response correctly explains the concept of frame bursting, its advantages and disadvantages.",training,training,4.2_LM_v1.0.1315,35,34
125431,4.2_LM_v1.0,retrieval_no_feedback,retrieval,no_feedback,order_1,score,succeeded,1.0,1.0,0.0,0.0,3273,3299,17089,1,,,1.0,"The response answer is correct as it contains an appropriate definition, advantage and disadvantage.",training,training,4.2_LM_v1.0.918,36,35
125433,4.2_LM_v1.0,retrieval_no_feedback,retrieval,no_feedback,order_1,score,succeeded,1.0,1.0,0.0,0.0,3814,3850,15685,1,,,1.0,"The response correctly explains the frame bursting concept, its advantage and disadvantage.",training,training,4.2_LM_v1.0.87,37,36
125435,4.2_LM_v1.0,retrieval_no_feedback,retrieval,no_feedback,order_1,score,succeeded,1.0,1.0,0.0,0.0,3540,3570,12566,1,,,1.0,The response correctly answers all three parts of the question.,training,training,4.2_LM_v1.0.1447,38,37
125437,4.2_LM_v1.0,retrieval_no_feedback,retrieval,no_feedback,order_1,score,succeeded,1.0,1.0,0.0,0.0,3217,3245,15894,1,,,1.0,The response correctly answers all three parts of the question.,training,training,4.2_LM_v1.0.40,39,38
125439,4.2_LM_v1.0,retrieval_no_feedback,retrieval,no_feedback,order_1,score,succeeded,1.0,1.0,0.0,0.0,4137,4167,15522,1,,,1.0,"The response correctly explains the frame bursting definition, its advantage and disadvantage.",training,training,4.2_LM_v1.0.446,40,39
125841,4.2_LM_v1.0,retrieval_no_feedback,retrieval,no_feedback,order_2,score,succeeded,0.8,1.0,-0.19999999999999996,0.19999999999999996,159,196,18380,1,,,1.0,The response correctly answers all three parts of the question.,training,training,4.2_LM_v1.0.40,1,0
125843,4.2_LM_v1.0,retrieval_no_feedback,retrieval,no_feedback,order_2,score,succeeded,0.6,1.0,-0.15000000000000002,0.15000000000000002,279,315,12737,1,,,0.75,"The response only states the frame bursting definition and its advantage, but is missing a disadvantage. There is a drawback when using frame bursting which is end to end delay. The sender may need to wait for a certain amount of frames to be collected and concatenated to a sequence of minimum length.",training,training,4.2_LM_v1.0.1525,2,1
125845,4.2_LM_v1.0,retrieval_no_feedback,retrieval,no_feedback,order_2,score,succeeded,0.9,1.0,-0.09999999999999998,0.09999999999999998,425,464,15016,1,,,1.0,"The response gives the frame bursting definition, its advantage and disadvantage correctly.",training,training,4.2_LM_v1.0.1320,3,2
125847,4.2_LM_v1.0,retrieval_no_feedback,retrieval,no_feedback,order_2,score,succeeded,1.0,1.0,0.0,0.0,542,568,18894,1,,,1.0,The response answers the question requirements correctly.,training,training,4.2_LM_v1.0.1271,4,3
125849,4.2_LM_v1.0,retrieval_no_feedback,retrieval,no_feedback,order_2,score,succeeded,1.0,1.0,0.0,0.0,679,706,12633,1,,,1.0,"The response gives the correct definition of frame bursting, including an advantage and a disadvantage.",training,training,4.2_LM_v1.0.143,5,4
125851,4.2_LM_v1.0,retrieval_no_feedback,retrieval,no_feedback,order_2,score,succeeded,1.0,1.0,0.0,0.0,843,887,24085,1,,,1.0,The response answers all three parts of the question correctly.,training,training,4.2_LM_v1.0.1029,6,5
125853,4.2_LM_v1.0,retrieval_no_feedback,retrieval,no_feedback,order_2,score,succeeded,1.0,1.0,0.0,0.0,972,1001,12753,1,,,1.0,The response answers all three parts of the question correctly.,training,training,4.2_LM_v1.0.1926,7,6
125855,4.2_LM_v1.0,retrieval_no_feedback,retrieval,no_feedback,order_2,score,succeeded,1.0,1.0,0.0,0.0,1145,1182,20282,1,,,1.0,The response correctly answers all three parts of the question.,training,training,4.2_LM_v1.0.1447,8,7
125857,4.2_LM_v1.0,retrieval_no_feedback,retrieval,no_feedback,order_2,score,succeeded,1.0,1.0,0.0,0.0,1353,1382,15678,1,,,1.0,"The response correctly explains the frame bursting definition, its advantage and disadvantage.",training,training,4.2_LM_v1.0.446,9,8
125859,4.2_LM_v1.0,retrieval_no_feedback,retrieval,no_feedback,order_2,score,succeeded,0.8,1.0,0.30000000000000004,0.30000000000000004,1521,1564,16652,1,,,0.5,"The response answers the advantage and disadvantage part correctly. However, the definition is incorrect as it contains details, such as a maximal burst of three packets and a recommendation not to use it with more than 3 clients, that do not hold for frame bursting in general.",training,training,4.2_LM_v1.0.640,10,9
125861,4.2_LM_v1.0,retrieval_no_feedback,retrieval,no_feedback,order_2,score,succeeded,1.0,1.0,0.0,0.0,1647,1677,17521,1,,,1.0,"The response answer is correct as it contains an appropriate definition, advantage and disadvantage.",training,training,4.2_LM_v1.0.918,11,10
125863,4.2_LM_v1.0,retrieval_no_feedback,retrieval,no_feedback,order_2,score,succeeded,1.0,1.0,0.0,0.0,1806,1832,14313,1,,,1.0,The response correctly answers all three parts of the question.,training,training,4.2_LM_v1.0.115,12,11
125865,4.2_LM_v1.0,retrieval_no_feedback,retrieval,no_feedback,order_2,score,succeeded,1.0,1.0,0.0,0.0,1956,2001,18285,1,,,1.0,The response answers all three parts of the question correctly.,training,training,4.2_LM_v1.0.2067,13,12
125867,4.2_LM_v1.0,retrieval_no_feedback,retrieval,no_feedback,order_2,score,succeeded,1.0,1.0,0.0,0.0,2153,2182,11683,1,,,1.0,"The response correctly states the frame bursting definition, its advantage and disadvantage.",training,training,4.2_LM_v1.0.1601,14,13
125869,4.2_LM_v1.0,retrieval_no_feedback,retrieval,no_feedback,order_2,score,succeeded,1.0,1.0,0.0,0.0,2446,2475,12207,1,,,1.0,"The response correctly explains the definition of frame bursting, including an advantage and a disadvantage.",training,training,4.2_LM_v1.0.694,15,14
125871,4.2_LM_v1.0,retrieval_no_feedback,retrieval,no_feedback,order_2,score,succeeded,1.0,1.0,0.0,0.0,2669,2710,13207,1,,,1.0,"The response correctly answers all three parts of the question with an example. However, the answer also states the 9% efficiency of carrier extension which is only valid in worst case scenario. The efficiency can be better based on how much data we are sending which can vary between 46-1500 bytes.",training,training,4.2_LM_v1.0.388,16,15
125873,4.2_LM_v1.0,retrieval_no_feedback,retrieval,no_feedback,order_2,score,succeeded,1.0,1.0,0.0,0.0,2919,2954,19297,1,,,1.0,"The response correctly explains the frame bursting concept, including its advantage and disadvantage.",training,training,4.2_LM_v1.0.277,17,16
125875,4.2_LM_v1.0,retrieval_no_feedback,retrieval,no_feedback,order_2,score,succeeded,1.0,1.0,0.0,0.0,3054,3081,20967,1,,,1.0,The response answers all parts of the question correctly.,training,training,4.2_LM_v1.0.1654,18,17
125877,4.2_LM_v1.0,retrieval_no_feedback,retrieval,no_feedback,order_2,score,succeeded,1.0,1.0,0.0,0.0,3204,3229,11737,1,,,1.0,The response correctly answers all three parts of the question.,training,training,4.2_LM_v1.0.370,19,18
125879,4.2_LM_v1.0,retrieval_no_feedback,retrieval,no_feedback,order_2,score,succeeded,1.0,1.0,0.0,0.0,3356,3387,16098,1,,,1.0,"The response correctly states the frame bursting definition, advantage and disadvantage.",training,training,4.2_LM_v1.0.1190,20,19
125881,4.2_LM_v1.0,retrieval_no_feedback,retrieval,no_feedback,order_2,score,succeeded,1.0,1.0,0.0,0.0,3572,3600,11615,1,,,1.0,The response answers all the three parts of the question correctly.,training,training,4.2_LM_v1.0.1630,21,20
125883,4.2_LM_v1.0,retrieval_no_feedback,retrieval,no_feedback,order_2,score,succeeded,1.0,1.0,0.0,0.0,3512,3542,11007,1,,,1.0,"The response correctly answers the definition of frame bursting, its advantage and disadvantage.",training,training,4.2_LM_v1.0.1753,22,21
125885,4.2_LM_v1.0,retrieval_no_feedback,retrieval,no_feedback,order_2,score,succeeded,1.0,1.0,0.25,0.25,3659,3689,14833,1,,,0.75,The response answers the frame bursting definition and its advantage correctly. But the disadvantage part is not completely accurate as it states frame bursting can't be used if there are no frames in queue. The sender may need to wait in case there are not enough frames which will cause additional delay.,training,training,4.2_LM_v1.0.1970,23,22
125887,4.2_LM_v1.0,retrieval_no_feedback,retrieval,no_feedback,order_2,score,succeeded,1.0,1.0,0.0,0.0,3600,3630,14792,1,,,1.0,The response answers all three parts of the question correctly.,training,training,4.2_LM_v1.0.1816,24,23
125889,4.2_LM_v1.0,retrieval_no_feedback,retrieval,no_feedback,order_2,score,succeeded,1.0,1.0,0.0,0.0,3674,3704,23210,1,,,1.0,"The response is correctly answers frame bursting definition, its advantage and disadvantage.",training,training,4.2_LM_v1.0.1427,25,24
125891,4.2_LM_v1.0,retrieval_no_feedback,retrieval,no_feedback,order_2,score,succeeded,1.0,1.0,0.0,0.0,3486,3517,14508,1,,,1.0,"The response correctly explains the frame bursting concept, an advantage and a disadvantage.",training,training,4.2_LM_v1.0.654,26,25
125893,4.2_LM_v1.0,retrieval_no_feedback,retrieval,no_feedback,order_2,score,succeeded,1.0,1.0,0.0,0.0,3416,3442,18193,1,,,1.0,"The response correctly states the frame bursting definition, its advantage and disadvantage.",training,training,4.2_LM_v1.0.333,27,26
125895,4.2_LM_v1.0,retrieval_no_feedback,retrieval,no_feedback,order_2,score,succeeded,1.0,1.0,0.25,0.25,3725,3762,11625,1,,,0.75,"The response answers the advantage and disadvantage of frame bursting correctly. However, the definition part is partially correct as it mentions that there are 10 packets to be sent together, which is not true as there is no specification for the number of packets in a frame. Frame bursting is used to concatenate a sequence of multiple frames and transmitting them in one single transmission.",training,training,4.2_LM_v1.0.1304,28,27
125897,4.2_LM_v1.0,retrieval_no_feedback,retrieval,no_feedback,order_2,score,succeeded,1.0,1.0,0.0,0.0,3417,3458,15984,1,,,1.0,"The response is correct as it correctly explains the concept of frame bursting, its advantage and disadvantage.",training,training,4.2_LM_v1.0.881,29,28
125899,4.2_LM_v1.0,retrieval_no_feedback,retrieval,no_feedback,order_2,score,succeeded,1.0,1.0,0.0,0.0,3883,3929,15745,1,,,1.0,The response correctly explains what frame bursting is and also provides the accurate advantage and disadvantage of it.,training,training,4.2_LM_v1.0.1441,30,29
125901,4.2_LM_v1.0,retrieval_no_feedback,retrieval,no_feedback,order_2,score,succeeded,1.0,1.0,0.0,0.0,3735,3764,16753,1,,,1.0,"The response correctly explains the concept of frame bursting, its advantages and disadvantages.",training,training,4.2_LM_v1.0.1315,31,30
125903,4.2_LM_v1.0,retrieval_no_feedback,retrieval,no_feedback,order_2,score,succeeded,1.0,1.0,0.0,0.0,3881,3910,15261,1,,,1.0,"The response correctly answers the frame bursting definition, its advantage and disadvantage.",training,training,4.2_LM_v1.0.1984,32,31
125905,4.2_LM_v1.0,retrieval_no_feedback,retrieval,no_feedback,order_2,score,succeeded,1.0,1.0,0.0,0.0,3636,3662,17800,1,,,1.0,The response answers the question requirements correctly.,training,training,4.2_LM_v1.0.316,33,32
125907,4.2_LM_v1.0,retrieval_no_feedback,retrieval,no_feedback,order_2,score,succeeded,1.0,1.0,0.0,0.0,3883,3916,22112,1,,,1.0,The response correctly explains the frame busting concept as well as its advantage and disadvantage.,training,training,4.2_LM_v1.0.252,34,33
125909,4.2_LM_v1.0,retrieval_no_feedback,retrieval,no_feedback,order_2,score,succeeded,1.0,1.0,0.0,0.0,3850,3877,21547,1,,,1.0,"The response correctly explains the frame bursting concept, its advantage and disadvantage.",training,training,4.2_LM_v1.0.87,35,34
125911,4.2_LM_v1.0,retrieval_no_feedback,retrieval,no_feedback,order_2,score,succeeded,1.0,1.0,0.0,0.0,3325,3352,12991,1,,,1.0,The response answers all three parts of the question accurately.,training,training,4.2_LM_v1.0.2047,36,35
125913,4.2_LM_v1.0,retrieval_no_feedback,retrieval,no_feedback,order_2,score,succeeded,1.0,1.0,0.5,0.5,3241,3266,25660,1,,,0.5,"The response correctly states the advantage and the disadvantage of frame bursting. However, it does not contain a definition. Frame bursting reduces the overhead of transmitting small frames by concatenating a sequence of multiple frames in one single transmission.",training,training,4.2_LM_v1.0.2040,37,36
125915,4.2_LM_v1.0,retrieval_no_feedback,retrieval,no_feedback,order_2,score,succeeded,1.0,1.0,0.0,0.0,3417,3444,12254,1,,,1.0,The response answers all three parts of the question correctly.,training,training,4.2_LM_v1.0.16,38,37
125917,4.2_LM_v1.0,retrieval_no_feedback,retrieval,no_feedback,order_2,score,succeeded,1.0,1.0,0.0,0.0,3286,3316,17217,1,,,1.0,"The response states the correct definition of frame bursting, including its advantage and disadvantage.",training,training,4.2_LM_v1.0.1385,39,38
125919,4.2_LM_v1.0,retrieval_no_feedback,retrieval,no_feedback,order_2,score,succeeded,1.0,1.0,0.25,0.25,3256,3294,13856,1,,,0.75,"The disadvantage given is correct for frame bursting in general. However, if you use it as a substitution for carrier extension, the goal is to reach the minimum frame length/transmission time needed for collisions to be detectable. Therefore, increasing transmission time is not a disadvantage in this case. Apart from that, the answer is correct.",training,training,4.2_LM_v1.0.713,40,39
126321,4.2_LM_v1.0,retrieval_no_feedback,retrieval,no_feedback,order_3,score,succeeded,0.5,1.0,-0.25,0.25,161,189,15691,1,,,0.75,"The response only states the frame bursting definition and its advantage, but is missing a disadvantage. There is a drawback when using frame bursting which is end to end delay. The sender may need to wait for a certain amount of frames to be collected and concatenated to a sequence of minimum length.",training,training,4.2_LM_v1.0.1525,1,0
126323,4.2_LM_v1.0,retrieval_no_feedback,retrieval,no_feedback,order_3,score,succeeded,0.9,1.0,-0.09999999999999998,0.09999999999999998,317,361,13921,1,,,1.0,"The response is correct as it correctly explains the concept of frame bursting, its advantage and disadvantage.",training,training,4.2_LM_v1.0.881,2,1
126325,4.2_LM_v1.0,retrieval_no_feedback,retrieval,no_feedback,order_3,score,succeeded,0.75,1.0,-0.25,0.25,436,469,17248,1,,,1.0,The response correctly answers all three parts of the question.,training,training,4.2_LM_v1.0.40,3,2
126327,4.2_LM_v1.0,retrieval_no_feedback,retrieval,no_feedback,order_3,score,succeeded,1.0,1.0,0.0,0.0,552,574,20027,1,,,1.0,The response answers the question requirements correctly.,training,training,4.2_LM_v1.0.1271,4,3
126329,4.2_LM_v1.0,retrieval_no_feedback,retrieval,no_feedback,order_3,score,succeeded,1.0,1.0,0.0,0.0,680,705,12219,1,,,1.0,"The response answer is correct as it contains an appropriate definition, advantage and disadvantage.",training,training,4.2_LM_v1.0.918,5,4
126331,4.2_LM_v1.0,retrieval_no_feedback,retrieval,no_feedback,order_3,score,succeeded,1.0,1.0,0.0,0.0,846,876,15274,1,,,1.0,"The response correctly answers the frame bursting definition, its advantage and disadvantage.",training,training,4.2_LM_v1.0.1984,6,5
126333,4.2_LM_v1.0,retrieval_no_feedback,retrieval,no_feedback,order_3,score,succeeded,1.0,1.0,0.25,0.25,1108,1140,20732,1,,,0.75,"The response answers the advantage and disadvantage of frame bursting correctly. However, the definition part is partially correct as it mentions that there are 10 packets to be sent together, which is not true as there is no specification for the number of packets in a frame. Frame bursting is used to concatenate a sequence of multiple frames and transmitting them in one single transmission.",training,training,4.2_LM_v1.0.1304,7,6
126335,4.2_LM_v1.0,retrieval_no_feedback,retrieval,no_feedback,order_3,score,succeeded,1.0,1.0,0.0,0.0,1321,1351,13230,1,,,1.0,The response answers all the three parts of the question correctly.,training,training,4.2_LM_v1.0.1630,8,7
126337,4.2_LM_v1.0,retrieval_no_feedback,retrieval,no_feedback,order_3,score,succeeded,1.0,1.0,0.0,0.0,1457,1487,15941,1,,,1.0,The response answers all parts of the question correctly.,training,training,4.2_LM_v1.0.1654,9,8
126339,4.2_LM_v1.0,retrieval_no_feedback,retrieval,no_feedback,order_3,score,succeeded,1.0,1.0,0.0,0.0,1753,1785,14544,1,,,1.0,"The response correctly explains the definition of frame bursting, including an advantage and a disadvantage.",training,training,4.2_LM_v1.0.694,10,9
126341,4.2_LM_v1.0,retrieval_no_feedback,retrieval,no_feedback,order_3,score,succeeded,1.0,1.0,0.0,0.0,1974,2009,15427,1,,,1.0,The response correctly explains the frame busting concept as well as its advantage and disadvantage.,training,training,4.2_LM_v1.0.252,11,10
126343,4.2_LM_v1.0,retrieval_no_feedback,retrieval,no_feedback,order_3,score,succeeded,1.0,1.0,0.0,0.0,2122,2151,16034,1,,,1.0,The response correctly answers all three parts of the question.,training,training,4.2_LM_v1.0.370,12,11
126345,4.2_LM_v1.0,retrieval_no_feedback,retrieval,no_feedback,order_3,score,succeeded,1.0,1.0,0.0,0.0,2285,2325,16286,1,,,1.0,"The response correctly explains the frame bursting concept, an advantage and a disadvantage.",training,training,4.2_LM_v1.0.654,13,12
126347,4.2_LM_v1.0,retrieval_no_feedback,retrieval,no_feedback,order_3,score,succeeded,1.0,1.0,0.0,0.0,2484,2515,13635,1,,,1.0,"The response correctly states the frame bursting definition, its advantage and disadvantage.",training,training,4.2_LM_v1.0.1601,14,13
126349,4.2_LM_v1.0,retrieval_no_feedback,retrieval,no_feedback,order_3,score,succeeded,1.0,1.0,0.0,0.0,2644,2670,10917,1,,,1.0,The response answers the question requirements correctly.,training,training,4.2_LM_v1.0.316,15,14
126351,4.2_LM_v1.0,retrieval_no_feedback,retrieval,no_feedback,order_3,score,succeeded,0.75,1.0,0.25,0.25,2743,2772,15920,1,,,0.5,"The response correctly states the advantage and the disadvantage of frame bursting. However, it does not contain a definition. Frame bursting reduces the overhead of transmitting small frames by concatenating a sequence of multiple frames in one single transmission.",training,training,4.2_LM_v1.0.2040,16,15
126353,4.2_LM_v1.0,retrieval_no_feedback,retrieval,no_feedback,order_3,score,succeeded,1.0,1.0,0.0,0.0,2967,3014,22056,1,,,1.0,"The response correctly answers all three parts of the question with an example. However, the answer also states the 9% efficiency of carrier extension which is only valid in worst case scenario. The efficiency can be better based on how much data we are sending which can vary between 46-1500 bytes.",training,training,4.2_LM_v1.0.388,17,16
126355,4.2_LM_v1.0,retrieval_no_feedback,retrieval,no_feedback,order_3,score,succeeded,1.0,1.0,0.0,0.0,3122,3168,20353,1,,,1.0,"The response correctly states the frame bursting definition, advantage and disadvantage.",training,training,4.2_LM_v1.0.1190,18,17
126357,4.2_LM_v1.0,retrieval_no_feedback,retrieval,no_feedback,order_3,score,succeeded,0.75,1.0,-0.25,0.25,3273,3318,14513,1,,,1.0,The response answers all three parts of the question correctly.,training,training,4.2_LM_v1.0.2067,19,18
126359,4.2_LM_v1.0,retrieval_no_feedback,retrieval,no_feedback,order_3,score,succeeded,1.0,1.0,0.0,0.0,3442,3472,18986,1,,,1.0,"The response correctly explains the frame bursting concept, its advantage and disadvantage.",training,training,4.2_LM_v1.0.87,20,19
126361,4.2_LM_v1.0,retrieval_no_feedback,retrieval,no_feedback,order_3,score,succeeded,1.0,1.0,0.0,0.0,3561,3588,14817,1,,,1.0,The response answers all three parts of the question accurately.,training,training,4.2_LM_v1.0.2047,21,20
126363,4.2_LM_v1.0,retrieval_no_feedback,retrieval,no_feedback,order_3,score,succeeded,1.0,1.0,0.0,0.0,3687,3713,11035,1,,,1.0,The response correctly explains what frame bursting is and also provides the accurate advantage and disadvantage of it.,training,training,4.2_LM_v1.0.1441,22,21
126365,4.2_LM_v1.0,retrieval_no_feedback,retrieval,no_feedback,order_3,score,succeeded,1.0,1.0,0.0,0.0,3409,3436,18370,1,,,1.0,"The response correctly states the frame bursting definition, its advantage and disadvantage.",training,training,4.2_LM_v1.0.333,23,22
126367,4.2_LM_v1.0,retrieval_no_feedback,retrieval,no_feedback,order_3,score,succeeded,1.0,1.0,0.25,0.25,3535,3568,12814,1,,,0.75,The response answers the frame bursting definition and its advantage correctly. But the disadvantage part is not completely accurate as it states frame bursting can't be used if there are no frames in queue. The sender may need to wait in case there are not enough frames which will cause additional delay.,training,training,4.2_LM_v1.0.1970,24,23
126369,4.2_LM_v1.0,retrieval_no_feedback,retrieval,no_feedback,order_3,score,succeeded,1.0,1.0,0.0,0.0,3319,3344,16240,1,,,1.0,"The response gives the frame bursting definition, its advantage and disadvantage correctly.",training,training,4.2_LM_v1.0.1320,25,24
126371,4.2_LM_v1.0,retrieval_no_feedback,retrieval,no_feedback,order_3,score,succeeded,1.0,1.0,0.25,0.25,3254,3302,16176,1,,,0.75,"The disadvantage given is correct for frame bursting in general. However, if you use it as a substitution for carrier extension, the goal is to reach the minimum frame length/transmission time needed for collisions to be detectable. Therefore, increasing transmission time is not a disadvantage in this case. Apart from that, the answer is correct.",training,training,4.2_LM_v1.0.713,26,25
126373,4.2_LM_v1.0,retrieval_no_feedback,retrieval,no_feedback,order_3,score,succeeded,0.9,1.0,0.4,0.4,3304,3353,13956,1,,,0.5,"The response answers the advantage and disadvantage part correctly. However, the definition is incorrect as it contains details, such as a maximal burst of three packets and a recommendation not to use it with more than 3 clients, that do not hold for frame bursting in general.",training,training,4.2_LM_v1.0.640,27,26
126375,4.2_LM_v1.0,retrieval_no_feedback,retrieval,no_feedback,order_3,score,succeeded,1.0,1.0,0.0,0.0,3591,3620,14059,1,,,1.0,"The response is correctly answers frame bursting definition, its advantage and disadvantage.",training,training,4.2_LM_v1.0.1427,28,27
126377,4.2_LM_v1.0,retrieval_no_feedback,retrieval,no_feedback,order_3,score,succeeded,1.0,1.0,0.0,0.0,3218,3247,14689,1,,,1.0,The response correctly answers all three parts of the question.,training,training,4.2_LM_v1.0.115,29,28
126379,4.2_LM_v1.0,retrieval_no_feedback,retrieval,no_feedback,order_3,score,succeeded,1.0,1.0,0.0,0.0,3267,3294,14386,1,,,1.0,The response correctly answers all three parts of the question.,training,training,4.2_LM_v1.0.1447,30,29
126381,4.2_LM_v1.0,retrieval_no_feedback,retrieval,no_feedback,order_3,score,succeeded,1.0,1.0,0.0,0.0,3481,3508,21989,1,,,1.0,The response answers all three parts of the question correctly.,training,training,4.2_LM_v1.0.1816,31,30
126383,4.2_LM_v1.0,retrieval_no_feedback,retrieval,no_feedback,order_3,score,succeeded,1.0,1.0,0.0,0.0,3130,3159,16640,1,,,1.0,The response answers all three parts of the question correctly.,training,training,4.2_LM_v1.0.1926,32,31
126385,4.2_LM_v1.0,retrieval_no_feedback,retrieval,no_feedback,order_3,score,succeeded,1.0,1.0,0.0,0.0,3095,3122,13566,1,,,1.0,"The response gives the correct definition of frame bursting, including an advantage and a disadvantage.",training,training,4.2_LM_v1.0.143,33,32
126387,4.2_LM_v1.0,retrieval_no_feedback,retrieval,no_feedback,order_3,score,succeeded,1.0,1.0,0.0,0.0,3359,3389,14631,1,,,1.0,"The response correctly explains the frame bursting concept, including its advantage and disadvantage.",training,training,4.2_LM_v1.0.277,34,33
126389,4.2_LM_v1.0,retrieval_no_feedback,retrieval,no_feedback,order_3,score,succeeded,1.0,1.0,0.0,0.0,3581,3612,19541,1,,,1.0,"The response correctly explains the concept of frame bursting, its advantages and disadvantages.",training,training,4.2_LM_v1.0.1315,35,34
126391,4.2_LM_v1.0,retrieval_no_feedback,retrieval,no_feedback,order_3,score,succeeded,0.9,1.0,-0.09999999999999998,0.09999999999999998,3170,3211,13500,1,,,1.0,The response answers all three parts of the question correctly.,training,training,4.2_LM_v1.0.1029,36,35
126393,4.2_LM_v1.0,retrieval_no_feedback,retrieval,no_feedback,order_3,score,succeeded,1.0,1.0,0.0,0.0,3352,3378,10434,1,,,1.0,The response answers all three parts of the question correctly.,training,training,4.2_LM_v1.0.16,37,36
126395,4.2_LM_v1.0,retrieval_no_feedback,retrieval,no_feedback,order_3,score,succeeded,1.0,1.0,0.0,0.0,3981,4010,11354,1,,,1.0,"The response correctly explains the frame bursting definition, its advantage and disadvantage.",training,training,4.2_LM_v1.0.446,38,37
126397,4.2_LM_v1.0,retrieval_no_feedback,retrieval,no_feedback,order_3,score,succeeded,1.0,1.0,0.0,0.0,3246,3276,14905,1,,,1.0,"The response states the correct definition of frame bursting, including its advantage and disadvantage.",training,training,4.2_LM_v1.0.1385,39,38
126399,4.2_LM_v1.0,retrieval_no_feedback,retrieval,no_feedback,order_3,score,succeeded,1.0,1.0,0.0,0.0,3431,3471,12342,1,,,1.0,"The response correctly answers the definition of frame bursting, its advantage and disadvantage.",training,training,4.2_LM_v1.0.1753,40,39
125201,4.2_LM_v1.0,mem0_full,mem0,full,order_1,score,succeeded,1.0,1.0,0.0,0.0,197,233,15499,1,,,1.0,The response correctly answers all three parts of the question.,training,training,4.2_LM_v1.0.115,1,0
125203,4.2_LM_v1.0,mem0_full,mem0,full,order_1,score,succeeded,0.9,1.0,-0.09999999999999998,0.09999999999999998,549,594,12135,1,,,1.0,"The response correctly answers all three parts of the question with an example. However, the answer also states the 9% efficiency of carrier extension which is only valid in worst case scenario. The efficiency can be better based on how much data we are sending which can vary between 46-1500 bytes.",training,training,4.2_LM_v1.0.388,2,1
125205,4.2_LM_v1.0,mem0_full,mem0,full,order_1,score,succeeded,1.0,1.0,0.25,0.25,519,550,14246,1,,,0.75,The response answers the frame bursting definition and its advantage correctly. But the disadvantage part is not completely accurate as it states frame bursting can't be used if there are no frames in queue. The sender may need to wait in case there are not enough frames which will cause additional delay.,training,training,4.2_LM_v1.0.1970,3,2
125207,4.2_LM_v1.0,mem0_full,mem0,full,order_1,score,succeeded,0.85,1.0,-0.15000000000000002,0.15000000000000002,454,501,9995,1,,,1.0,The response answers all three parts of the question correctly.,training,training,4.2_LM_v1.0.16,4,3
125209,4.2_LM_v1.0,mem0_full,mem0,full,order_1,score,succeeded,0.9,1.0,-0.09999999999999998,0.09999999999999998,543,594,9818,1,,,1.0,The response correctly explains the frame busting concept as well as its advantage and disadvantage.,training,training,4.2_LM_v1.0.252,5,4
125211,4.2_LM_v1.0,mem0_full,mem0,full,order_1,score,succeeded,0.85,1.0,0.09999999999999998,0.09999999999999998,583,632,11004,1,,,0.75,"The response answers the advantage and disadvantage of frame bursting correctly. However, the definition part is partially correct as it mentions that there are 10 packets to be sent together, which is not true as there is no specification for the number of packets in a frame. Frame bursting is used to concatenate a sequence of multiple frames and transmitting them in one single transmission.",training,training,4.2_LM_v1.0.1304,6,5
125213,4.2_LM_v1.0,mem0_full,mem0,full,order_1,score,succeeded,0.67,1.0,0.17000000000000004,0.17000000000000004,424,447,9600,1,,,0.5,"The response correctly states the advantage and the disadvantage of frame bursting. However, it does not contain a definition. Frame bursting reduces the overhead of transmitting small frames by concatenating a sequence of multiple frames in one single transmission.",training,training,4.2_LM_v1.0.2040,7,6
125215,4.2_LM_v1.0,mem0_full,mem0,full,order_1,score,succeeded,0.85,1.0,-0.15000000000000002,0.15000000000000002,440,487,10240,1,,,1.0,The response answers all three parts of the question accurately.,training,training,4.2_LM_v1.0.2047,8,7
125217,4.2_LM_v1.0,mem0_full,mem0,full,order_1,score,succeeded,1.0,1.0,0.0,0.0,536,566,10631,1,,,1.0,"The response states the correct definition of frame bursting, including its advantage and disadvantage.",training,training,4.2_LM_v1.0.1385,9,8
125219,4.2_LM_v1.0,mem0_full,mem0,full,order_1,score,succeeded,0.7,1.0,0.19999999999999996,0.19999999999999996,493,552,11659,1,,,0.5,"The response answers the advantage and disadvantage part correctly. However, the definition is incorrect as it contains details, such as a maximal burst of three packets and a recommendation not to use it with more than 3 clients, that do not hold for frame bursting in general.",training,training,4.2_LM_v1.0.640,10,9
125221,4.2_LM_v1.0,mem0_full,mem0,full,order_1,score,succeeded,0.7,1.0,-0.30000000000000004,0.30000000000000004,474,535,16107,1,,,1.0,The response answers all three parts of the question correctly.,training,training,4.2_LM_v1.0.2067,11,10
125223,4.2_LM_v1.0,mem0_full,mem0,full,order_1,score,succeeded,1.0,1.0,0.0,0.0,617,647,16284,1,,,1.0,"The response correctly explains the definition of frame bursting, including an advantage and a disadvantage.",training,training,4.2_LM_v1.0.694,12,11
125225,4.2_LM_v1.0,mem0_full,mem0,full,order_1,score,succeeded,0.9,1.0,-0.09999999999999998,0.09999999999999998,460,504,17972,1,,,1.0,"The response gives the correct definition of frame bursting, including an advantage and a disadvantage.",training,training,4.2_LM_v1.0.143,13,12
125227,4.2_LM_v1.0,mem0_full,mem0,full,order_1,score,succeeded,0.9,1.0,-0.09999999999999998,0.09999999999999998,572,621,9570,1,,,1.0,"The response correctly explains the frame bursting concept, including its advantage and disadvantage.",training,training,4.2_LM_v1.0.277,14,13
125229,4.2_LM_v1.0,mem0_full,mem0,full,order_1,score,succeeded,0.9,1.0,-0.09999999999999998,0.09999999999999998,492,541,10106,1,,,1.0,"The response correctly answers the frame bursting definition, its advantage and disadvantage.",training,training,4.2_LM_v1.0.1984,15,14
125231,4.2_LM_v1.0,mem0_full,mem0,full,order_1,score,succeeded,0.8,1.0,-0.19999999999999996,0.19999999999999996,475,519,10890,1,,,1.0,"The response correctly states the frame bursting definition, advantage and disadvantage.",training,training,4.2_LM_v1.0.1190,16,15
125233,4.2_LM_v1.0,mem0_full,mem0,full,order_1,score,succeeded,0.85,1.0,-0.15000000000000002,0.15000000000000002,517,563,11032,1,,,1.0,The response answers all three parts of the question correctly.,training,training,4.2_LM_v1.0.1816,17,16
125235,4.2_LM_v1.0,mem0_full,mem0,full,order_1,score,succeeded,0.95,1.0,-0.050000000000000044,0.050000000000000044,480,523,10067,1,,,1.0,"The response is correct as it correctly explains the concept of frame bursting, its advantage and disadvantage.",training,training,4.2_LM_v1.0.881,18,17
125237,4.2_LM_v1.0,mem0_full,mem0,full,order_1,score,succeeded,0.9,1.0,-0.09999999999999998,0.09999999999999998,441,479,10993,1,,,1.0,The response answers the question requirements correctly.,training,training,4.2_LM_v1.0.1271,19,18
125239,4.2_LM_v1.0,mem0_full,mem0,full,order_1,score,succeeded,1.0,1.0,0.0,0.0,505,535,10752,1,,,1.0,"The response is correctly answers frame bursting definition, its advantage and disadvantage.",training,training,4.2_LM_v1.0.1427,20,19
125241,4.2_LM_v1.0,mem0_full,mem0,full,order_1,score,succeeded,0.85,1.0,-0.15000000000000002,0.15000000000000002,548,601,11351,1,,,1.0,The response correctly explains what frame bursting is and also provides the accurate advantage and disadvantage of it.,training,training,4.2_LM_v1.0.1441,21,20
125243,4.2_LM_v1.0,mem0_full,mem0,full,order_1,score,succeeded,0.95,1.0,-0.050000000000000044,0.050000000000000044,473,510,9513,1,,,1.0,The response correctly answers all three parts of the question.,training,training,4.2_LM_v1.0.370,22,21
125245,4.2_LM_v1.0,mem0_full,mem0,full,order_1,score,succeeded,0.9,1.0,-0.09999999999999998,0.09999999999999998,488,527,10526,1,,,1.0,"The response correctly explains the frame bursting concept, an advantage and a disadvantage.",training,training,4.2_LM_v1.0.654,23,22
125247,4.2_LM_v1.0,mem0_full,mem0,full,order_1,score,succeeded,0.7,1.0,-0.050000000000000044,0.050000000000000044,478,526,10083,1,,,0.75,"The disadvantage given is correct for frame bursting in general. However, if you use it as a substitution for carrier extension, the goal is to reach the minimum frame length/transmission time needed for collisions to be detectable. Therefore, increasing transmission time is not a disadvantage in this case. Apart from that, the answer is correct.",training,training,4.2_LM_v1.0.713,24,23
125249,4.2_LM_v1.0,mem0_full,mem0,full,order_1,score,succeeded,0.95,1.0,-0.050000000000000044,0.050000000000000044,536,586,13235,1,,,1.0,The response answers all the three parts of the question correctly.,training,training,4.2_LM_v1.0.1630,25,24
125251,4.2_LM_v1.0,mem0_full,mem0,full,order_1,score,succeeded,0.85,1.0,-0.15000000000000002,0.15000000000000002,461,513,11207,1,,,1.0,"The response correctly states the frame bursting definition, its advantage and disadvantage.",training,training,4.2_LM_v1.0.333,26,25
125253,4.2_LM_v1.0,mem0_full,mem0,full,order_1,score,succeeded,0.85,1.0,-0.15000000000000002,0.15000000000000002,487,538,10681,1,,,1.0,The response answers all three parts of the question correctly.,training,training,4.2_LM_v1.0.1029,27,26
125255,4.2_LM_v1.0,mem0_full,mem0,full,order_1,score,succeeded,0.9,1.0,-0.09999999999999998,0.09999999999999998,453,498,9312,1,,,1.0,The response answers all three parts of the question correctly.,training,training,4.2_LM_v1.0.1926,28,27
125257,4.2_LM_v1.0,mem0_full,mem0,full,order_1,score,succeeded,0.65,1.0,-0.09999999999999998,0.09999999999999998,445,482,10445,1,,,0.75,"The response only states the frame bursting definition and its advantage, but is missing a disadvantage. There is a drawback when using frame bursting which is end to end delay. The sender may need to wait for a certain amount of frames to be collected and concatenated to a sequence of minimum length.",training,training,4.2_LM_v1.0.1525,29,28
125259,4.2_LM_v1.0,mem0_full,mem0,full,order_1,score,succeeded,0.9,1.0,-0.09999999999999998,0.09999999999999998,461,507,10094,1,,,1.0,The response answers all parts of the question correctly.,training,training,4.2_LM_v1.0.1654,30,29
125261,4.2_LM_v1.0,mem0_full,mem0,full,order_1,score,succeeded,0.85,1.0,-0.15000000000000002,0.15000000000000002,484,527,9359,1,,,1.0,The response answers the question requirements correctly.,training,training,4.2_LM_v1.0.316,31,30
125263,4.2_LM_v1.0,mem0_full,mem0,full,order_1,score,succeeded,0.65,1.0,-0.35,0.35,520,584,12658,1,,,1.0,"The response correctly states the frame bursting definition, its advantage and disadvantage.",training,training,4.2_LM_v1.0.1601,32,31
125265,4.2_LM_v1.0,mem0_full,mem0,full,order_1,score,succeeded,0.8,1.0,-0.19999999999999996,0.19999999999999996,469,524,9926,1,,,1.0,"The response gives the frame bursting definition, its advantage and disadvantage correctly.",training,training,4.2_LM_v1.0.1320,33,32
125267,4.2_LM_v1.0,mem0_full,mem0,full,order_1,score,succeeded,0.85,1.0,-0.15000000000000002,0.15000000000000002,556,607,11865,1,,,1.0,"The response correctly answers the definition of frame bursting, its advantage and disadvantage.",training,training,4.2_LM_v1.0.1753,34,33
125269,4.2_LM_v1.0,mem0_full,mem0,full,order_1,score,succeeded,0.8,1.0,-0.19999999999999996,0.19999999999999996,627,672,11432,1,,,1.0,"The response correctly explains the concept of frame bursting, its advantages and disadvantages.",training,training,4.2_LM_v1.0.1315,35,34
125271,4.2_LM_v1.0,mem0_full,mem0,full,order_1,score,succeeded,0.9,1.0,-0.09999999999999998,0.09999999999999998,450,489,11758,1,,,1.0,"The response answer is correct as it contains an appropriate definition, advantage and disadvantage.",training,training,4.2_LM_v1.0.918,36,35
125273,4.2_LM_v1.0,mem0_full,mem0,full,order_1,score,succeeded,0.85,1.0,-0.15000000000000002,0.15000000000000002,495,545,11281,1,,,1.0,"The response correctly explains the frame bursting concept, its advantage and disadvantage.",training,training,4.2_LM_v1.0.87,37,36
125275,4.2_LM_v1.0,mem0_full,mem0,full,order_1,score,succeeded,0.9,1.0,-0.09999999999999998,0.09999999999999998,496,539,12657,1,,,1.0,The response correctly answers all three parts of the question.,training,training,4.2_LM_v1.0.1447,38,37
125277,4.2_LM_v1.0,mem0_full,mem0,full,order_1,score,succeeded,0.75,1.0,-0.25,0.25,443,491,10364,1,,,1.0,The response correctly answers all three parts of the question.,training,training,4.2_LM_v1.0.40,39,38
125279,4.2_LM_v1.0,mem0_full,mem0,full,order_1,score,succeeded,0.9,1.0,-0.09999999999999998,0.09999999999999998,530,580,14415,1,,,1.0,"The response correctly explains the frame bursting definition, its advantage and disadvantage.",training,training,4.2_LM_v1.0.446,40,39
125681,4.2_LM_v1.0,mem0_full,mem0,full,order_2,score,succeeded,0.9,1.0,-0.09999999999999998,0.09999999999999998,158,192,10700,1,,,1.0,The response correctly answers all three parts of the question.,training,training,4.2_LM_v1.0.40,1,0
125683,4.2_LM_v1.0,mem0_full,mem0,full,order_2,score,succeeded,0.6,1.0,-0.15000000000000002,0.15000000000000002,420,458,10651,1,,,0.75,"The response only states the frame bursting definition and its advantage, but is missing a disadvantage. There is a drawback when using frame bursting which is end to end delay. The sender may need to wait for a certain amount of frames to be collected and concatenated to a sequence of minimum length.",training,training,4.2_LM_v1.0.1525,2,1
125685,4.2_LM_v1.0,mem0_full,mem0,full,order_2,score,succeeded,0.85,1.0,-0.15000000000000002,0.15000000000000002,444,484,9247,1,,,1.0,"The response gives the frame bursting definition, its advantage and disadvantage correctly.",training,training,4.2_LM_v1.0.1320,3,2
125687,4.2_LM_v1.0,mem0_full,mem0,full,order_2,score,succeeded,0.8,1.0,-0.19999999999999996,0.19999999999999996,416,462,11089,1,,,1.0,The response answers the question requirements correctly.,training,training,4.2_LM_v1.0.1271,4,3
125689,4.2_LM_v1.0,mem0_full,mem0,full,order_2,score,succeeded,0.9,1.0,-0.09999999999999998,0.09999999999999998,435,464,11871,1,,,1.0,"The response gives the correct definition of frame bursting, including an advantage and a disadvantage.",training,training,4.2_LM_v1.0.143,5,4
125691,4.2_LM_v1.0,mem0_full,mem0,full,order_2,score,succeeded,0.75,1.0,-0.25,0.25,459,511,9589,1,,,1.0,The response answers all three parts of the question correctly.,training,training,4.2_LM_v1.0.1029,6,5
125693,4.2_LM_v1.0,mem0_full,mem0,full,order_2,score,succeeded,0.75,1.0,-0.25,0.25,428,483,12229,1,,,1.0,The response answers all three parts of the question correctly.,training,training,4.2_LM_v1.0.1926,7,6
125695,4.2_LM_v1.0,mem0_full,mem0,full,order_2,score,succeeded,0.9,1.0,-0.09999999999999998,0.09999999999999998,471,506,12012,1,,,1.0,The response correctly answers all three parts of the question.,training,training,4.2_LM_v1.0.1447,8,7
125697,4.2_LM_v1.0,mem0_full,mem0,full,order_2,score,succeeded,0.9,1.0,-0.09999999999999998,0.09999999999999998,505,554,9311,1,,,1.0,"The response correctly explains the frame bursting definition, its advantage and disadvantage.",training,training,4.2_LM_v1.0.446,9,8
125699,4.2_LM_v1.0,mem0_full,mem0,full,order_2,score,succeeded,0.7,1.0,0.19999999999999996,0.19999999999999996,468,517,12737,1,,,0.5,"The response answers the advantage and disadvantage part correctly. However, the definition is incorrect as it contains details, such as a maximal burst of three packets and a recommendation not to use it with more than 3 clients, that do not hold for frame bursting in general.",training,training,4.2_LM_v1.0.640,10,9
125701,4.2_LM_v1.0,mem0_full,mem0,full,order_2,score,succeeded,0.85,1.0,-0.15000000000000002,0.15000000000000002,425,468,9174,1,,,1.0,"The response answer is correct as it contains an appropriate definition, advantage and disadvantage.",training,training,4.2_LM_v1.0.918,11,10
125703,4.2_LM_v1.0,mem0_full,mem0,full,order_2,score,succeeded,1.0,1.0,0.0,0.0,457,489,12100,1,,,1.0,The response correctly answers all three parts of the question.,training,training,4.2_LM_v1.0.115,12,11
125705,4.2_LM_v1.0,mem0_full,mem0,full,order_2,score,succeeded,0.75,1.0,-0.25,0.25,446,501,15486,1,,,1.0,The response answers all three parts of the question correctly.,training,training,4.2_LM_v1.0.2067,13,12
125707,4.2_LM_v1.0,mem0_full,mem0,full,order_2,score,succeeded,0.8,1.0,-0.19999999999999996,0.19999999999999996,495,554,11321,1,,,1.0,"The response correctly states the frame bursting definition, its advantage and disadvantage.",training,training,4.2_LM_v1.0.1601,14,13
125709,4.2_LM_v1.0,mem0_full,mem0,full,order_2,score,succeeded,1.0,1.0,0.0,0.0,592,622,10658,1,,,1.0,"The response correctly explains the definition of frame bursting, including an advantage and a disadvantage.",training,training,4.2_LM_v1.0.694,15,14
125711,4.2_LM_v1.0,mem0_full,mem0,full,order_2,score,succeeded,0.9,1.0,-0.09999999999999998,0.09999999999999998,524,569,10823,1,,,1.0,"The response correctly answers all three parts of the question with an example. However, the answer also states the 9% efficiency of carrier extension which is only valid in worst case scenario. The efficiency can be better based on how much data we are sending which can vary between 46-1500 bytes.",training,training,4.2_LM_v1.0.388,16,15
125713,4.2_LM_v1.0,mem0_full,mem0,full,order_2,score,succeeded,0.95,1.0,-0.050000000000000044,0.050000000000000044,547,577,10990,1,,,1.0,"The response correctly explains the frame bursting concept, including its advantage and disadvantage.",training,training,4.2_LM_v1.0.277,17,16
125715,4.2_LM_v1.0,mem0_full,mem0,full,order_2,score,succeeded,0.9,1.0,-0.09999999999999998,0.09999999999999998,433,479,9615,1,,,1.0,The response answers all parts of the question correctly.,training,training,4.2_LM_v1.0.1654,18,17
125717,4.2_LM_v1.0,mem0_full,mem0,full,order_2,score,succeeded,0.9,1.0,-0.09999999999999998,0.09999999999999998,448,490,11300,1,,,1.0,The response correctly answers all three parts of the question.,training,training,4.2_LM_v1.0.370,19,18
125719,4.2_LM_v1.0,mem0_full,mem0,full,order_2,score,succeeded,0.85,1.0,-0.15000000000000002,0.15000000000000002,453,494,9133,1,,,1.0,"The response correctly states the frame bursting definition, advantage and disadvantage.",training,training,4.2_LM_v1.0.1190,20,19
125721,4.2_LM_v1.0,mem0_full,mem0,full,order_2,score,succeeded,0.95,1.0,-0.050000000000000044,0.050000000000000044,511,554,11186,1,,,1.0,The response answers all the three parts of the question correctly.,training,training,4.2_LM_v1.0.1630,21,20
125723,4.2_LM_v1.0,mem0_full,mem0,full,order_2,score,succeeded,0.9,1.0,-0.09999999999999998,0.09999999999999998,531,576,11603,1,,,1.0,"The response correctly answers the definition of frame bursting, its advantage and disadvantage.",training,training,4.2_LM_v1.0.1753,22,21
125725,4.2_LM_v1.0,mem0_full,mem0,full,order_2,score,succeeded,0.9,1.0,0.15000000000000002,0.15000000000000002,491,536,10230,1,,,0.75,The response answers the frame bursting definition and its advantage correctly. But the disadvantage part is not completely accurate as it states frame bursting can't be used if there are no frames in queue. The sender may need to wait in case there are not enough frames which will cause additional delay.,training,training,4.2_LM_v1.0.1970,23,22
125727,4.2_LM_v1.0,mem0_full,mem0,full,order_2,score,succeeded,0.9,1.0,-0.09999999999999998,0.09999999999999998,492,538,10260,1,,,1.0,The response answers all three parts of the question correctly.,training,training,4.2_LM_v1.0.1816,24,23
125729,4.2_LM_v1.0,mem0_full,mem0,full,order_2,score,succeeded,0.9,1.0,-0.09999999999999998,0.09999999999999998,480,523,13035,1,,,1.0,"The response is correctly answers frame bursting definition, its advantage and disadvantage.",training,training,4.2_LM_v1.0.1427,25,24
125731,4.2_LM_v1.0,mem0_full,mem0,full,order_2,score,succeeded,0.8,1.0,-0.19999999999999996,0.19999999999999996,463,507,15185,1,,,1.0,"The response correctly explains the frame bursting concept, an advantage and a disadvantage.",training,training,4.2_LM_v1.0.654,26,25
125733,4.2_LM_v1.0,mem0_full,mem0,full,order_2,score,succeeded,0.9,1.0,-0.09999999999999998,0.09999999999999998,436,480,9363,1,,,1.0,"The response correctly states the frame bursting definition, its advantage and disadvantage.",training,training,4.2_LM_v1.0.333,27,26
125735,4.2_LM_v1.0,mem0_full,mem0,full,order_2,score,succeeded,0.85,1.0,0.09999999999999998,0.09999999999999998,558,610,9953,1,,,0.75,"The response answers the advantage and disadvantage of frame bursting correctly. However, the definition part is partially correct as it mentions that there are 10 packets to be sent together, which is not true as there is no specification for the number of packets in a frame. Frame bursting is used to concatenate a sequence of multiple frames and transmitting them in one single transmission.",training,training,4.2_LM_v1.0.1304,28,27
125737,4.2_LM_v1.0,mem0_full,mem0,full,order_2,score,succeeded,1.0,1.0,0.0,0.0,455,490,10483,1,,,1.0,"The response is correct as it correctly explains the concept of frame bursting, its advantage and disadvantage.",training,training,4.2_LM_v1.0.881,29,28
125739,4.2_LM_v1.0,mem0_full,mem0,full,order_2,score,succeeded,0.85,1.0,-0.15000000000000002,0.15000000000000002,523,578,11932,1,,,1.0,The response correctly explains what frame bursting is and also provides the accurate advantage and disadvantage of it.,training,training,4.2_LM_v1.0.1441,30,29
125741,4.2_LM_v1.0,mem0_full,mem0,full,order_2,score,succeeded,0.85,1.0,-0.15000000000000002,0.15000000000000002,602,659,10634,1,,,1.0,"The response correctly explains the concept of frame bursting, its advantages and disadvantages.",training,training,4.2_LM_v1.0.1315,31,30
125743,4.2_LM_v1.0,mem0_full,mem0,full,order_2,score,succeeded,0.9,1.0,-0.09999999999999998,0.09999999999999998,467,520,9599,1,,,1.0,"The response correctly answers the frame bursting definition, its advantage and disadvantage.",training,training,4.2_LM_v1.0.1984,32,31
125745,4.2_LM_v1.0,mem0_full,mem0,full,order_2,score,succeeded,0.85,1.0,-0.15000000000000002,0.15000000000000002,459,511,11402,1,,,1.0,The response answers the question requirements correctly.,training,training,4.2_LM_v1.0.316,33,32
125747,4.2_LM_v1.0,mem0_full,mem0,full,order_2,score,succeeded,0.9,1.0,-0.09999999999999998,0.09999999999999998,521,580,10758,1,,,1.0,The response correctly explains the frame busting concept as well as its advantage and disadvantage.,training,training,4.2_LM_v1.0.252,34,33
125749,4.2_LM_v1.0,mem0_full,mem0,full,order_2,score,succeeded,0.8,1.0,-0.19999999999999996,0.19999999999999996,470,526,11383,1,,,1.0,"The response correctly explains the frame bursting concept, its advantage and disadvantage.",training,training,4.2_LM_v1.0.87,35,34
125751,4.2_LM_v1.0,mem0_full,mem0,full,order_2,score,succeeded,0.85,1.0,-0.15000000000000002,0.15000000000000002,418,447,9795,1,,,1.0,The response answers all three parts of the question accurately.,training,training,4.2_LM_v1.0.2047,36,35
125753,4.2_LM_v1.0,mem0_full,mem0,full,order_2,score,succeeded,0.5,1.0,0.0,0.0,396,435,10613,1,,,0.5,"The response correctly states the advantage and the disadvantage of frame bursting. However, it does not contain a definition. Frame bursting reduces the overhead of transmitting small frames by concatenating a sequence of multiple frames in one single transmission.",training,training,4.2_LM_v1.0.2040,37,36
125755,4.2_LM_v1.0,mem0_full,mem0,full,order_2,score,succeeded,0.85,1.0,-0.15000000000000002,0.15000000000000002,429,477,9357,1,,,1.0,The response answers all three parts of the question correctly.,training,training,4.2_LM_v1.0.16,38,37
125757,4.2_LM_v1.0,mem0_full,mem0,full,order_2,score,succeeded,0.95,1.0,-0.050000000000000044,0.050000000000000044,511,557,10005,1,,,1.0,"The response states the correct definition of frame bursting, including its advantage and disadvantage.",training,training,4.2_LM_v1.0.1385,39,38
125759,4.2_LM_v1.0,mem0_full,mem0,full,order_2,score,succeeded,0.75,1.0,0.0,0.0,456,506,12271,1,,,0.75,"The disadvantage given is correct for frame bursting in general. However, if you use it as a substitution for carrier extension, the goal is to reach the minimum frame length/transmission time needed for collisions to be detectable. Therefore, increasing transmission time is not a disadvantage in this case. Apart from that, the answer is correct.",training,training,4.2_LM_v1.0.713,40,39
126161,4.2_LM_v1.0,mem0_full,mem0,full,order_3,score,succeeded,0.6,1.0,-0.15000000000000002,0.15000000000000002,160,195,9527,1,,,0.75,"The response only states the frame bursting definition and its advantage, but is missing a disadvantage. There is a drawback when using frame bursting which is end to end delay. The sender may need to wait for a certain amount of frames to be collected and concatenated to a sequence of minimum length.",training,training,4.2_LM_v1.0.1525,1,0
126163,4.2_LM_v1.0,mem0_full,mem0,full,order_3,score,succeeded,1.0,1.0,0.0,0.0,481,516,11177,1,,,1.0,"The response is correct as it correctly explains the concept of frame bursting, its advantage and disadvantage.",training,training,4.2_LM_v1.0.881,2,1
126165,4.2_LM_v1.0,mem0_full,mem0,full,order_3,score,succeeded,0.8,1.0,-0.19999999999999996,0.19999999999999996,444,495,11448,1,,,1.0,The response correctly answers all three parts of the question.,training,training,4.2_LM_v1.0.40,3,2
126167,4.2_LM_v1.0,mem0_full,mem0,full,order_3,score,succeeded,0.9,1.0,-0.09999999999999998,0.09999999999999998,442,472,9497,1,,,1.0,The response answers the question requirements correctly.,training,training,4.2_LM_v1.0.1271,4,3
126169,4.2_LM_v1.0,mem0_full,mem0,full,order_3,score,succeeded,0.8,1.0,-0.19999999999999996,0.19999999999999996,451,496,12403,1,,,1.0,"The response answer is correct as it contains an appropriate definition, advantage and disadvantage.",training,training,4.2_LM_v1.0.918,5,4
126171,4.2_LM_v1.0,mem0_full,mem0,full,order_3,score,succeeded,0.9,1.0,-0.09999999999999998,0.09999999999999998,493,534,10886,1,,,1.0,"The response correctly answers the frame bursting definition, its advantage and disadvantage.",training,training,4.2_LM_v1.0.1984,6,5
126173,4.2_LM_v1.0,mem0_full,mem0,full,order_3,score,succeeded,0.85,1.0,0.09999999999999998,0.09999999999999998,584,636,9765,1,,,0.75,"The response answers the advantage and disadvantage of frame bursting correctly. However, the definition part is partially correct as it mentions that there are 10 packets to be sent together, which is not true as there is no specification for the number of packets in a frame. Frame bursting is used to concatenate a sequence of multiple frames and transmitting them in one single transmission.",training,training,4.2_LM_v1.0.1304,7,6
126175,4.2_LM_v1.0,mem0_full,mem0,full,order_3,score,succeeded,0.9,1.0,-0.09999999999999998,0.09999999999999998,534,581,11069,1,,,1.0,The response answers all the three parts of the question correctly.,training,training,4.2_LM_v1.0.1630,8,7
126177,4.2_LM_v1.0,mem0_full,mem0,full,order_3,score,succeeded,0.9,1.0,-0.09999999999999998,0.09999999999999998,459,499,9352,1,,,1.0,The response answers all parts of the question correctly.,training,training,4.2_LM_v1.0.1654,9,8
126179,4.2_LM_v1.0,mem0_full,mem0,full,order_3,score,succeeded,1.0,1.0,0.0,0.0,618,648,10308,1,,,1.0,"The response correctly explains the definition of frame bursting, including an advantage and a disadvantage.",training,training,4.2_LM_v1.0.694,10,9
126181,4.2_LM_v1.0,mem0_full,mem0,full,order_3,score,succeeded,0.95,1.0,-0.050000000000000044,0.050000000000000044,547,594,9607,1,,,1.0,The response correctly explains the frame busting concept as well as its advantage and disadvantage.,training,training,4.2_LM_v1.0.252,11,10
126183,4.2_LM_v1.0,mem0_full,mem0,full,order_3,score,succeeded,0.95,1.0,-0.050000000000000044,0.050000000000000044,471,513,12761,1,,,1.0,The response correctly answers all three parts of the question.,training,training,4.2_LM_v1.0.370,12,11
126185,4.2_LM_v1.0,mem0_full,mem0,full,order_3,score,succeeded,0.85,1.0,-0.15000000000000002,0.15000000000000002,489,536,12426,1,,,1.0,"The response correctly explains the frame bursting concept, an advantage and a disadvantage.",training,training,4.2_LM_v1.0.654,13,12
126187,4.2_LM_v1.0,mem0_full,mem0,full,order_3,score,succeeded,0.75,1.0,-0.25,0.25,521,575,9608,1,,,1.0,"The response correctly states the frame bursting definition, its advantage and disadvantage.",training,training,4.2_LM_v1.0.1601,14,13
126189,4.2_LM_v1.0,mem0_full,mem0,full,order_3,score,succeeded,0.85,1.0,-0.15000000000000002,0.15000000000000002,482,525,9318,1,,,1.0,The response answers the question requirements correctly.,training,training,4.2_LM_v1.0.316,15,14
126191,4.2_LM_v1.0,mem0_full,mem0,full,order_3,score,succeeded,0.6,1.0,0.09999999999999998,0.09999999999999998,425,464,9270,1,,,0.5,"The response correctly states the advantage and the disadvantage of frame bursting. However, it does not contain a definition. Frame bursting reduces the overhead of transmitting small frames by concatenating a sequence of multiple frames in one single transmission.",training,training,4.2_LM_v1.0.2040,16,15
126193,4.2_LM_v1.0,mem0_full,mem0,full,order_3,score,succeeded,0.9,1.0,-0.09999999999999998,0.09999999999999998,550,597,10230,1,,,1.0,"The response correctly answers all three parts of the question with an example. However, the answer also states the 9% efficiency of carrier extension which is only valid in worst case scenario. The efficiency can be better based on how much data we are sending which can vary between 46-1500 bytes.",training,training,4.2_LM_v1.0.388,17,16
126195,4.2_LM_v1.0,mem0_full,mem0,full,order_3,score,succeeded,0.9,1.0,-0.09999999999999998,0.09999999999999998,479,521,9617,1,,,1.0,"The response correctly states the frame bursting definition, advantage and disadvantage.",training,training,4.2_LM_v1.0.1190,18,17
126197,4.2_LM_v1.0,mem0_full,mem0,full,order_3,score,succeeded,0.8,1.0,-0.19999999999999996,0.19999999999999996,472,525,10124,1,,,1.0,The response answers all three parts of the question correctly.,training,training,4.2_LM_v1.0.2067,19,18
126199,4.2_LM_v1.0,mem0_full,mem0,full,order_3,score,succeeded,0.85,1.0,-0.15000000000000002,0.15000000000000002,496,547,10983,1,,,1.0,"The response correctly explains the frame bursting concept, its advantage and disadvantage.",training,training,4.2_LM_v1.0.87,20,19
126201,4.2_LM_v1.0,mem0_full,mem0,full,order_3,score,succeeded,0.9,1.0,-0.09999999999999998,0.09999999999999998,444,473,10915,1,,,1.0,The response answers all three parts of the question accurately.,training,training,4.2_LM_v1.0.2047,21,20
126203,4.2_LM_v1.0,mem0_full,mem0,full,order_3,score,succeeded,0.9,1.0,-0.09999999999999998,0.09999999999999998,549,600,12437,1,,,1.0,The response correctly explains what frame bursting is and also provides the accurate advantage and disadvantage of it.,training,training,4.2_LM_v1.0.1441,22,21
126205,4.2_LM_v1.0,mem0_full,mem0,full,order_3,score,succeeded,0.9,1.0,-0.09999999999999998,0.09999999999999998,462,509,11611,1,,,1.0,"The response correctly states the frame bursting definition, its advantage and disadvantage.",training,training,4.2_LM_v1.0.333,23,22
126207,4.2_LM_v1.0,mem0_full,mem0,full,order_3,score,succeeded,1.0,1.0,0.25,0.25,520,548,10303,1,,,0.75,The response answers the frame bursting definition and its advantage correctly. But the disadvantage part is not completely accurate as it states frame bursting can't be used if there are no frames in queue. The sender may need to wait in case there are not enough frames which will cause additional delay.,training,training,4.2_LM_v1.0.1970,24,23
126209,4.2_LM_v1.0,mem0_full,mem0,full,order_3,score,succeeded,0.95,1.0,-0.050000000000000044,0.050000000000000044,470,498,10542,1,,,1.0,"The response gives the frame bursting definition, its advantage and disadvantage correctly.",training,training,4.2_LM_v1.0.1320,25,24
126211,4.2_LM_v1.0,mem0_full,mem0,full,order_3,score,succeeded,0.7,1.0,-0.050000000000000044,0.050000000000000044,482,520,9817,1,,,0.75,"The disadvantage given is correct for frame bursting in general. However, if you use it as a substitution for carrier extension, the goal is to reach the minimum frame length/transmission time needed for collisions to be detectable. Therefore, increasing transmission time is not a disadvantage in this case. Apart from that, the answer is correct.",training,training,4.2_LM_v1.0.713,26,25
126213,4.2_LM_v1.0,mem0_full,mem0,full,order_3,score,succeeded,0.7,1.0,0.19999999999999996,0.19999999999999996,494,553,11668,1,,,0.5,"The response answers the advantage and disadvantage part correctly. However, the definition is incorrect as it contains details, such as a maximal burst of three packets and a recommendation not to use it with more than 3 clients, that do not hold for frame bursting in general.",training,training,4.2_LM_v1.0.640,27,26
126215,4.2_LM_v1.0,mem0_full,mem0,full,order_3,score,succeeded,1.0,1.0,0.0,0.0,506,546,11852,1,,,1.0,"The response is correctly answers frame bursting definition, its advantage and disadvantage.",training,training,4.2_LM_v1.0.1427,28,27
126217,4.2_LM_v1.0,mem0_full,mem0,full,order_3,score,succeeded,0.95,1.0,-0.050000000000000044,0.050000000000000044,483,522,11609,1,,,1.0,The response correctly answers all three parts of the question.,training,training,4.2_LM_v1.0.115,29,28
126219,4.2_LM_v1.0,mem0_full,mem0,full,order_3,score,succeeded,0.9,1.0,-0.09999999999999998,0.09999999999999998,497,546,10005,1,,,1.0,The response correctly answers all three parts of the question.,training,training,4.2_LM_v1.0.1447,30,29
126221,4.2_LM_v1.0,mem0_full,mem0,full,order_3,score,succeeded,0.9,1.0,-0.09999999999999998,0.09999999999999998,518,557,10949,1,,,1.0,The response answers all three parts of the question correctly.,training,training,4.2_LM_v1.0.1816,31,30
126223,4.2_LM_v1.0,mem0_full,mem0,full,order_3,score,succeeded,0.9,1.0,-0.09999999999999998,0.09999999999999998,454,502,11411,1,,,1.0,The response answers all three parts of the question correctly.,training,training,4.2_LM_v1.0.1926,32,31
126225,4.2_LM_v1.0,mem0_full,mem0,full,order_3,score,succeeded,0.9,1.0,-0.09999999999999998,0.09999999999999998,458,506,9172,1,,,1.0,"The response gives the correct definition of frame bursting, including an advantage and a disadvantage.",training,training,4.2_LM_v1.0.143,33,32
126227,4.2_LM_v1.0,mem0_full,mem0,full,order_3,score,succeeded,0.95,1.0,-0.050000000000000044,0.050000000000000044,573,615,9010,1,,,1.0,"The response correctly explains the frame bursting concept, including its advantage and disadvantage.",training,training,4.2_LM_v1.0.277,34,33
126229,4.2_LM_v1.0,mem0_full,mem0,full,order_3,score,succeeded,0.72,1.0,-0.28,0.28,628,693,10616,1,,,1.0,"The response correctly explains the concept of frame bursting, its advantages and disadvantages.",training,training,4.2_LM_v1.0.1315,35,34
126231,4.2_LM_v1.0,mem0_full,mem0,full,order_3,score,succeeded,0.85,1.0,-0.15000000000000002,0.15000000000000002,488,528,11079,1,,,1.0,The response answers all three parts of the question correctly.,training,training,4.2_LM_v1.0.1029,36,35
126233,4.2_LM_v1.0,mem0_full,mem0,full,order_3,score,succeeded,0.85,1.0,-0.15000000000000002,0.15000000000000002,455,503,11543,1,,,1.0,The response answers all three parts of the question correctly.,training,training,4.2_LM_v1.0.16,37,36
126235,4.2_LM_v1.0,mem0_full,mem0,full,order_3,score,succeeded,1.0,1.0,0.0,0.0,531,567,10019,1,,,1.0,"The response correctly explains the frame bursting definition, its advantage and disadvantage.",training,training,4.2_LM_v1.0.446,38,37
126237,4.2_LM_v1.0,mem0_full,mem0,full,order_3,score,succeeded,0.9,1.0,-0.09999999999999998,0.09999999999999998,537,579,12733,1,,,1.0,"The response states the correct definition of frame bursting, including its advantage and disadvantage.",training,training,4.2_LM_v1.0.1385,39,38
126239,4.2_LM_v1.0,mem0_full,mem0,full,order_3,score,succeeded,0.8,1.0,-0.19999999999999996,0.19999999999999996,557,603,10768,1,,,1.0,"The response correctly answers the definition of frame bursting, its advantage and disadvantage.",training,training,4.2_LM_v1.0.1753,40,39
125441,4.2_LM_v1.0,mem0_no_feedback,mem0,no_feedback,order_1,score,succeeded,1.0,1.0,0.0,0.0,479,509,10408,1,,,1.0,The response correctly answers all three parts of the question.,training,training,4.2_LM_v1.0.115,1,0
125443,4.2_LM_v1.0,mem0_no_feedback,mem0,no_feedback,order_1,score,succeeded,0.95,1.0,-0.050000000000000044,0.050000000000000044,549,580,9152,1,,,1.0,"The response correctly answers all three parts of the question with an example. However, the answer also states the 9% efficiency of carrier extension which is only valid in worst case scenario. The efficiency can be better based on how much data we are sending which can vary between 46-1500 bytes.",training,training,4.2_LM_v1.0.388,2,1
125445,4.2_LM_v1.0,mem0_no_feedback,mem0,no_feedback,order_1,score,succeeded,0.95,1.0,0.19999999999999996,0.19999999999999996,519,563,10688,1,,,0.75,The response answers the frame bursting definition and its advantage correctly. But the disadvantage part is not completely accurate as it states frame bursting can't be used if there are no frames in queue. The sender may need to wait in case there are not enough frames which will cause additional delay.,training,training,4.2_LM_v1.0.1970,3,2
125447,4.2_LM_v1.0,mem0_no_feedback,mem0,no_feedback,order_1,score,succeeded,0.9,1.0,-0.09999999999999998,0.09999999999999998,454,495,12257,1,,,1.0,The response answers all three parts of the question correctly.,training,training,4.2_LM_v1.0.16,4,3
125449,4.2_LM_v1.0,mem0_no_feedback,mem0,no_feedback,order_1,score,succeeded,0.9,1.0,-0.09999999999999998,0.09999999999999998,546,591,10596,1,,,1.0,The response correctly explains the frame busting concept as well as its advantage and disadvantage.,training,training,4.2_LM_v1.0.252,5,4
125451,4.2_LM_v1.0,mem0_no_feedback,mem0,no_feedback,order_1,score,succeeded,0.85,1.0,0.09999999999999998,0.09999999999999998,583,632,11165,1,,,0.75,"The response answers the advantage and disadvantage of frame bursting correctly. However, the definition part is partially correct as it mentions that there are 10 packets to be sent together, which is not true as there is no specification for the number of packets in a frame. Frame bursting is used to concatenate a sequence of multiple frames and transmitting them in one single transmission.",training,training,4.2_LM_v1.0.1304,6,5
125453,4.2_LM_v1.0,mem0_no_feedback,mem0,no_feedback,order_1,score,succeeded,0.7,1.0,0.19999999999999996,0.19999999999999996,424,458,11834,1,,,0.5,"The response correctly states the advantage and the disadvantage of frame bursting. However, it does not contain a definition. Frame bursting reduces the overhead of transmitting small frames by concatenating a sequence of multiple frames in one single transmission.",training,training,4.2_LM_v1.0.2040,7,6
125455,4.2_LM_v1.0,mem0_no_feedback,mem0,no_feedback,order_1,score,succeeded,0.85,1.0,-0.15000000000000002,0.15000000000000002,443,488,15792,1,,,1.0,The response answers all three parts of the question accurately.,training,training,4.2_LM_v1.0.2047,8,7
125457,4.2_LM_v1.0,mem0_no_feedback,mem0,no_feedback,order_1,score,succeeded,0.95,1.0,-0.050000000000000044,0.050000000000000044,536,576,16409,1,,,1.0,"The response states the correct definition of frame bursting, including its advantage and disadvantage.",training,training,4.2_LM_v1.0.1385,9,8
125459,4.2_LM_v1.0,mem0_no_feedback,mem0,no_feedback,order_1,score,succeeded,0.6,1.0,0.09999999999999998,0.09999999999999998,493,545,15992,1,,,0.5,"The response answers the advantage and disadvantage part correctly. However, the definition is incorrect as it contains details, such as a maximal burst of three packets and a recommendation not to use it with more than 3 clients, that do not hold for frame bursting in general.",training,training,4.2_LM_v1.0.640,10,9
125461,4.2_LM_v1.0,mem0_no_feedback,mem0,no_feedback,order_1,score,succeeded,0.6,1.0,-0.4,0.4,474,532,14763,1,,,1.0,The response answers all three parts of the question correctly.,training,training,4.2_LM_v1.0.2067,11,10
125463,4.2_LM_v1.0,mem0_no_feedback,mem0,no_feedback,order_1,score,succeeded,0.9,1.0,-0.09999999999999998,0.09999999999999998,617,662,19869,1,,,1.0,"The response correctly explains the definition of frame bursting, including an advantage and a disadvantage.",training,training,4.2_LM_v1.0.694,12,11
125465,4.2_LM_v1.0,mem0_no_feedback,mem0,no_feedback,order_1,score,succeeded,1.0,1.0,0.0,0.0,460,489,19351,1,,,1.0,"The response gives the correct definition of frame bursting, including an advantage and a disadvantage.",training,training,4.2_LM_v1.0.143,13,12
125467,4.2_LM_v1.0,mem0_no_feedback,mem0,no_feedback,order_1,score,succeeded,1.0,1.0,0.0,0.0,572,602,16376,1,,,1.0,"The response correctly explains the frame bursting concept, including its advantage and disadvantage.",training,training,4.2_LM_v1.0.277,14,13
125469,4.2_LM_v1.0,mem0_no_feedback,mem0,no_feedback,order_1,score,succeeded,1.0,1.0,0.0,0.0,492,523,21969,1,,,1.0,"The response correctly answers the frame bursting definition, its advantage and disadvantage.",training,training,4.2_LM_v1.0.1984,15,14
125471,4.2_LM_v1.0,mem0_no_feedback,mem0,no_feedback,order_1,score,succeeded,0.85,1.0,-0.15000000000000002,0.15000000000000002,478,518,23239,1,,,1.0,"The response correctly states the frame bursting definition, advantage and disadvantage.",training,training,4.2_LM_v1.0.1190,16,15
125473,4.2_LM_v1.0,mem0_no_feedback,mem0,no_feedback,order_1,score,succeeded,0.9,1.0,-0.09999999999999998,0.09999999999999998,517,551,23798,1,,,1.0,The response answers all three parts of the question correctly.,training,training,4.2_LM_v1.0.1816,17,16
125475,4.2_LM_v1.0,mem0_no_feedback,mem0,no_feedback,order_1,score,succeeded,1.0,1.0,0.0,0.0,480,514,18026,1,,,1.0,"The response is correct as it correctly explains the concept of frame bursting, its advantage and disadvantage.",training,training,4.2_LM_v1.0.881,18,17
125477,4.2_LM_v1.0,mem0_no_feedback,mem0,no_feedback,order_1,score,succeeded,0.8,1.0,-0.19999999999999996,0.19999999999999996,441,489,17867,1,,,1.0,The response answers the question requirements correctly.,training,training,4.2_LM_v1.0.1271,19,18
125479,4.2_LM_v1.0,mem0_no_feedback,mem0,no_feedback,order_1,score,succeeded,1.0,1.0,0.0,0.0,502,541,12598,1,,,1.0,"The response is correctly answers frame bursting definition, its advantage and disadvantage.",training,training,4.2_LM_v1.0.1427,20,19
125481,4.2_LM_v1.0,mem0_no_feedback,mem0,no_feedback,order_1,score,succeeded,0.85,1.0,-0.15000000000000002,0.15000000000000002,548,614,24720,1,,,1.0,The response correctly explains what frame bursting is and also provides the accurate advantage and disadvantage of it.,training,training,4.2_LM_v1.0.1441,21,20
125483,4.2_LM_v1.0,mem0_no_feedback,mem0,no_feedback,order_1,score,succeeded,1.0,1.0,0.0,0.0,473,511,19406,1,,,1.0,The response correctly answers all three parts of the question.,training,training,4.2_LM_v1.0.370,22,21
125485,4.2_LM_v1.0,mem0_no_feedback,mem0,no_feedback,order_1,score,succeeded,0.9,1.0,-0.09999999999999998,0.09999999999999998,488,549,19447,1,,,1.0,"The response correctly explains the frame bursting concept, an advantage and a disadvantage.",training,training,4.2_LM_v1.0.654,23,22
125487,4.2_LM_v1.0,mem0_no_feedback,mem0,no_feedback,order_1,score,succeeded,0.75,1.0,0.0,0.0,481,520,16419,1,,,0.75,"The disadvantage given is correct for frame bursting in general. However, if you use it as a substitution for carrier extension, the goal is to reach the minimum frame length/transmission time needed for collisions to be detectable. Therefore, increasing transmission time is not a disadvantage in this case. Apart from that, the answer is correct.",training,training,4.2_LM_v1.0.713,24,23
125489,4.2_LM_v1.0,mem0_no_feedback,mem0,no_feedback,order_1,score,succeeded,1.0,1.0,0.0,0.0,536,573,15689,1,,,1.0,The response answers all the three parts of the question correctly.,training,training,4.2_LM_v1.0.1630,25,24
125491,4.2_LM_v1.0,mem0_no_feedback,mem0,no_feedback,order_1,score,succeeded,0.85,1.0,-0.15000000000000002,0.15000000000000002,461,510,26203,1,,,1.0,"The response correctly states the frame bursting definition, its advantage and disadvantage.",training,training,4.2_LM_v1.0.333,26,25
125493,4.2_LM_v1.0,mem0_no_feedback,mem0,no_feedback,order_1,score,succeeded,0.85,1.0,-0.15000000000000002,0.15000000000000002,487,536,24955,1,,,1.0,The response answers all three parts of the question correctly.,training,training,4.2_LM_v1.0.1029,27,26
125495,4.2_LM_v1.0,mem0_no_feedback,mem0,no_feedback,order_1,score,succeeded,0.85,1.0,-0.15000000000000002,0.15000000000000002,453,501,26045,1,,,1.0,The response answers all three parts of the question correctly.,training,training,4.2_LM_v1.0.1926,28,27
125497,4.2_LM_v1.0,mem0_no_feedback,mem0,no_feedback,order_1,score,succeeded,0.6,1.0,-0.15000000000000002,0.15000000000000002,445,485,16316,1,,,0.75,"The response only states the frame bursting definition and its advantage, but is missing a disadvantage. There is a drawback when using frame bursting which is end to end delay. The sender may need to wait for a certain amount of frames to be collected and concatenated to a sequence of minimum length.",training,training,4.2_LM_v1.0.1525,29,28
125499,4.2_LM_v1.0,mem0_no_feedback,mem0,no_feedback,order_1,score,succeeded,0.9,1.0,-0.09999999999999998,0.09999999999999998,461,510,13471,1,,,1.0,The response answers all parts of the question correctly.,training,training,4.2_LM_v1.0.1654,30,29
125501,4.2_LM_v1.0,mem0_no_feedback,mem0,no_feedback,order_1,score,succeeded,0.9,1.0,-0.09999999999999998,0.09999999999999998,484,532,14113,1,,,1.0,The response answers the question requirements correctly.,training,training,4.2_LM_v1.0.316,31,30
125503,4.2_LM_v1.0,mem0_no_feedback,mem0,no_feedback,order_1,score,succeeded,0.85,1.0,-0.15000000000000002,0.15000000000000002,520,575,14472,1,,,1.0,"The response correctly states the frame bursting definition, its advantage and disadvantage.",training,training,4.2_LM_v1.0.1601,32,31
125505,4.2_LM_v1.0,mem0_no_feedback,mem0,no_feedback,order_1,score,succeeded,0.85,1.0,-0.15000000000000002,0.15000000000000002,469,510,25381,1,,,1.0,"The response gives the frame bursting definition, its advantage and disadvantage correctly.",training,training,4.2_LM_v1.0.1320,33,32
125507,4.2_LM_v1.0,mem0_no_feedback,mem0,no_feedback,order_1,score,succeeded,0.85,1.0,-0.15000000000000002,0.15000000000000002,556,614,26021,1,,,1.0,"The response correctly answers the definition of frame bursting, its advantage and disadvantage.",training,training,4.2_LM_v1.0.1753,34,33
125509,4.2_LM_v1.0,mem0_no_feedback,mem0,no_feedback,order_1,score,succeeded,0.9,1.0,-0.09999999999999998,0.09999999999999998,627,671,19639,1,,,1.0,"The response correctly explains the concept of frame bursting, its advantages and disadvantages.",training,training,4.2_LM_v1.0.1315,35,34
125511,4.2_LM_v1.0,mem0_no_feedback,mem0,no_feedback,order_1,score,succeeded,0.9,1.0,-0.09999999999999998,0.09999999999999998,450,483,14338,1,,,1.0,"The response answer is correct as it contains an appropriate definition, advantage and disadvantage.",training,training,4.2_LM_v1.0.918,36,35
125513,4.2_LM_v1.0,mem0_no_feedback,mem0,no_feedback,order_1,score,succeeded,0.85,1.0,-0.15000000000000002,0.15000000000000002,495,536,20059,1,,,1.0,"The response correctly explains the frame bursting concept, its advantage and disadvantage.",training,training,4.2_LM_v1.0.87,37,36
125515,4.2_LM_v1.0,mem0_no_feedback,mem0,no_feedback,order_1,score,succeeded,0.9,1.0,-0.09999999999999998,0.09999999999999998,496,535,15590,1,,,1.0,The response correctly answers all three parts of the question.,training,training,4.2_LM_v1.0.1447,38,37
125517,4.2_LM_v1.0,mem0_no_feedback,mem0,no_feedback,order_1,score,succeeded,0.8,1.0,-0.19999999999999996,0.19999999999999996,443,477,26066,1,,,1.0,The response correctly answers all three parts of the question.,training,training,4.2_LM_v1.0.40,39,38
125519,4.2_LM_v1.0,mem0_no_feedback,mem0,no_feedback,order_1,score,succeeded,0.95,1.0,-0.050000000000000044,0.050000000000000044,530,572,14555,1,,,1.0,"The response correctly explains the frame bursting definition, its advantage and disadvantage.",training,training,4.2_LM_v1.0.446,40,39
125921,4.2_LM_v1.0,mem0_no_feedback,mem0,no_feedback,order_2,score,succeeded,0.9,1.0,-0.09999999999999998,0.09999999999999998,159,194,17972,1,,,1.0,The response correctly answers all three parts of the question.,training,training,4.2_LM_v1.0.40,1,0
125923,4.2_LM_v1.0,mem0_no_feedback,mem0,no_feedback,order_2,score,succeeded,0.6,1.0,-0.15000000000000002,0.15000000000000002,424,466,15074,1,,,0.75,"The response only states the frame bursting definition and its advantage, but is missing a disadvantage. There is a drawback when using frame bursting which is end to end delay. The sender may need to wait for a certain amount of frames to be collected and concatenated to a sequence of minimum length.",training,training,4.2_LM_v1.0.1525,2,1
125925,4.2_LM_v1.0,mem0_no_feedback,mem0,no_feedback,order_2,score,succeeded,0.85,1.0,-0.15000000000000002,0.15000000000000002,448,499,15946,1,,,1.0,"The response gives the frame bursting definition, its advantage and disadvantage correctly.",training,training,4.2_LM_v1.0.1320,3,2
125927,4.2_LM_v1.0,mem0_no_feedback,mem0,no_feedback,order_2,score,succeeded,0.9,1.0,-0.09999999999999998,0.09999999999999998,417,452,14177,1,,,1.0,The response answers the question requirements correctly.,training,training,4.2_LM_v1.0.1271,4,3
125929,4.2_LM_v1.0,mem0_no_feedback,mem0,no_feedback,order_2,score,succeeded,0.8,1.0,-0.19999999999999996,0.19999999999999996,439,473,14498,1,,,1.0,"The response gives the correct definition of frame bursting, including an advantage and a disadvantage.",training,training,4.2_LM_v1.0.143,5,4
125931,4.2_LM_v1.0,mem0_no_feedback,mem0,no_feedback,order_2,score,succeeded,0.8,1.0,-0.19999999999999996,0.19999999999999996,466,512,16364,1,,,1.0,The response answers all three parts of the question correctly.,training,training,4.2_LM_v1.0.1029,6,5
125933,4.2_LM_v1.0,mem0_no_feedback,mem0,no_feedback,order_2,score,succeeded,0.7,1.0,-0.30000000000000004,0.30000000000000004,432,483,16499,1,,,1.0,The response answers all three parts of the question correctly.,training,training,4.2_LM_v1.0.1926,7,6
125935,4.2_LM_v1.0,mem0_no_feedback,mem0,no_feedback,order_2,score,succeeded,0.9,1.0,-0.09999999999999998,0.09999999999999998,472,516,12301,1,,,1.0,The response correctly answers all three parts of the question.,training,training,4.2_LM_v1.0.1447,8,7
125937,4.2_LM_v1.0,mem0_no_feedback,mem0,no_feedback,order_2,score,succeeded,0.95,1.0,-0.050000000000000044,0.050000000000000044,509,551,17054,1,,,1.0,"The response correctly explains the frame bursting definition, its advantage and disadvantage.",training,training,4.2_LM_v1.0.446,9,8
125939,4.2_LM_v1.0,mem0_no_feedback,mem0,no_feedback,order_2,score,succeeded,0.6,1.0,0.09999999999999998,0.09999999999999998,472,536,18459,1,,,0.5,"The response answers the advantage and disadvantage part correctly. However, the definition is incorrect as it contains details, such as a maximal burst of three packets and a recommendation not to use it with more than 3 clients, that do not hold for frame bursting in general.",training,training,4.2_LM_v1.0.640,10,9
125941,4.2_LM_v1.0,mem0_no_feedback,mem0,no_feedback,order_2,score,succeeded,0.85,1.0,-0.15000000000000002,0.15000000000000002,429,478,12359,1,,,1.0,"The response answer is correct as it contains an appropriate definition, advantage and disadvantage.",training,training,4.2_LM_v1.0.918,11,10
125943,4.2_LM_v1.0,mem0_no_feedback,mem0,no_feedback,order_2,score,succeeded,1.0,1.0,0.0,0.0,461,491,16969,1,,,1.0,The response correctly answers all three parts of the question.,training,training,4.2_LM_v1.0.115,12,11
125945,4.2_LM_v1.0,mem0_no_feedback,mem0,no_feedback,order_2,score,succeeded,0.7,1.0,-0.30000000000000004,0.30000000000000004,453,510,14418,1,,,1.0,The response answers all three parts of the question correctly.,training,training,4.2_LM_v1.0.2067,13,12
125947,4.2_LM_v1.0,mem0_no_feedback,mem0,no_feedback,order_2,score,succeeded,0.75,1.0,-0.25,0.25,499,557,15417,1,,,1.0,"The response correctly states the frame bursting definition, its advantage and disadvantage.",training,training,4.2_LM_v1.0.1601,14,13
125949,4.2_LM_v1.0,mem0_no_feedback,mem0,no_feedback,order_2,score,succeeded,1.0,1.0,0.0,0.0,596,627,15905,1,,,1.0,"The response correctly explains the definition of frame bursting, including an advantage and a disadvantage.",training,training,4.2_LM_v1.0.694,15,14
125951,4.2_LM_v1.0,mem0_no_feedback,mem0,no_feedback,order_2,score,succeeded,0.9,1.0,-0.09999999999999998,0.09999999999999998,525,575,13706,1,,,1.0,"The response correctly answers all three parts of the question with an example. However, the answer also states the 9% efficiency of carrier extension which is only valid in worst case scenario. The efficiency can be better based on how much data we are sending which can vary between 46-1500 bytes.",training,training,4.2_LM_v1.0.388,16,15
125953,4.2_LM_v1.0,mem0_no_feedback,mem0,no_feedback,order_2,score,succeeded,1.0,1.0,0.0,0.0,551,581,12087,1,,,1.0,"The response correctly explains the frame bursting concept, including its advantage and disadvantage.",training,training,4.2_LM_v1.0.277,17,16
125955,4.2_LM_v1.0,mem0_no_feedback,mem0,no_feedback,order_2,score,succeeded,0.9,1.0,-0.09999999999999998,0.09999999999999998,440,484,12676,1,,,1.0,The response answers all parts of the question correctly.,training,training,4.2_LM_v1.0.1654,18,17
125957,4.2_LM_v1.0,mem0_no_feedback,mem0,no_feedback,order_2,score,succeeded,0.95,1.0,-0.050000000000000044,0.050000000000000044,449,496,12393,1,,,1.0,The response correctly answers all three parts of the question.,training,training,4.2_LM_v1.0.370,19,18
125959,4.2_LM_v1.0,mem0_no_feedback,mem0,no_feedback,order_2,score,succeeded,0.85,1.0,-0.15000000000000002,0.15000000000000002,457,500,13497,1,,,1.0,"The response correctly states the frame bursting definition, advantage and disadvantage.",training,training,4.2_LM_v1.0.1190,20,19
125961,4.2_LM_v1.0,mem0_no_feedback,mem0,no_feedback,order_2,score,succeeded,0.9,1.0,-0.09999999999999998,0.09999999999999998,515,555,12623,1,,,1.0,The response answers all the three parts of the question correctly.,training,training,4.2_LM_v1.0.1630,21,20
125963,4.2_LM_v1.0,mem0_no_feedback,mem0,no_feedback,order_2,score,succeeded,0.82,1.0,-0.18000000000000005,0.18000000000000005,535,580,15199,1,,,1.0,"The response correctly answers the definition of frame bursting, its advantage and disadvantage.",training,training,4.2_LM_v1.0.1753,22,21
125965,4.2_LM_v1.0,mem0_no_feedback,mem0,no_feedback,order_2,score,succeeded,1.0,1.0,0.25,0.25,498,528,11155,1,,,0.75,The response answers the frame bursting definition and its advantage correctly. But the disadvantage part is not completely accurate as it states frame bursting can't be used if there are no frames in queue. The sender may need to wait in case there are not enough frames which will cause additional delay.,training,training,4.2_LM_v1.0.1970,23,22
125967,4.2_LM_v1.0,mem0_no_feedback,mem0,no_feedback,order_2,score,succeeded,0.95,1.0,-0.050000000000000044,0.050000000000000044,496,540,13458,1,,,1.0,The response answers all three parts of the question correctly.,training,training,4.2_LM_v1.0.1816,24,23
125969,4.2_LM_v1.0,mem0_no_feedback,mem0,no_feedback,order_2,score,succeeded,1.0,1.0,0.0,0.0,484,512,14474,1,,,1.0,"The response is correctly answers frame bursting definition, its advantage and disadvantage.",training,training,4.2_LM_v1.0.1427,25,24
125971,4.2_LM_v1.0,mem0_no_feedback,mem0,no_feedback,order_2,score,succeeded,0.85,1.0,-0.15000000000000002,0.15000000000000002,467,516,12167,1,,,1.0,"The response correctly explains the frame bursting concept, an advantage and a disadvantage.",training,training,4.2_LM_v1.0.654,26,25
125973,4.2_LM_v1.0,mem0_no_feedback,mem0,no_feedback,order_2,score,succeeded,0.85,1.0,-0.15000000000000002,0.15000000000000002,440,489,43439,1,,,1.0,"The response correctly states the frame bursting definition, its advantage and disadvantage.",training,training,4.2_LM_v1.0.333,27,26
125975,4.2_LM_v1.0,mem0_no_feedback,mem0,no_feedback,order_2,score,succeeded,0.85,1.0,0.09999999999999998,0.09999999999999998,562,621,15578,1,,,0.75,"The response answers the advantage and disadvantage of frame bursting correctly. However, the definition part is partially correct as it mentions that there are 10 packets to be sent together, which is not true as there is no specification for the number of packets in a frame. Frame bursting is used to concatenate a sequence of multiple frames and transmitting them in one single transmission.",training,training,4.2_LM_v1.0.1304,28,27
125977,4.2_LM_v1.0,mem0_no_feedback,mem0,no_feedback,order_2,score,succeeded,1.0,1.0,0.0,0.0,459,484,13288,1,,,1.0,"The response is correct as it correctly explains the concept of frame bursting, its advantage and disadvantage.",training,training,4.2_LM_v1.0.881,29,28
125979,4.2_LM_v1.0,mem0_no_feedback,mem0,no_feedback,order_2,score,succeeded,0.85,1.0,-0.15000000000000002,0.15000000000000002,524,583,18453,1,,,1.0,The response correctly explains what frame bursting is and also provides the accurate advantage and disadvantage of it.,training,training,4.2_LM_v1.0.1441,30,29
125981,4.2_LM_v1.0,mem0_no_feedback,mem0,no_feedback,order_2,score,succeeded,0.85,1.0,-0.15000000000000002,0.15000000000000002,606,652,16959,1,,,1.0,"The response correctly explains the concept of frame bursting, its advantages and disadvantages.",training,training,4.2_LM_v1.0.1315,31,30
125983,4.2_LM_v1.0,mem0_no_feedback,mem0,no_feedback,order_2,score,succeeded,0.9,1.0,-0.09999999999999998,0.09999999999999998,471,513,16423,1,,,1.0,"The response correctly answers the frame bursting definition, its advantage and disadvantage.",training,training,4.2_LM_v1.0.1984,32,31
125985,4.2_LM_v1.0,mem0_no_feedback,mem0,no_feedback,order_2,score,succeeded,0.85,1.0,-0.15000000000000002,0.15000000000000002,463,512,18069,1,,,1.0,The response answers the question requirements correctly.,training,training,4.2_LM_v1.0.316,33,32
125987,4.2_LM_v1.0,mem0_no_feedback,mem0,no_feedback,order_2,score,succeeded,1.0,1.0,0.0,0.0,522,561,17130,1,,,1.0,The response correctly explains the frame busting concept as well as its advantage and disadvantage.,training,training,4.2_LM_v1.0.252,34,33
125989,4.2_LM_v1.0,mem0_no_feedback,mem0,no_feedback,order_2,score,succeeded,0.75,1.0,-0.25,0.25,474,531,17026,1,,,1.0,"The response correctly explains the frame bursting concept, its advantage and disadvantage.",training,training,4.2_LM_v1.0.87,35,34
125991,4.2_LM_v1.0,mem0_no_feedback,mem0,no_feedback,order_2,score,succeeded,0.9,1.0,-0.09999999999999998,0.09999999999999998,422,463,14397,1,,,1.0,The response answers all three parts of the question accurately.,training,training,4.2_LM_v1.0.2047,36,35
125993,4.2_LM_v1.0,mem0_no_feedback,mem0,no_feedback,order_2,score,succeeded,0.65,1.0,0.15000000000000002,0.15000000000000002,403,437,11561,1,,,0.5,"The response correctly states the advantage and the disadvantage of frame bursting. However, it does not contain a definition. Frame bursting reduces the overhead of transmitting small frames by concatenating a sequence of multiple frames in one single transmission.",training,training,4.2_LM_v1.0.2040,37,36
125995,4.2_LM_v1.0,mem0_no_feedback,mem0,no_feedback,order_2,score,succeeded,1.0,1.0,0.0,0.0,433,459,13281,1,,,1.0,The response answers all three parts of the question correctly.,training,training,4.2_LM_v1.0.16,38,37
125997,4.2_LM_v1.0,mem0_no_feedback,mem0,no_feedback,order_2,score,succeeded,0.9,1.0,-0.09999999999999998,0.09999999999999998,515,560,11515,1,,,1.0,"The response states the correct definition of frame bursting, including its advantage and disadvantage.",training,training,4.2_LM_v1.0.1385,39,38
125999,4.2_LM_v1.0,mem0_no_feedback,mem0,no_feedback,order_2,score,succeeded,0.75,1.0,0.0,0.0,457,499,19766,1,,,0.75,"The disadvantage given is correct for frame bursting in general. However, if you use it as a substitution for carrier extension, the goal is to reach the minimum frame length/transmission time needed for collisions to be detectable. Therefore, increasing transmission time is not a disadvantage in this case. Apart from that, the answer is correct.",training,training,4.2_LM_v1.0.713,40,39
126401,4.2_LM_v1.0,mem0_no_feedback,mem0,no_feedback,order_3,score,succeeded,0.5,1.0,-0.25,0.25,161,195,12881,1,,,0.75,"The response only states the frame bursting definition and its advantage, but is missing a disadvantage. There is a drawback when using frame bursting which is end to end delay. The sender may need to wait for a certain amount of frames to be collected and concatenated to a sequence of minimum length.",training,training,4.2_LM_v1.0.1525,1,0
126403,4.2_LM_v1.0,mem0_no_feedback,mem0,no_feedback,order_3,score,succeeded,0.85,1.0,-0.15000000000000002,0.15000000000000002,461,506,13170,1,,,1.0,"The response is correct as it correctly explains the concept of frame bursting, its advantage and disadvantage.",training,training,4.2_LM_v1.0.881,2,1
126405,4.2_LM_v1.0,mem0_no_feedback,mem0,no_feedback,order_3,score,succeeded,0.75,1.0,-0.25,0.25,424,463,15651,1,,,1.0,The response correctly answers all three parts of the question.,training,training,4.2_LM_v1.0.40,3,2
126407,4.2_LM_v1.0,mem0_no_feedback,mem0,no_feedback,order_3,score,succeeded,0.85,1.0,-0.15000000000000002,0.15000000000000002,422,463,17726,1,,,1.0,The response answers the question requirements correctly.,training,training,4.2_LM_v1.0.1271,4,3
126409,4.2_LM_v1.0,mem0_no_feedback,mem0,no_feedback,order_3,score,succeeded,0.85,1.0,-0.15000000000000002,0.15000000000000002,431,479,13779,1,,,1.0,"The response answer is correct as it contains an appropriate definition, advantage and disadvantage.",training,training,4.2_LM_v1.0.918,5,4
126411,4.2_LM_v1.0,mem0_no_feedback,mem0,no_feedback,order_3,score,succeeded,0.9,1.0,-0.09999999999999998,0.09999999999999998,473,515,14067,1,,,1.0,"The response correctly answers the frame bursting definition, its advantage and disadvantage.",training,training,4.2_LM_v1.0.1984,6,5
126413,4.2_LM_v1.0,mem0_no_feedback,mem0,no_feedback,order_3,score,succeeded,0.8,1.0,0.050000000000000044,0.050000000000000044,564,622,14297,1,,,0.75,"The response answers the advantage and disadvantage of frame bursting correctly. However, the definition part is partially correct as it mentions that there are 10 packets to be sent together, which is not true as there is no specification for the number of packets in a frame. Frame bursting is used to concatenate a sequence of multiple frames and transmitting them in one single transmission.",training,training,4.2_LM_v1.0.1304,7,6
126415,4.2_LM_v1.0,mem0_no_feedback,mem0,no_feedback,order_3,score,succeeded,0.9,1.0,-0.09999999999999998,0.09999999999999998,517,565,30158,1,,,1.0,The response answers all the three parts of the question correctly.,training,training,4.2_LM_v1.0.1630,8,7
126417,4.2_LM_v1.0,mem0_no_feedback,mem0,no_feedback,order_3,score,succeeded,0.85,1.0,-0.15000000000000002,0.15000000000000002,439,475,14227,1,,,1.0,The response answers all parts of the question correctly.,training,training,4.2_LM_v1.0.1654,9,8
126419,4.2_LM_v1.0,mem0_no_feedback,mem0,no_feedback,order_3,score,succeeded,0.95,1.0,-0.050000000000000044,0.050000000000000044,598,648,13576,1,,,1.0,"The response correctly explains the definition of frame bursting, including an advantage and a disadvantage.",training,training,4.2_LM_v1.0.694,10,9
126421,4.2_LM_v1.0,mem0_no_feedback,mem0,no_feedback,order_3,score,succeeded,0.9,1.0,-0.09999999999999998,0.09999999999999998,527,585,16920,1,,,1.0,The response correctly explains the frame busting concept as well as its advantage and disadvantage.,training,training,4.2_LM_v1.0.252,11,10
126423,4.2_LM_v1.0,mem0_no_feedback,mem0,no_feedback,order_3,score,succeeded,0.9,1.0,-0.09999999999999998,0.09999999999999998,454,504,14261,1,,,1.0,The response correctly answers all three parts of the question.,training,training,4.2_LM_v1.0.370,12,11
126425,4.2_LM_v1.0,mem0_no_feedback,mem0,no_feedback,order_3,score,succeeded,0.95,1.0,-0.050000000000000044,0.050000000000000044,469,503,12970,1,,,1.0,"The response correctly explains the frame bursting concept, an advantage and a disadvantage.",training,training,4.2_LM_v1.0.654,13,12
126427,4.2_LM_v1.0,mem0_no_feedback,mem0,no_feedback,order_3,score,succeeded,0.75,1.0,-0.25,0.25,501,562,15843,1,,,1.0,"The response correctly states the frame bursting definition, its advantage and disadvantage.",training,training,4.2_LM_v1.0.1601,14,13
126429,4.2_LM_v1.0,mem0_no_feedback,mem0,no_feedback,order_3,score,succeeded,0.8,1.0,-0.19999999999999996,0.19999999999999996,465,514,12800,1,,,1.0,The response answers the question requirements correctly.,training,training,4.2_LM_v1.0.316,15,14
126431,4.2_LM_v1.0,mem0_no_feedback,mem0,no_feedback,order_3,score,succeeded,0.5,1.0,0.0,0.0,405,428,12376,1,,,0.5,"The response correctly states the advantage and the disadvantage of frame bursting. However, it does not contain a definition. Frame bursting reduces the overhead of transmitting small frames by concatenating a sequence of multiple frames in one single transmission.",training,training,4.2_LM_v1.0.2040,16,15
126433,4.2_LM_v1.0,mem0_no_feedback,mem0,no_feedback,order_3,score,succeeded,0.8,1.0,-0.19999999999999996,0.19999999999999996,530,585,16378,1,,,1.0,"The response correctly answers all three parts of the question with an example. However, the answer also states the 9% efficiency of carrier extension which is only valid in worst case scenario. The efficiency can be better based on how much data we are sending which can vary between 46-1500 bytes.",training,training,4.2_LM_v1.0.388,17,16
126435,4.2_LM_v1.0,mem0_no_feedback,mem0,no_feedback,order_3,score,succeeded,0.8,1.0,-0.19999999999999996,0.19999999999999996,459,510,13754,1,,,1.0,"The response correctly states the frame bursting definition, advantage and disadvantage.",training,training,4.2_LM_v1.0.1190,18,17
126437,4.2_LM_v1.0,mem0_no_feedback,mem0,no_feedback,order_3,score,succeeded,0.75,1.0,-0.25,0.25,452,507,17031,1,,,1.0,The response answers all three parts of the question correctly.,training,training,4.2_LM_v1.0.2067,19,18
126439,4.2_LM_v1.0,mem0_no_feedback,mem0,no_feedback,order_3,score,succeeded,0.75,1.0,-0.25,0.25,476,525,12946,1,,,1.0,"The response correctly explains the frame bursting concept, its advantage and disadvantage.",training,training,4.2_LM_v1.0.87,20,19
126441,4.2_LM_v1.0,mem0_no_feedback,mem0,no_feedback,order_3,score,succeeded,0.85,1.0,-0.15000000000000002,0.15000000000000002,424,463,20834,1,,,1.0,The response answers all three parts of the question accurately.,training,training,4.2_LM_v1.0.2047,21,20
126443,4.2_LM_v1.0,mem0_no_feedback,mem0,no_feedback,order_3,score,succeeded,0.95,1.0,-0.050000000000000044,0.050000000000000044,529,572,19198,1,,,1.0,The response correctly explains what frame bursting is and also provides the accurate advantage and disadvantage of it.,training,training,4.2_LM_v1.0.1441,22,21
126445,4.2_LM_v1.0,mem0_no_feedback,mem0,no_feedback,order_3,score,succeeded,0.85,1.0,-0.15000000000000002,0.15000000000000002,442,489,16244,1,,,1.0,"The response correctly states the frame bursting definition, its advantage and disadvantage.",training,training,4.2_LM_v1.0.333,23,22
126447,4.2_LM_v1.0,mem0_no_feedback,mem0,no_feedback,order_3,score,succeeded,0.95,1.0,0.19999999999999996,0.19999999999999996,500,537,13304,1,,,0.75,The response answers the frame bursting definition and its advantage correctly. But the disadvantage part is not completely accurate as it states frame bursting can't be used if there are no frames in queue. The sender may need to wait in case there are not enough frames which will cause additional delay.,training,training,4.2_LM_v1.0.1970,24,23
126449,4.2_LM_v1.0,mem0_no_feedback,mem0,no_feedback,order_3,score,succeeded,0.85,1.0,-0.15000000000000002,0.15000000000000002,450,498,13587,1,,,1.0,"The response gives the frame bursting definition, its advantage and disadvantage correctly.",training,training,4.2_LM_v1.0.1320,25,24
126451,4.2_LM_v1.0,mem0_no_feedback,mem0,no_feedback,order_3,score,succeeded,0.75,1.0,0.0,0.0,462,513,15185,1,,,0.75,"The disadvantage given is correct for frame bursting in general. However, if you use it as a substitution for carrier extension, the goal is to reach the minimum frame length/transmission time needed for collisions to be detectable. Therefore, increasing transmission time is not a disadvantage in this case. Apart from that, the answer is correct.",training,training,4.2_LM_v1.0.713,26,25
126453,4.2_LM_v1.0,mem0_no_feedback,mem0,no_feedback,order_3,score,succeeded,0.7,1.0,0.19999999999999996,0.19999999999999996,474,527,16212,1,,,0.5,"The response answers the advantage and disadvantage part correctly. However, the definition is incorrect as it contains details, such as a maximal burst of three packets and a recommendation not to use it with more than 3 clients, that do not hold for frame bursting in general.",training,training,4.2_LM_v1.0.640,27,26
126455,4.2_LM_v1.0,mem0_no_feedback,mem0,no_feedback,order_3,score,succeeded,0.9,1.0,-0.09999999999999998,0.09999999999999998,486,536,17731,1,,,1.0,"The response is correctly answers frame bursting definition, its advantage and disadvantage.",training,training,4.2_LM_v1.0.1427,28,27
126457,4.2_LM_v1.0,mem0_no_feedback,mem0,no_feedback,order_3,score,succeeded,1.0,1.0,0.0,0.0,463,493,13638,1,,,1.0,The response correctly answers all three parts of the question.,training,training,4.2_LM_v1.0.115,29,28
126459,4.2_LM_v1.0,mem0_no_feedback,mem0,no_feedback,order_3,score,succeeded,0.9,1.0,-0.09999999999999998,0.09999999999999998,477,512,11503,1,,,1.0,The response correctly answers all three parts of the question.,training,training,4.2_LM_v1.0.1447,30,29
126461,4.2_LM_v1.0,mem0_no_feedback,mem0,no_feedback,order_3,score,succeeded,0.85,1.0,-0.15000000000000002,0.15000000000000002,495,550,15254,1,,,1.0,The response answers all three parts of the question correctly.,training,training,4.2_LM_v1.0.1816,31,30
126463,4.2_LM_v1.0,mem0_no_feedback,mem0,no_feedback,order_3,score,succeeded,0.8,1.0,-0.19999999999999996,0.19999999999999996,434,472,10343,1,,,1.0,The response answers all three parts of the question correctly.,training,training,4.2_LM_v1.0.1926,32,31
126465,4.2_LM_v1.0,mem0_no_feedback,mem0,no_feedback,order_3,score,succeeded,0.8,1.0,-0.19999999999999996,0.19999999999999996,441,484,12358,1,,,1.0,"The response gives the correct definition of frame bursting, including an advantage and a disadvantage.",training,training,4.2_LM_v1.0.143,33,32
126467,4.2_LM_v1.0,mem0_no_feedback,mem0,no_feedback,order_3,score,succeeded,1.0,1.0,0.0,0.0,550,585,16443,1,,,1.0,"The response correctly explains the frame bursting concept, including its advantage and disadvantage.",training,training,4.2_LM_v1.0.277,34,33
126469,4.2_LM_v1.0,mem0_no_feedback,mem0,no_feedback,order_3,score,succeeded,0.8,1.0,-0.19999999999999996,0.19999999999999996,608,660,13028,1,,,1.0,"The response correctly explains the concept of frame bursting, its advantages and disadvantages.",training,training,4.2_LM_v1.0.1315,35,34
126471,4.2_LM_v1.0,mem0_no_feedback,mem0,no_feedback,order_3,score,succeeded,0.75,1.0,-0.25,0.25,468,522,26830,1,,,1.0,The response answers all three parts of the question correctly.,training,training,4.2_LM_v1.0.1029,36,35
126473,4.2_LM_v1.0,mem0_no_feedback,mem0,no_feedback,order_3,score,succeeded,0.85,1.0,-0.15000000000000002,0.15000000000000002,435,481,11071,1,,,1.0,The response answers all three parts of the question correctly.,training,training,4.2_LM_v1.0.16,37,36
126475,4.2_LM_v1.0,mem0_no_feedback,mem0,no_feedback,order_3,score,succeeded,0.9,1.0,-0.09999999999999998,0.09999999999999998,511,562,15769,1,,,1.0,"The response correctly explains the frame bursting definition, its advantage and disadvantage.",training,training,4.2_LM_v1.0.446,38,37
126477,4.2_LM_v1.0,mem0_no_feedback,mem0,no_feedback,order_3,score,succeeded,0.9,1.0,-0.09999999999999998,0.09999999999999998,517,571,14212,1,,,1.0,"The response states the correct definition of frame bursting, including its advantage and disadvantage.",training,training,4.2_LM_v1.0.1385,39,38
126479,4.2_LM_v1.0,mem0_no_feedback,mem0,no_feedback,order_3,score,succeeded,0.85,1.0,-0.15000000000000002,0.15000000000000002,534,591,17244,1,,,1.0,"The response correctly answers the definition of frame bursting, its advantage and disadvantage.",training,training,4.2_LM_v1.0.1753,40,39
125281,4.2_LM_v1.0,amem_full,amem,full,order_1,score,succeeded,1.0,1.0,0.0,0.0,197,227,14933,1,,,1.0,The response correctly answers all three parts of the question.,training,training,4.2_LM_v1.0.115,1,0
125283,4.2_LM_v1.0,amem_full,amem,full,order_1,score,succeeded,1.0,1.0,0.0,0.0,599,630,12419,1,,,1.0,"The response correctly answers all three parts of the question with an example. However, the answer also states the 9% efficiency of carrier extension which is only valid in worst case scenario. The efficiency can be better based on how much data we are sending which can vary between 46-1500 bytes.",training,training,4.2_LM_v1.0.388,2,1
125285,4.2_LM_v1.0,amem_full,amem,full,order_1,score,succeeded,1.0,1.0,0.25,0.25,1093,1123,10312,2,,,0.75,The response answers the frame bursting definition and its advantage correctly. But the disadvantage part is not completely accurate as it states frame bursting can't be used if there are no frames in queue. The sender may need to wait in case there are not enough frames which will cause additional delay.,training,training,4.2_LM_v1.0.1970,3,2
125287,4.2_LM_v1.0,amem_full,amem,full,order_1,score,succeeded,1.0,1.0,0.0,0.0,1435,1467,11149,1,,,1.0,The response answers all three parts of the question correctly.,training,training,4.2_LM_v1.0.16,4,3
125289,4.2_LM_v1.0,amem_full,amem,full,order_1,score,succeeded,0.9,1.0,-0.09999999999999998,0.09999999999999998,1867,1917,12506,1,,,1.0,The response correctly explains the frame busting concept as well as its advantage and disadvantage.,training,training,4.2_LM_v1.0.252,5,4
125291,4.2_LM_v1.0,amem_full,amem,full,order_1,score,succeeded,1.0,1.0,0.25,0.25,2426,2467,10933,1,,,0.75,"The response answers the advantage and disadvantage of frame bursting correctly. However, the definition part is partially correct as it mentions that there are 10 packets to be sent together, which is not true as there is no specification for the number of packets in a frame. Frame bursting is used to concatenate a sequence of multiple frames and transmitting them in one single transmission.",training,training,4.2_LM_v1.0.1304,6,5
125293,4.2_LM_v1.0,amem_full,amem,full,order_1,score,succeeded,0.67,1.0,0.17000000000000004,0.17000000000000004,2751,2779,11088,1,,,0.5,"The response correctly states the advantage and the disadvantage of frame bursting. However, it does not contain a definition. Frame bursting reduces the overhead of transmitting small frames by concatenating a sequence of multiple frames in one single transmission.",training,training,4.2_LM_v1.0.2040,7,6
125295,4.2_LM_v1.0,amem_full,amem,full,order_1,score,succeeded,1.0,1.0,0.0,0.0,3070,3101,10967,1,,,1.0,The response answers all three parts of the question accurately.,training,training,4.2_LM_v1.0.2047,8,7
125297,4.2_LM_v1.0,amem_full,amem,full,order_1,score,succeeded,1.0,1.0,0.0,0.0,3508,3538,13648,1,,,1.0,"The response states the correct definition of frame bursting, including its advantage and disadvantage.",training,training,4.2_LM_v1.0.1385,9,8
125299,4.2_LM_v1.0,amem_full,amem,full,order_1,score,succeeded,0.75,1.0,0.25,0.25,3870,3922,12188,1,,,0.5,"The response answers the advantage and disadvantage part correctly. However, the definition is incorrect as it contains details, such as a maximal burst of three packets and a recommendation not to use it with more than 3 clients, that do not hold for frame bursting in general.",training,training,4.2_LM_v1.0.640,10,9
125301,4.2_LM_v1.0,amem_full,amem,full,order_1,score,succeeded,0.75,1.0,-0.25,0.25,4264,4316,14916,1,,,1.0,The response answers all three parts of the question correctly.,training,training,4.2_LM_v1.0.2067,11,10
125303,4.2_LM_v1.0,amem_full,amem,full,order_1,score,succeeded,1.0,1.0,0.0,0.0,4838,4882,15203,1,,,1.0,"The response correctly explains the definition of frame bursting, including an advantage and a disadvantage.",training,training,4.2_LM_v1.0.694,12,11
125305,4.2_LM_v1.0,amem_full,amem,full,order_1,score,succeeded,1.0,1.0,0.0,0.0,5227,5254,12826,1,,,1.0,"The response gives the correct definition of frame bursting, including an advantage and a disadvantage.",training,training,4.2_LM_v1.0.143,13,12
125307,4.2_LM_v1.0,amem_full,amem,full,order_1,score,succeeded,1.0,1.0,0.0,0.0,5665,5697,10694,1,,,1.0,"The response correctly explains the frame bursting concept, including its advantage and disadvantage.",training,training,4.2_LM_v1.0.277,14,13
125309,4.2_LM_v1.0,amem_full,amem,full,order_1,score,succeeded,1.0,1.0,0.0,0.0,6154,6185,12185,1,,,1.0,"The response correctly answers the frame bursting definition, its advantage and disadvantage.",training,training,4.2_LM_v1.0.1984,15,14
125311,4.2_LM_v1.0,amem_full,amem,full,order_1,score,succeeded,0.75,1.0,-0.25,0.25,6456,6503,15004,1,,,1.0,"The response correctly states the frame bursting definition, advantage and disadvantage.",training,training,4.2_LM_v1.0.1190,16,15
125313,4.2_LM_v1.0,amem_full,amem,full,order_1,score,succeeded,1.0,1.0,0.0,0.0,6867,6903,11429,1,,,1.0,The response answers all three parts of the question correctly.,training,training,4.2_LM_v1.0.1816,17,16
125315,4.2_LM_v1.0,amem_full,amem,full,order_1,score,succeeded,1.0,1.0,0.0,0.0,7325,7348,12370,1,,,1.0,"The response is correct as it correctly explains the concept of frame bursting, its advantage and disadvantage.",training,training,4.2_LM_v1.0.881,18,17
125317,4.2_LM_v1.0,amem_full,amem,full,order_1,score,succeeded,1.0,1.0,0.0,0.0,7585,7611,10570,1,,,1.0,The response answers the question requirements correctly.,training,training,4.2_LM_v1.0.1271,19,18
125319,4.2_LM_v1.0,amem_full,amem,full,order_1,score,succeeded,1.0,1.0,0.0,0.0,7925,7956,11304,1,,,1.0,"The response is correctly answers frame bursting definition, its advantage and disadvantage.",training,training,4.2_LM_v1.0.1427,20,19
125321,4.2_LM_v1.0,amem_full,amem,full,order_1,score,succeeded,0.9,1.0,-0.09999999999999998,0.09999999999999998,8478,8524,11368,1,,,1.0,The response correctly explains what frame bursting is and also provides the accurate advantage and disadvantage of it.,training,training,4.2_LM_v1.0.1441,21,20
125323,4.2_LM_v1.0,amem_full,amem,full,order_1,score,succeeded,1.0,1.0,0.0,0.0,8373,8405,10802,1,,,1.0,The response correctly answers all three parts of the question.,training,training,4.2_LM_v1.0.370,22,21
125325,4.2_LM_v1.0,amem_full,amem,full,order_1,score,succeeded,1.0,1.0,0.0,0.0,8164,8200,12314,1,,,1.0,"The response correctly explains the frame bursting concept, an advantage and a disadvantage.",training,training,4.2_LM_v1.0.654,23,22
125327,4.2_LM_v1.0,amem_full,amem,full,order_1,score,succeeded,1.0,1.0,0.25,0.25,8032,8081,16995,1,,,0.75,"The disadvantage given is correct for frame bursting in general. However, if you use it as a substitution for carrier extension, the goal is to reach the minimum frame length/transmission time needed for collisions to be detectable. Therefore, increasing transmission time is not a disadvantage in this case. Apart from that, the answer is correct.",training,training,4.2_LM_v1.0.713,24,23
125329,4.2_LM_v1.0,amem_full,amem,full,order_1,score,succeeded,1.0,1.0,0.0,0.0,8479,8518,10520,1,,,1.0,The response answers all the three parts of the question correctly.,training,training,4.2_LM_v1.0.1630,25,24
125331,4.2_LM_v1.0,amem_full,amem,full,order_1,score,succeeded,1.0,1.0,0.0,0.0,8119,8148,11399,1,,,1.0,"The response correctly states the frame bursting definition, its advantage and disadvantage.",training,training,4.2_LM_v1.0.333,26,25
125333,4.2_LM_v1.0,amem_full,amem,full,order_1,score,succeeded,0.9,1.0,-0.09999999999999998,0.09999999999999998,7956,7996,14549,1,,,1.0,The response answers all three parts of the question correctly.,training,training,4.2_LM_v1.0.1029,27,26
125335,4.2_LM_v1.0,amem_full,amem,full,order_1,score,succeeded,1.0,1.0,0.0,0.0,7953,7984,11471,1,,,1.0,The response answers all three parts of the question correctly.,training,training,4.2_LM_v1.0.1926,28,27
125337,4.2_LM_v1.0,amem_full,amem,full,order_1,score,succeeded,0.67,1.0,-0.07999999999999996,0.07999999999999996,7871,7910,11447,1,,,0.75,"The response only states the frame bursting definition and its advantage, but is missing a disadvantage. There is a drawback when using frame bursting which is end to end delay. The sender may need to wait for a certain amount of frames to be collected and concatenated to a sequence of minimum length.",training,training,4.2_LM_v1.0.1525,29,28
125339,4.2_LM_v1.0,amem_full,amem,full,order_1,score,succeeded,1.0,1.0,0.0,0.0,8035,8067,9988,1,,,1.0,The response answers all parts of the question correctly.,training,training,4.2_LM_v1.0.1654,30,29
125341,4.2_LM_v1.0,amem_full,amem,full,order_1,score,succeeded,1.0,1.0,0.0,0.0,7978,8019,10899,1,,,1.0,The response answers the question requirements correctly.,training,training,4.2_LM_v1.0.316,31,30
125343,4.2_LM_v1.0,amem_full,amem,full,order_1,score,succeeded,0.75,1.0,-0.25,0.25,7942,7990,10751,1,,,1.0,"The response correctly states the frame bursting definition, its advantage and disadvantage.",training,training,4.2_LM_v1.0.1601,32,31
125345,4.2_LM_v1.0,amem_full,amem,full,order_1,score,succeeded,1.0,1.0,0.0,0.0,7951,7986,12395,1,,,1.0,"The response gives the frame bursting definition, its advantage and disadvantage correctly.",training,training,4.2_LM_v1.0.1320,33,32
125347,4.2_LM_v1.0,amem_full,amem,full,order_1,score,succeeded,0.95,1.0,-0.050000000000000044,0.050000000000000044,7707,7742,10324,1,,,1.0,"The response correctly answers the definition of frame bursting, its advantage and disadvantage.",training,training,4.2_LM_v1.0.1753,34,33
125349,4.2_LM_v1.0,amem_full,amem,full,order_1,score,succeeded,1.0,1.0,0.0,0.0,7756,7786,11531,1,,,1.0,"The response correctly explains the concept of frame bursting, its advantages and disadvantages.",training,training,4.2_LM_v1.0.1315,35,34
125351,4.2_LM_v1.0,amem_full,amem,full,order_1,score,succeeded,1.0,1.0,0.0,0.0,7793,7818,10706,1,,,1.0,"The response answer is correct as it contains an appropriate definition, advantage and disadvantage.",training,training,4.2_LM_v1.0.918,36,35
125353,4.2_LM_v1.0,amem_full,amem,full,order_1,score,succeeded,1.0,1.0,0.0,0.0,8515,8552,11619,1,,,1.0,"The response correctly explains the frame bursting concept, its advantage and disadvantage.",training,training,4.2_LM_v1.0.87,37,36
125355,4.2_LM_v1.0,amem_full,amem,full,order_1,score,succeeded,1.0,1.0,0.0,0.0,7862,7901,11351,1,,,1.0,The response correctly answers all three parts of the question.,training,training,4.2_LM_v1.0.1447,38,37
125357,4.2_LM_v1.0,amem_full,amem,full,order_1,score,succeeded,1.0,1.0,0.0,0.0,7697,7725,9977,1,,,1.0,The response correctly answers all three parts of the question.,training,training,4.2_LM_v1.0.40,39,38
125359,4.2_LM_v1.0,amem_full,amem,full,order_1,score,succeeded,1.0,1.0,0.0,0.0,8864,8899,9935,1,,,1.0,"The response correctly explains the frame bursting definition, its advantage and disadvantage.",training,training,4.2_LM_v1.0.446,40,39
125761,4.2_LM_v1.0,amem_full,amem,full,order_2,score,succeeded,0.85,1.0,-0.15000000000000002,0.15000000000000002,158,191,9353,1,,,1.0,The response correctly answers all three parts of the question.,training,training,4.2_LM_v1.0.40,1,0
125763,4.2_LM_v1.0,amem_full,amem,full,order_2,score,succeeded,0.5,1.0,-0.25,0.25,452,485,9524,1,,,0.75,"The response only states the frame bursting definition and its advantage, but is missing a disadvantage. There is a drawback when using frame bursting which is end to end delay. The sender may need to wait for a certain amount of frames to be collected and concatenated to a sequence of minimum length.",training,training,4.2_LM_v1.0.1525,2,1
125765,4.2_LM_v1.0,amem_full,amem,full,order_2,score,succeeded,1.0,1.0,0.0,0.0,894,923,11293,1,,,1.0,"The response gives the frame bursting definition, its advantage and disadvantage correctly.",training,training,4.2_LM_v1.0.1320,3,2
125767,4.2_LM_v1.0,amem_full,amem,full,order_2,score,succeeded,1.0,1.0,0.0,0.0,1240,1267,10886,1,,,1.0,The response answers the question requirements correctly.,training,training,4.2_LM_v1.0.1271,4,3
125769,4.2_LM_v1.0,amem_full,amem,full,order_2,score,succeeded,1.0,1.0,0.0,0.0,1535,1564,9872,1,,,1.0,"The response gives the correct definition of frame bursting, including an advantage and a disadvantage.",training,training,4.2_LM_v1.0.143,5,4
125771,4.2_LM_v1.0,amem_full,amem,full,order_2,score,succeeded,1.0,1.0,0.0,0.0,1932,1962,10662,1,,,1.0,The response answers all three parts of the question correctly.,training,training,4.2_LM_v1.0.1029,6,5
125773,4.2_LM_v1.0,amem_full,amem,full,order_2,score,succeeded,1.0,1.0,0.0,0.0,2294,2323,12322,1,,,1.0,The response answers all three parts of the question correctly.,training,training,4.2_LM_v1.0.1926,7,6
125775,4.2_LM_v1.0,amem_full,amem,full,order_2,score,succeeded,1.0,1.0,0.0,0.0,2647,2679,10544,1,,,1.0,The response correctly answers all three parts of the question.,training,training,4.2_LM_v1.0.1447,8,7
125777,4.2_LM_v1.0,amem_full,amem,full,order_2,score,succeeded,1.0,1.0,0.0,0.0,3143,3173,11308,1,,,1.0,"The response correctly explains the frame bursting definition, its advantage and disadvantage.",training,training,4.2_LM_v1.0.446,9,8
125779,4.2_LM_v1.0,amem_full,amem,full,order_2,score,succeeded,0.85,1.0,0.35,0.35,3449,3498,12447,1,,,0.5,"The response answers the advantage and disadvantage part correctly. However, the definition is incorrect as it contains details, such as a maximal burst of three packets and a recommendation not to use it with more than 3 clients, that do not hold for frame bursting in general.",training,training,4.2_LM_v1.0.640,10,9
125781,4.2_LM_v1.0,amem_full,amem,full,order_2,score,succeeded,1.0,1.0,0.0,0.0,3849,3883,10862,1,,,1.0,"The response answer is correct as it contains an appropriate definition, advantage and disadvantage.",training,training,4.2_LM_v1.0.918,11,10
125783,4.2_LM_v1.0,amem_full,amem,full,order_2,score,succeeded,1.0,1.0,0.0,0.0,4212,4243,10870,1,,,1.0,The response correctly answers all three parts of the question.,training,training,4.2_LM_v1.0.115,12,11
125785,4.2_LM_v1.0,amem_full,amem,full,order_2,score,succeeded,0.9,1.0,-0.09999999999999998,0.09999999999999998,4651,4707,12300,1,,,1.0,The response answers all three parts of the question correctly.,training,training,4.2_LM_v1.0.2067,13,12
125787,4.2_LM_v1.0,amem_full,amem,full,order_2,score,succeeded,1.0,1.0,0.0,0.0,5086,5119,12939,1,,,1.0,"The response correctly states the frame bursting definition, its advantage and disadvantage.",training,training,4.2_LM_v1.0.1601,14,13
125789,4.2_LM_v1.0,amem_full,amem,full,order_2,score,succeeded,1.0,1.0,0.0,0.0,5609,5641,12113,1,,,1.0,"The response correctly explains the definition of frame bursting, including an advantage and a disadvantage.",training,training,4.2_LM_v1.0.694,15,14
125791,4.2_LM_v1.0,amem_full,amem,full,order_2,score,succeeded,1.0,1.0,0.0,0.0,6124,6154,12959,1,,,1.0,"The response correctly answers all three parts of the question with an example. However, the answer also states the 9% efficiency of carrier extension which is only valid in worst case scenario. The efficiency can be better based on how much data we are sending which can vary between 46-1500 bytes.",training,training,4.2_LM_v1.0.388,16,15
125793,4.2_LM_v1.0,amem_full,amem,full,order_2,score,succeeded,1.0,1.0,0.0,0.0,6672,6703,11808,1,,,1.0,"The response correctly explains the frame bursting concept, including its advantage and disadvantage.",training,training,4.2_LM_v1.0.277,17,16
125795,4.2_LM_v1.0,amem_full,amem,full,order_2,score,succeeded,1.0,1.0,0.0,0.0,7095,7122,13492,1,,,1.0,The response answers all parts of the question correctly.,training,training,4.2_LM_v1.0.1654,18,17
125797,4.2_LM_v1.0,amem_full,amem,full,order_2,score,succeeded,1.0,1.0,0.0,0.0,7373,7401,12259,1,,,1.0,The response correctly answers all three parts of the question.,training,training,4.2_LM_v1.0.370,19,18
125799,4.2_LM_v1.0,amem_full,amem,full,order_2,score,succeeded,0.75,1.0,-0.25,0.25,7840,7886,17086,1,,,1.0,"The response correctly states the frame bursting definition, advantage and disadvantage.",training,training,4.2_LM_v1.0.1190,20,19
125801,4.2_LM_v1.0,amem_full,amem,full,order_2,score,succeeded,1.0,1.0,0.0,0.0,8277,8307,9603,1,,,1.0,The response answers all the three parts of the question correctly.,training,training,4.2_LM_v1.0.1630,21,20
125803,4.2_LM_v1.0,amem_full,amem,full,order_2,score,succeeded,1.0,1.0,0.0,0.0,8257,8301,10914,1,,,1.0,"The response correctly answers the definition of frame bursting, its advantage and disadvantage.",training,training,4.2_LM_v1.0.1753,22,21
125805,4.2_LM_v1.0,amem_full,amem,full,order_2,score,succeeded,1.0,1.0,0.25,0.25,8342,8373,11645,1,,,0.75,The response answers the frame bursting definition and its advantage correctly. But the disadvantage part is not completely accurate as it states frame bursting can't be used if there are no frames in queue. The sender may need to wait in case there are not enough frames which will cause additional delay.,training,training,4.2_LM_v1.0.1970,23,22
125807,4.2_LM_v1.0,amem_full,amem,full,order_2,score,succeeded,1.0,1.0,0.0,0.0,8135,8166,11154,1,,,1.0,The response answers all three parts of the question correctly.,training,training,4.2_LM_v1.0.1816,24,23
125809,4.2_LM_v1.0,amem_full,amem,full,order_2,score,succeeded,1.0,1.0,0.0,0.0,8435,8466,11293,1,,,1.0,"The response is correctly answers frame bursting definition, its advantage and disadvantage.",training,training,4.2_LM_v1.0.1427,25,24
125811,4.2_LM_v1.0,amem_full,amem,full,order_2,score,succeeded,1.0,1.0,0.0,0.0,8235,8274,10892,1,,,1.0,"The response correctly explains the frame bursting concept, an advantage and a disadvantage.",training,training,4.2_LM_v1.0.654,26,25
125813,4.2_LM_v1.0,amem_full,amem,full,order_2,score,succeeded,1.0,1.0,0.0,0.0,8114,8146,10060,1,,,1.0,"The response correctly states the frame bursting definition, its advantage and disadvantage.",training,training,4.2_LM_v1.0.333,27,26
125815,4.2_LM_v1.0,amem_full,amem,full,order_2,score,succeeded,1.0,1.0,0.25,0.25,8534,8572,14891,1,,,0.75,"The response answers the advantage and disadvantage of frame bursting correctly. However, the definition part is partially correct as it mentions that there are 10 packets to be sent together, which is not true as there is no specification for the number of packets in a frame. Frame bursting is used to concatenate a sequence of multiple frames and transmitting them in one single transmission.",training,training,4.2_LM_v1.0.1304,28,27
125817,4.2_LM_v1.0,amem_full,amem,full,order_2,score,succeeded,1.0,1.0,0.0,0.0,8525,8556,8972,1,,,1.0,"The response is correct as it correctly explains the concept of frame bursting, its advantage and disadvantage.",training,training,4.2_LM_v1.0.881,29,28
125819,4.2_LM_v1.0,amem_full,amem,full,order_2,score,succeeded,1.0,1.0,0.0,0.0,8792,8822,12376,1,,,1.0,The response correctly explains what frame bursting is and also provides the accurate advantage and disadvantage of it.,training,training,4.2_LM_v1.0.1441,30,29
125821,4.2_LM_v1.0,amem_full,amem,full,order_2,score,succeeded,1.0,1.0,0.0,0.0,8294,8320,10429,1,,,1.0,"The response correctly explains the concept of frame bursting, its advantages and disadvantages.",training,training,4.2_LM_v1.0.1315,31,30
125823,4.2_LM_v1.0,amem_full,amem,full,order_2,score,succeeded,1.0,1.0,0.0,0.0,8470,8500,10163,1,,,1.0,"The response correctly answers the frame bursting definition, its advantage and disadvantage.",training,training,4.2_LM_v1.0.1984,32,31
125825,4.2_LM_v1.0,amem_full,amem,full,order_2,score,succeeded,1.0,1.0,0.0,0.0,8398,8429,14337,1,,,1.0,The response answers the question requirements correctly.,training,training,4.2_LM_v1.0.316,33,32
125827,4.2_LM_v1.0,amem_full,amem,full,order_2,score,succeeded,1.0,1.0,0.0,0.0,8779,8826,12856,1,,,1.0,The response correctly explains the frame busting concept as well as its advantage and disadvantage.,training,training,4.2_LM_v1.0.252,34,33
125829,4.2_LM_v1.0,amem_full,amem,full,order_2,score,succeeded,1.0,1.0,0.0,0.0,8610,8644,10285,1,,,1.0,"The response correctly explains the frame bursting concept, its advantage and disadvantage.",training,training,4.2_LM_v1.0.87,35,34
125831,4.2_LM_v1.0,amem_full,amem,full,order_2,score,succeeded,1.0,1.0,0.0,0.0,7624,7648,8991,1,,,1.0,The response answers all three parts of the question accurately.,training,training,4.2_LM_v1.0.2047,36,35
125833,4.2_LM_v1.0,amem_full,amem,full,order_2,score,succeeded,0.67,1.0,0.17000000000000004,0.17000000000000004,7731,7754,12873,1,,,0.5,"The response correctly states the advantage and the disadvantage of frame bursting. However, it does not contain a definition. Frame bursting reduces the overhead of transmitting small frames by concatenating a sequence of multiple frames in one single transmission.",training,training,4.2_LM_v1.0.2040,37,36
125835,4.2_LM_v1.0,amem_full,amem,full,order_2,score,succeeded,1.0,1.0,0.0,0.0,8122,8153,10591,1,,,1.0,The response answers all three parts of the question correctly.,training,training,4.2_LM_v1.0.16,38,37
125837,4.2_LM_v1.0,amem_full,amem,full,order_2,score,succeeded,1.0,1.0,0.0,0.0,7791,7821,11532,1,,,1.0,"The response states the correct definition of frame bursting, including its advantage and disadvantage.",training,training,4.2_LM_v1.0.1385,39,38
125839,4.2_LM_v1.0,amem_full,amem,full,order_2,score,succeeded,0.9,1.0,0.15000000000000002,0.15000000000000002,7817,7871,14048,1,,,0.75,"The disadvantage given is correct for frame bursting in general. However, if you use it as a substitution for carrier extension, the goal is to reach the minimum frame length/transmission time needed for collisions to be detectable. Therefore, increasing transmission time is not a disadvantage in this case. Apart from that, the answer is correct.",training,training,4.2_LM_v1.0.713,40,39
126241,4.2_LM_v1.0,amem_full,amem,full,order_3,score,succeeded,0.7,1.0,-0.050000000000000044,0.050000000000000044,160,189,9339,1,,,0.75,"The response only states the frame bursting definition and its advantage, but is missing a disadvantage. There is a drawback when using frame bursting which is end to end delay. The sender may need to wait for a certain amount of frames to be collected and concatenated to a sequence of minimum length.",training,training,4.2_LM_v1.0.1525,1,0
126243,4.2_LM_v1.0,amem_full,amem,full,order_3,score,succeeded,0.95,1.0,-0.050000000000000044,0.050000000000000044,537,572,11156,1,,,1.0,"The response is correct as it correctly explains the concept of frame bursting, its advantage and disadvantage.",training,training,4.2_LM_v1.0.881,2,1
126245,4.2_LM_v1.0,amem_full,amem,full,order_3,score,succeeded,1.0,1.0,0.0,0.0,864,888,9389,1,,,1.0,The response correctly answers all three parts of the question.,training,training,4.2_LM_v1.0.40,3,2
126247,4.2_LM_v1.0,amem_full,amem,full,order_3,score,succeeded,1.0,1.0,0.0,0.0,1179,1205,10501,1,,,1.0,The response answers the question requirements correctly.,training,training,4.2_LM_v1.0.1271,4,3
126249,4.2_LM_v1.0,amem_full,amem,full,order_3,score,succeeded,1.0,1.0,0.0,0.0,1492,1520,9366,1,,,1.0,"The response answer is correct as it contains an appropriate definition, advantage and disadvantage.",training,training,4.2_LM_v1.0.918,5,4
126251,4.2_LM_v1.0,amem_full,amem,full,order_3,score,succeeded,1.0,1.0,0.0,0.0,1832,1862,10341,1,,,1.0,"The response correctly answers the frame bursting definition, its advantage and disadvantage.",training,training,4.2_LM_v1.0.1984,6,5
126253,4.2_LM_v1.0,amem_full,amem,full,order_3,score,succeeded,0.9,1.0,0.15000000000000002,0.15000000000000002,2340,2379,13212,1,,,0.75,"The response answers the advantage and disadvantage of frame bursting correctly. However, the definition part is partially correct as it mentions that there are 10 packets to be sent together, which is not true as there is no specification for the number of packets in a frame. Frame bursting is used to concatenate a sequence of multiple frames and transmitting them in one single transmission.",training,training,4.2_LM_v1.0.1304,7,6
126255,4.2_LM_v1.0,amem_full,amem,full,order_3,score,succeeded,1.0,1.0,0.0,0.0,2837,2867,11128,1,,,1.0,The response answers all the three parts of the question correctly.,training,training,4.2_LM_v1.0.1630,8,7
126257,4.2_LM_v1.0,amem_full,amem,full,order_3,score,succeeded,1.0,1.0,0.0,0.0,3143,3167,11001,1,,,1.0,The response answers all parts of the question correctly.,training,training,4.2_LM_v1.0.1654,9,8
126259,4.2_LM_v1.0,amem_full,amem,full,order_3,score,succeeded,1.0,1.0,0.0,0.0,3696,3728,12059,1,,,1.0,"The response correctly explains the definition of frame bursting, including an advantage and a disadvantage.",training,training,4.2_LM_v1.0.694,10,9
126261,4.2_LM_v1.0,amem_full,amem,full,order_3,score,succeeded,1.0,1.0,0.0,0.0,4095,4125,10740,1,,,1.0,The response correctly explains the frame busting concept as well as its advantage and disadvantage.,training,training,4.2_LM_v1.0.252,11,10
126263,4.2_LM_v1.0,amem_full,amem,full,order_3,score,succeeded,1.0,1.0,0.0,0.0,4495,4525,9935,1,,,1.0,The response correctly answers all three parts of the question.,training,training,4.2_LM_v1.0.370,12,11
126265,4.2_LM_v1.0,amem_full,amem,full,order_3,score,succeeded,1.0,1.0,0.0,0.0,4893,4924,10616,1,,,1.0,"The response correctly explains the frame bursting concept, an advantage and a disadvantage.",training,training,4.2_LM_v1.0.654,13,12
126267,4.2_LM_v1.0,amem_full,amem,full,order_3,score,succeeded,1.0,1.0,0.0,0.0,5312,5342,12426,1,,,1.0,"The response correctly states the frame bursting definition, its advantage and disadvantage.",training,training,4.2_LM_v1.0.1601,14,13
126269,4.2_LM_v1.0,amem_full,amem,full,order_3,score,succeeded,1.0,1.0,0.0,0.0,5622,5652,12318,1,,,1.0,The response answers the question requirements correctly.,training,training,4.2_LM_v1.0.316,15,14
126271,4.2_LM_v1.0,amem_full,amem,full,order_3,score,succeeded,0.67,1.0,0.17000000000000004,0.17000000000000004,5914,5938,12085,1,,,0.5,"The response correctly states the advantage and the disadvantage of frame bursting. However, it does not contain a definition. Frame bursting reduces the overhead of transmitting small frames by concatenating a sequence of multiple frames in one single transmission.",training,training,4.2_LM_v1.0.2040,16,15
126273,4.2_LM_v1.0,amem_full,amem,full,order_3,score,succeeded,1.0,1.0,0.0,0.0,6379,6425,11548,2,,,1.0,"The response correctly answers all three parts of the question with an example. However, the answer also states the 9% efficiency of carrier extension which is only valid in worst case scenario. The efficiency can be better based on how much data we are sending which can vary between 46-1500 bytes.",training,training,4.2_LM_v1.0.388,17,16
126275,4.2_LM_v1.0,amem_full,amem,full,order_3,score,succeeded,1.0,1.0,0.0,0.0,6911,6950,11922,1,,,1.0,"The response correctly states the frame bursting definition, advantage and disadvantage.",training,training,4.2_LM_v1.0.1190,18,17
126277,4.2_LM_v1.0,amem_full,amem,full,order_3,score,succeeded,0.9,1.0,-0.09999999999999998,0.09999999999999998,7302,7353,12617,1,,,1.0,The response answers all three parts of the question correctly.,training,training,4.2_LM_v1.0.2067,19,18
126279,4.2_LM_v1.0,amem_full,amem,full,order_3,score,succeeded,1.0,1.0,0.0,0.0,7684,7714,12295,1,,,1.0,"The response correctly explains the frame bursting concept, its advantage and disadvantage.",training,training,4.2_LM_v1.0.87,20,19
126281,4.2_LM_v1.0,amem_full,amem,full,order_3,score,succeeded,1.0,1.0,0.0,0.0,7957,7983,18471,1,,,1.0,The response answers all three parts of the question accurately.,training,training,4.2_LM_v1.0.2047,21,20
126283,4.2_LM_v1.0,amem_full,amem,full,order_3,score,succeeded,1.0,1.0,0.0,0.0,8069,8100,13845,1,,,1.0,The response correctly explains what frame bursting is and also provides the accurate advantage and disadvantage of it.,training,training,4.2_LM_v1.0.1441,22,21
126285,4.2_LM_v1.0,amem_full,amem,full,order_3,score,succeeded,1.0,1.0,0.0,0.0,7870,7898,12386,1,,,1.0,"The response correctly states the frame bursting definition, its advantage and disadvantage.",training,training,4.2_LM_v1.0.333,23,22
126287,4.2_LM_v1.0,amem_full,amem,full,order_3,score,succeeded,1.0,1.0,0.25,0.25,7884,7914,11389,1,,,0.75,The response answers the frame bursting definition and its advantage correctly. But the disadvantage part is not completely accurate as it states frame bursting can't be used if there are no frames in queue. The sender may need to wait in case there are not enough frames which will cause additional delay.,training,training,4.2_LM_v1.0.1970,24,23
126289,4.2_LM_v1.0,amem_full,amem,full,order_3,score,succeeded,1.0,1.0,0.0,0.0,7620,7648,10293,1,,,1.0,"The response gives the frame bursting definition, its advantage and disadvantage correctly.",training,training,4.2_LM_v1.0.1320,25,24
126291,4.2_LM_v1.0,amem_full,amem,full,order_3,score,succeeded,1.0,1.0,0.25,0.25,7543,7579,18606,1,,,0.75,"The disadvantage given is correct for frame bursting in general. However, if you use it as a substitution for carrier extension, the goal is to reach the minimum frame length/transmission time needed for collisions to be detectable. Therefore, increasing transmission time is not a disadvantage in this case. Apart from that, the answer is correct.",training,training,4.2_LM_v1.0.713,26,25
126293,4.2_LM_v1.0,amem_full,amem,full,order_3,score,succeeded,1.0,1.0,0.5,0.5,7806,7852,15583,1,,,0.5,"The response answers the advantage and disadvantage part correctly. However, the definition is incorrect as it contains details, such as a maximal burst of three packets and a recommendation not to use it with more than 3 clients, that do not hold for frame bursting in general.",training,training,4.2_LM_v1.0.640,27,26
126295,4.2_LM_v1.0,amem_full,amem,full,order_3,score,succeeded,1.0,1.0,0.0,0.0,8011,8042,12900,1,,,1.0,"The response is correctly answers frame bursting definition, its advantage and disadvantage.",training,training,4.2_LM_v1.0.1427,28,27
126297,4.2_LM_v1.0,amem_full,amem,full,order_3,score,succeeded,1.0,1.0,0.0,0.0,7712,7743,11551,1,,,1.0,The response correctly answers all three parts of the question.,training,training,4.2_LM_v1.0.115,29,28
126299,4.2_LM_v1.0,amem_full,amem,full,order_3,score,succeeded,1.0,1.0,0.0,0.0,7782,7816,11238,1,,,1.0,The response correctly answers all three parts of the question.,training,training,4.2_LM_v1.0.1447,30,29
126301,4.2_LM_v1.0,amem_full,amem,full,order_3,score,succeeded,1.0,1.0,0.0,0.0,7870,7908,14081,1,,,1.0,The response answers all three parts of the question correctly.,training,training,4.2_LM_v1.0.1816,31,30
126303,4.2_LM_v1.0,amem_full,amem,full,order_3,score,succeeded,1.0,1.0,0.0,0.0,7663,7690,14014,1,,,1.0,The response answers all three parts of the question correctly.,training,training,4.2_LM_v1.0.1926,32,31
126305,4.2_LM_v1.0,amem_full,amem,full,order_3,score,succeeded,1.0,1.0,0.0,0.0,7460,7489,12397,1,,,1.0,"The response gives the correct definition of frame bursting, including an advantage and a disadvantage.",training,training,4.2_LM_v1.0.143,33,32
126307,4.2_LM_v1.0,amem_full,amem,full,order_3,score,succeeded,1.0,1.0,0.0,0.0,7829,7860,13033,1,,,1.0,"The response correctly explains the frame bursting concept, including its advantage and disadvantage.",training,training,4.2_LM_v1.0.277,34,33
126309,4.2_LM_v1.0,amem_full,amem,full,order_3,score,succeeded,1.0,1.0,0.0,0.0,8075,8122,13181,1,,,1.0,"The response correctly explains the concept of frame bursting, its advantages and disadvantages.",training,training,4.2_LM_v1.0.1315,35,34
126311,4.2_LM_v1.0,amem_full,amem,full,order_3,score,succeeded,0.9,1.0,-0.09999999999999998,0.09999999999999998,7600,7642,15282,1,,,1.0,The response answers all three parts of the question correctly.,training,training,4.2_LM_v1.0.1029,36,35
126313,4.2_LM_v1.0,amem_full,amem,full,order_3,score,succeeded,1.0,1.0,0.0,0.0,7733,7761,11599,1,,,1.0,The response answers all three parts of the question correctly.,training,training,4.2_LM_v1.0.16,37,36
126315,4.2_LM_v1.0,amem_full,amem,full,order_3,score,succeeded,1.0,1.0,0.0,0.0,8912,8947,14795,1,,,1.0,"The response correctly explains the frame bursting definition, its advantage and disadvantage.",training,training,4.2_LM_v1.0.446,38,37
126317,4.2_LM_v1.0,amem_full,amem,full,order_3,score,succeeded,1.0,1.0,0.0,0.0,7883,7913,13527,1,,,1.0,"The response states the correct definition of frame bursting, including its advantage and disadvantage.",training,training,4.2_LM_v1.0.1385,39,38
126319,4.2_LM_v1.0,amem_full,amem,full,order_3,score,succeeded,1.0,1.0,0.0,0.0,7894,7941,17352,1,,,1.0,"The response correctly answers the definition of frame bursting, its advantage and disadvantage.",training,training,4.2_LM_v1.0.1753,40,39
125521,4.2_LM_v1.0,amem_no_feedback,amem,no_feedback,order_1,score,succeeded,1.0,1.0,0.0,0.0,198,229,9215,1,,,1.0,The response correctly answers all three parts of the question.,training,training,4.2_LM_v1.0.115,1,0
125523,4.2_LM_v1.0,amem_no_feedback,amem,no_feedback,order_1,score,succeeded,1.0,1.0,0.0,0.0,580,613,15070,1,,,1.0,"The response correctly answers all three parts of the question with an example. However, the answer also states the 9% efficiency of carrier extension which is only valid in worst case scenario. The efficiency can be better based on how much data we are sending which can vary between 46-1500 bytes.",training,training,4.2_LM_v1.0.388,2,1
125525,4.2_LM_v1.0,amem_no_feedback,amem,no_feedback,order_1,score,succeeded,1.0,1.0,0.25,0.25,1065,1103,10311,1,,,0.75,The response answers the frame bursting definition and its advantage correctly. But the disadvantage part is not completely accurate as it states frame bursting can't be used if there are no frames in queue. The sender may need to wait in case there are not enough frames which will cause additional delay.,training,training,4.2_LM_v1.0.1970,3,2
125527,4.2_LM_v1.0,amem_no_feedback,amem,no_feedback,order_1,score,succeeded,1.0,1.0,0.0,0.0,1375,1412,10390,1,,,1.0,The response answers all three parts of the question correctly.,training,training,4.2_LM_v1.0.16,4,3
125529,4.2_LM_v1.0,amem_no_feedback,amem,no_feedback,order_1,score,succeeded,1.0,1.0,0.0,0.0,1777,1809,18420,1,,,1.0,The response correctly explains the frame busting concept as well as its advantage and disadvantage.,training,training,4.2_LM_v1.0.252,5,4
125531,4.2_LM_v1.0,amem_no_feedback,amem,no_feedback,order_1,score,succeeded,0.9,1.0,0.15000000000000002,0.15000000000000002,2314,2355,14020,1,,,0.75,"The response answers the advantage and disadvantage of frame bursting correctly. However, the definition part is partially correct as it mentions that there are 10 packets to be sent together, which is not true as there is no specification for the number of packets in a frame. Frame bursting is used to concatenate a sequence of multiple frames and transmitting them in one single transmission.",training,training,4.2_LM_v1.0.1304,6,5
125533,4.2_LM_v1.0,amem_no_feedback,amem,no_feedback,order_1,score,succeeded,0.5,1.0,0.0,0.0,2663,2699,15551,1,,,0.5,"The response correctly states the advantage and the disadvantage of frame bursting. However, it does not contain a definition. Frame bursting reduces the overhead of transmitting small frames by concatenating a sequence of multiple frames in one single transmission.",training,training,4.2_LM_v1.0.2040,7,6
125535,4.2_LM_v1.0,amem_no_feedback,amem,no_feedback,order_1,score,succeeded,1.0,1.0,0.0,0.0,2895,2921,18762,1,,,1.0,The response answers all three parts of the question accurately.,training,training,4.2_LM_v1.0.2047,8,7
125537,4.2_LM_v1.0,amem_no_feedback,amem,no_feedback,order_1,score,succeeded,1.0,1.0,0.0,0.0,3279,3316,31075,1,,,1.0,"The response states the correct definition of frame bursting, including its advantage and disadvantage.",training,training,4.2_LM_v1.0.1385,9,8
125539,4.2_LM_v1.0,amem_no_feedback,amem,no_feedback,order_1,score,succeeded,0.75,1.0,0.25,0.25,3684,3727,21797,1,,,0.5,"The response answers the advantage and disadvantage part correctly. However, the definition is incorrect as it contains details, such as a maximal burst of three packets and a recommendation not to use it with more than 3 clients, that do not hold for frame bursting in general.",training,training,4.2_LM_v1.0.640,10,9
125541,4.2_LM_v1.0,amem_no_feedback,amem,no_feedback,order_1,score,succeeded,0.75,1.0,-0.25,0.25,4051,4100,17234,1,,,1.0,The response answers all three parts of the question correctly.,training,training,4.2_LM_v1.0.2067,11,10
125543,4.2_LM_v1.0,amem_no_feedback,amem,no_feedback,order_1,score,succeeded,1.0,1.0,0.0,0.0,4567,4609,17635,1,,,1.0,"The response correctly explains the definition of frame bursting, including an advantage and a disadvantage.",training,training,4.2_LM_v1.0.694,12,11
125545,4.2_LM_v1.0,amem_no_feedback,amem,no_feedback,order_1,score,succeeded,1.0,1.0,0.0,0.0,5075,5105,15207,1,,,1.0,"The response gives the correct definition of frame bursting, including an advantage and a disadvantage.",training,training,4.2_LM_v1.0.143,13,12
125547,4.2_LM_v1.0,amem_no_feedback,amem,no_feedback,order_1,score,succeeded,1.0,1.0,0.0,0.0,5461,5491,17907,1,,,1.0,"The response correctly explains the frame bursting concept, including its advantage and disadvantage.",training,training,4.2_LM_v1.0.277,14,13
125549,4.2_LM_v1.0,amem_no_feedback,amem,no_feedback,order_1,score,succeeded,1.0,1.0,0.0,0.0,5917,5948,17796,1,,,1.0,"The response correctly answers the frame bursting definition, its advantage and disadvantage.",training,training,4.2_LM_v1.0.1984,15,14
125551,4.2_LM_v1.0,amem_no_feedback,amem,no_feedback,order_1,score,succeeded,0.8,1.0,-0.19999999999999996,0.19999999999999996,6228,6272,20094,1,,,1.0,"The response correctly states the frame bursting definition, advantage and disadvantage.",training,training,4.2_LM_v1.0.1190,16,15
125553,4.2_LM_v1.0,amem_no_feedback,amem,no_feedback,order_1,score,succeeded,1.0,1.0,0.0,0.0,6766,6804,26537,1,,,1.0,The response answers all three parts of the question correctly.,training,training,4.2_LM_v1.0.1816,17,16
125555,4.2_LM_v1.0,amem_no_feedback,amem,no_feedback,order_1,score,succeeded,1.0,1.0,0.0,0.0,7203,7231,16459,1,,,1.0,"The response is correct as it correctly explains the concept of frame bursting, its advantage and disadvantage.",training,training,4.2_LM_v1.0.881,18,17
125557,4.2_LM_v1.0,amem_no_feedback,amem,no_feedback,order_1,score,succeeded,1.0,1.0,0.0,0.0,7449,7474,14233,1,,,1.0,The response answers the question requirements correctly.,training,training,4.2_LM_v1.0.1271,19,18
125559,4.2_LM_v1.0,amem_no_feedback,amem,no_feedback,order_1,score,succeeded,1.0,1.0,0.0,0.0,7853,7884,27390,1,,,1.0,"The response is correctly answers frame bursting definition, its advantage and disadvantage.",training,training,4.2_LM_v1.0.1427,20,19
125561,4.2_LM_v1.0,amem_no_feedback,amem,no_feedback,order_1,score,succeeded,0.9,1.0,-0.09999999999999998,0.09999999999999998,8377,8423,17085,1,,,1.0,The response correctly explains what frame bursting is and also provides the accurate advantage and disadvantage of it.,training,training,4.2_LM_v1.0.1441,21,20
125563,4.2_LM_v1.0,amem_no_feedback,amem,no_feedback,order_1,score,succeeded,1.0,1.0,0.0,0.0,8302,8330,17835,1,,,1.0,The response correctly answers all three parts of the question.,training,training,4.2_LM_v1.0.370,22,21
125565,4.2_LM_v1.0,amem_no_feedback,amem,no_feedback,order_1,score,succeeded,1.0,1.0,0.0,0.0,8086,8125,14515,1,,,1.0,"The response correctly explains the frame bursting concept, an advantage and a disadvantage.",training,training,4.2_LM_v1.0.654,23,22
125567,4.2_LM_v1.0,amem_no_feedback,amem,no_feedback,order_1,score,succeeded,1.0,1.0,0.25,0.25,7926,7964,18090,1,,,0.75,"The disadvantage given is correct for frame bursting in general. However, if you use it as a substitution for carrier extension, the goal is to reach the minimum frame length/transmission time needed for collisions to be detectable. Therefore, increasing transmission time is not a disadvantage in this case. Apart from that, the answer is correct.",training,training,4.2_LM_v1.0.713,24,23
125569,4.2_LM_v1.0,amem_no_feedback,amem,no_feedback,order_1,score,succeeded,1.0,1.0,0.0,0.0,8460,8498,18440,1,,,1.0,The response answers all the three parts of the question correctly.,training,training,4.2_LM_v1.0.1630,25,24
125571,4.2_LM_v1.0,amem_no_feedback,amem,no_feedback,order_1,score,succeeded,1.0,1.0,0.0,0.0,7980,8008,15941,1,,,1.0,"The response correctly states the frame bursting definition, its advantage and disadvantage.",training,training,4.2_LM_v1.0.333,26,25
125573,4.2_LM_v1.0,amem_no_feedback,amem,no_feedback,order_1,score,succeeded,0.9,1.0,-0.09999999999999998,0.09999999999999998,7806,7847,19876,1,,,1.0,The response answers all three parts of the question correctly.,training,training,4.2_LM_v1.0.1029,27,26
125575,4.2_LM_v1.0,amem_no_feedback,amem,no_feedback,order_1,score,succeeded,1.0,1.0,0.0,0.0,7715,7746,20511,1,,,1.0,The response answers all three parts of the question correctly.,training,training,4.2_LM_v1.0.1926,28,27
125577,4.2_LM_v1.0,amem_no_feedback,amem,no_feedback,order_1,score,succeeded,0.6,1.0,-0.15000000000000002,0.15000000000000002,7677,7720,17163,1,,,0.75,"The response only states the frame bursting definition and its advantage, but is missing a disadvantage. There is a drawback when using frame bursting which is end to end delay. The sender may need to wait for a certain amount of frames to be collected and concatenated to a sequence of minimum length.",training,training,4.2_LM_v1.0.1525,29,28
125579,4.2_LM_v1.0,amem_no_feedback,amem,no_feedback,order_1,score,succeeded,1.0,1.0,0.0,0.0,7726,7751,13357,1,,,1.0,The response answers all parts of the question correctly.,training,training,4.2_LM_v1.0.1654,30,29
125581,4.2_LM_v1.0,amem_no_feedback,amem,no_feedback,order_1,score,succeeded,1.0,1.0,0.0,0.0,7994,8031,16240,1,,,1.0,The response answers the question requirements correctly.,training,training,4.2_LM_v1.0.316,31,30
125583,4.2_LM_v1.0,amem_no_feedback,amem,no_feedback,order_1,score,succeeded,1.0,1.0,0.0,0.0,7721,7752,13467,1,,,1.0,"The response correctly states the frame bursting definition, its advantage and disadvantage.",training,training,4.2_LM_v1.0.1601,32,31
125585,4.2_LM_v1.0,amem_no_feedback,amem,no_feedback,order_1,score,succeeded,1.0,1.0,0.0,0.0,7879,7911,13101,1,,,1.0,"The response gives the frame bursting definition, its advantage and disadvantage correctly.",training,training,4.2_LM_v1.0.1320,33,32
125587,4.2_LM_v1.0,amem_no_feedback,amem,no_feedback,order_1,score,succeeded,1.0,1.0,0.0,0.0,7707,7743,15092,1,,,1.0,"The response correctly answers the definition of frame bursting, its advantage and disadvantage.",training,training,4.2_LM_v1.0.1753,34,33
125589,4.2_LM_v1.0,amem_no_feedback,amem,no_feedback,order_1,score,succeeded,1.0,1.0,0.0,0.0,8099,8135,16984,1,,,1.0,"The response correctly explains the concept of frame bursting, its advantages and disadvantages.",training,training,4.2_LM_v1.0.1315,35,34
125591,4.2_LM_v1.0,amem_no_feedback,amem,no_feedback,order_1,score,succeeded,1.0,1.0,0.0,0.0,7599,7624,14548,1,,,1.0,"The response answer is correct as it contains an appropriate definition, advantage and disadvantage.",training,training,4.2_LM_v1.0.918,36,35
125593,4.2_LM_v1.0,amem_no_feedback,amem,no_feedback,order_1,score,succeeded,1.0,1.0,0.0,0.0,8732,8778,13591,1,,,1.0,"The response correctly explains the frame bursting concept, its advantage and disadvantage.",training,training,4.2_LM_v1.0.87,37,36
125595,4.2_LM_v1.0,amem_no_feedback,amem,no_feedback,order_1,score,succeeded,1.0,1.0,0.0,0.0,8110,8143,12383,1,,,1.0,The response correctly answers all three parts of the question.,training,training,4.2_LM_v1.0.1447,38,37
125597,4.2_LM_v1.0,amem_no_feedback,amem,no_feedback,order_1,score,succeeded,1.0,1.0,0.0,0.0,7773,7803,16436,1,,,1.0,The response correctly answers all three parts of the question.,training,training,4.2_LM_v1.0.40,39,38
125599,4.2_LM_v1.0,amem_no_feedback,amem,no_feedback,order_1,score,succeeded,1.0,1.0,0.0,0.0,8767,8797,13710,1,,,1.0,"The response correctly explains the frame bursting definition, its advantage and disadvantage.",training,training,4.2_LM_v1.0.446,40,39
126001,4.2_LM_v1.0,amem_no_feedback,amem,no_feedback,order_2,score,succeeded,0.8,1.0,-0.19999999999999996,0.19999999999999996,159,199,18147,1,,,1.0,The response correctly answers all three parts of the question.,training,training,4.2_LM_v1.0.40,1,0
126003,4.2_LM_v1.0,amem_no_feedback,amem,no_feedback,order_2,score,succeeded,0.7,1.0,-0.050000000000000044,0.050000000000000044,423,460,12606,1,,,0.75,"The response only states the frame bursting definition and its advantage, but is missing a disadvantage. There is a drawback when using frame bursting which is end to end delay. The sender may need to wait for a certain amount of frames to be collected and concatenated to a sequence of minimum length.",training,training,4.2_LM_v1.0.1525,2,1
126005,4.2_LM_v1.0,amem_no_feedback,amem,no_feedback,order_2,score,succeeded,0.9,1.0,-0.09999999999999998,0.09999999999999998,712,765,14262,1,,,1.0,"The response gives the frame bursting definition, its advantage and disadvantage correctly.",training,training,4.2_LM_v1.0.1320,3,2
126007,4.2_LM_v1.0,amem_no_feedback,amem,no_feedback,order_2,score,succeeded,1.0,1.0,0.0,0.0,1056,1083,14176,1,,,1.0,The response answers the question requirements correctly.,training,training,4.2_LM_v1.0.1271,4,3
126009,4.2_LM_v1.0,amem_no_feedback,amem,no_feedback,order_2,score,succeeded,1.0,1.0,0.0,0.0,1379,1408,13982,1,,,1.0,"The response gives the correct definition of frame bursting, including an advantage and a disadvantage.",training,training,4.2_LM_v1.0.143,5,4
126011,4.2_LM_v1.0,amem_no_feedback,amem,no_feedback,order_2,score,succeeded,1.0,1.0,0.0,0.0,1710,1751,17956,1,,,1.0,The response answers all three parts of the question correctly.,training,training,4.2_LM_v1.0.1029,6,5
126013,4.2_LM_v1.0,amem_no_feedback,amem,no_feedback,order_2,score,succeeded,1.0,1.0,0.0,0.0,2048,2077,20311,1,,,1.0,The response answers all three parts of the question correctly.,training,training,4.2_LM_v1.0.1926,7,6
126015,4.2_LM_v1.0,amem_no_feedback,amem,no_feedback,order_2,score,succeeded,1.0,1.0,0.0,0.0,2337,2373,13595,1,,,1.0,The response correctly answers all three parts of the question.,training,training,4.2_LM_v1.0.1447,8,7
126017,4.2_LM_v1.0,amem_no_feedback,amem,no_feedback,order_2,score,succeeded,1.0,1.0,0.0,0.0,2783,2813,15695,1,,,1.0,"The response correctly explains the frame bursting definition, its advantage and disadvantage.",training,training,4.2_LM_v1.0.446,9,8
126019,4.2_LM_v1.0,amem_no_feedback,amem,no_feedback,order_2,score,succeeded,0.75,1.0,0.25,0.25,3148,3184,13919,1,,,0.5,"The response answers the advantage and disadvantage part correctly. However, the definition is incorrect as it contains details, such as a maximal burst of three packets and a recommendation not to use it with more than 3 clients, that do not hold for frame bursting in general.",training,training,4.2_LM_v1.0.640,10,9
126021,4.2_LM_v1.0,amem_no_feedback,amem,no_feedback,order_2,score,succeeded,1.0,1.0,0.0,0.0,3510,3540,14527,1,,,1.0,"The response answer is correct as it contains an appropriate definition, advantage and disadvantage.",training,training,4.2_LM_v1.0.918,11,10
126023,4.2_LM_v1.0,amem_no_feedback,amem,no_feedback,order_2,score,succeeded,1.0,1.0,0.0,0.0,3834,3860,19343,1,,,1.0,The response correctly answers all three parts of the question.,training,training,4.2_LM_v1.0.115,12,11
126025,4.2_LM_v1.0,amem_no_feedback,amem,no_feedback,order_2,score,succeeded,0.75,1.0,-0.25,0.25,4212,4253,18105,1,,,1.0,The response answers all three parts of the question correctly.,training,training,4.2_LM_v1.0.2067,13,12
126027,4.2_LM_v1.0,amem_no_feedback,amem,no_feedback,order_2,score,succeeded,0.9,1.0,-0.09999999999999998,0.09999999999999998,4563,4616,14647,1,,,1.0,"The response correctly states the frame bursting definition, its advantage and disadvantage.",training,training,4.2_LM_v1.0.1601,14,13
126029,4.2_LM_v1.0,amem_no_feedback,amem,no_feedback,order_2,score,succeeded,1.0,1.0,0.0,0.0,5002,5041,12237,1,,,1.0,"The response correctly explains the definition of frame bursting, including an advantage and a disadvantage.",training,training,4.2_LM_v1.0.694,15,14
126031,4.2_LM_v1.0,amem_no_feedback,amem,no_feedback,order_2,score,succeeded,1.0,1.0,0.0,0.0,5433,5490,17646,1,,,1.0,"The response correctly answers all three parts of the question with an example. However, the answer also states the 9% efficiency of carrier extension which is only valid in worst case scenario. The efficiency can be better based on how much data we are sending which can vary between 46-1500 bytes.",training,training,4.2_LM_v1.0.388,16,15
126033,4.2_LM_v1.0,amem_no_feedback,amem,no_feedback,order_2,score,succeeded,1.0,1.0,0.0,0.0,5942,5977,15997,1,,,1.0,"The response correctly explains the frame bursting concept, including its advantage and disadvantage.",training,training,4.2_LM_v1.0.277,17,16
126035,4.2_LM_v1.0,amem_no_feedback,amem,no_feedback,order_2,score,succeeded,1.0,1.0,0.0,0.0,6245,6265,13980,1,,,1.0,The response answers all parts of the question correctly.,training,training,4.2_LM_v1.0.1654,18,17
126037,4.2_LM_v1.0,amem_no_feedback,amem,no_feedback,order_2,score,succeeded,1.0,1.0,0.0,0.0,6621,6645,17344,1,,,1.0,The response correctly answers all three parts of the question.,training,training,4.2_LM_v1.0.370,19,18
126039,4.2_LM_v1.0,amem_no_feedback,amem,no_feedback,order_2,score,succeeded,1.0,1.0,0.0,0.0,6983,7021,14621,1,,,1.0,"The response correctly states the frame bursting definition, advantage and disadvantage.",training,training,4.2_LM_v1.0.1190,20,19
126041,4.2_LM_v1.0,amem_no_feedback,amem,no_feedback,order_2,score,succeeded,1.0,1.0,0.0,0.0,7384,7415,19915,1,,,1.0,The response answers all the three parts of the question correctly.,training,training,4.2_LM_v1.0.1630,21,20
126043,4.2_LM_v1.0,amem_no_feedback,amem,no_feedback,order_2,score,succeeded,1.0,1.0,0.0,0.0,7451,7483,15892,1,,,1.0,"The response correctly answers the definition of frame bursting, its advantage and disadvantage.",training,training,4.2_LM_v1.0.1753,22,21
126045,4.2_LM_v1.0,amem_no_feedback,amem,no_feedback,order_2,score,succeeded,1.0,1.0,0.25,0.25,7497,7529,11188,1,,,0.75,The response answers the frame bursting definition and its advantage correctly. But the disadvantage part is not completely accurate as it states frame bursting can't be used if there are no frames in queue. The sender may need to wait in case there are not enough frames which will cause additional delay.,training,training,4.2_LM_v1.0.1970,23,22
126047,4.2_LM_v1.0,amem_no_feedback,amem,no_feedback,order_2,score,succeeded,1.0,1.0,0.0,0.0,7517,7544,16494,1,,,1.0,The response answers all three parts of the question correctly.,training,training,4.2_LM_v1.0.1816,24,23
126049,4.2_LM_v1.0,amem_no_feedback,amem,no_feedback,order_2,score,succeeded,1.0,1.0,0.0,0.0,7661,7693,15801,1,,,1.0,"The response is correctly answers frame bursting definition, its advantage and disadvantage.",training,training,4.2_LM_v1.0.1427,25,24
126051,4.2_LM_v1.0,amem_no_feedback,amem,no_feedback,order_2,score,succeeded,1.0,1.0,0.0,0.0,7341,7378,17015,1,,,1.0,"The response correctly explains the frame bursting concept, an advantage and a disadvantage.",training,training,4.2_LM_v1.0.654,26,25
126053,4.2_LM_v1.0,amem_no_feedback,amem,no_feedback,order_2,score,succeeded,1.0,1.0,0.0,0.0,7340,7370,21346,1,,,1.0,"The response correctly states the frame bursting definition, its advantage and disadvantage.",training,training,4.2_LM_v1.0.333,27,26
126055,4.2_LM_v1.0,amem_no_feedback,amem,no_feedback,order_2,score,succeeded,0.9,1.0,0.15000000000000002,0.15000000000000002,7604,7654,14185,1,,,0.75,"The response answers the advantage and disadvantage of frame bursting correctly. However, the definition part is partially correct as it mentions that there are 10 packets to be sent together, which is not true as there is no specification for the number of packets in a frame. Frame bursting is used to concatenate a sequence of multiple frames and transmitting them in one single transmission.",training,training,4.2_LM_v1.0.1304,28,27
126057,4.2_LM_v1.0,amem_no_feedback,amem,no_feedback,order_2,score,succeeded,1.0,1.0,0.0,0.0,7375,7404,16066,1,,,1.0,"The response is correct as it correctly explains the concept of frame bursting, its advantage and disadvantage.",training,training,4.2_LM_v1.0.881,29,28
126059,4.2_LM_v1.0,amem_no_feedback,amem,no_feedback,order_2,score,succeeded,0.9,1.0,-0.09999999999999998,0.09999999999999998,7849,7897,19282,1,,,1.0,The response correctly explains what frame bursting is and also provides the accurate advantage and disadvantage of it.,training,training,4.2_LM_v1.0.1441,30,29
126061,4.2_LM_v1.0,amem_no_feedback,amem,no_feedback,order_2,score,succeeded,0.9,1.0,-0.09999999999999998,0.09999999999999998,7606,7651,17512,1,,,1.0,"The response correctly explains the concept of frame bursting, its advantages and disadvantages.",training,training,4.2_LM_v1.0.1315,31,30
126063,4.2_LM_v1.0,amem_no_feedback,amem,no_feedback,order_2,score,succeeded,1.0,1.0,0.0,0.0,7716,7742,14551,1,,,1.0,"The response correctly answers the frame bursting definition, its advantage and disadvantage.",training,training,4.2_LM_v1.0.1984,32,31
126065,4.2_LM_v1.0,amem_no_feedback,amem,no_feedback,order_2,score,succeeded,1.0,1.0,0.0,0.0,7531,7558,12594,1,,,1.0,The response answers the question requirements correctly.,training,training,4.2_LM_v1.0.316,33,32
126067,4.2_LM_v1.0,amem_no_feedback,amem,no_feedback,order_2,score,succeeded,1.0,1.0,0.0,0.0,7932,7967,13152,1,,,1.0,The response correctly explains the frame busting concept as well as its advantage and disadvantage.,training,training,4.2_LM_v1.0.252,34,33
126069,4.2_LM_v1.0,amem_no_feedback,amem,no_feedback,order_2,score,succeeded,1.0,1.0,0.0,0.0,8007,8040,14276,1,,,1.0,"The response correctly explains the frame bursting concept, its advantage and disadvantage.",training,training,4.2_LM_v1.0.87,35,34
126071,4.2_LM_v1.0,amem_no_feedback,amem,no_feedback,order_2,score,succeeded,1.0,1.0,0.0,0.0,7131,7163,13558,1,,,1.0,The response answers all three parts of the question accurately.,training,training,4.2_LM_v1.0.2047,36,35
126073,4.2_LM_v1.0,amem_no_feedback,amem,no_feedback,order_2,score,succeeded,0.67,1.0,0.17000000000000004,0.17000000000000004,7017,7049,22814,1,,,0.5,"The response correctly states the advantage and the disadvantage of frame bursting. However, it does not contain a definition. Frame bursting reduces the overhead of transmitting small frames by concatenating a sequence of multiple frames in one single transmission.",training,training,4.2_LM_v1.0.2040,37,36
126075,4.2_LM_v1.0,amem_no_feedback,amem,no_feedback,order_2,score,succeeded,1.0,1.0,0.0,0.0,7278,7305,19483,1,,,1.0,The response answers all three parts of the question correctly.,training,training,4.2_LM_v1.0.16,38,37
126077,4.2_LM_v1.0,amem_no_feedback,amem,no_feedback,order_2,score,succeeded,1.0,1.0,0.0,0.0,7155,7185,14392,1,,,1.0,"The response states the correct definition of frame bursting, including its advantage and disadvantage.",training,training,4.2_LM_v1.0.1385,39,38
126079,4.2_LM_v1.0,amem_no_feedback,amem,no_feedback,order_2,score,succeeded,1.0,1.0,0.25,0.25,7044,7080,13404,1,,,0.75,"The disadvantage given is correct for frame bursting in general. However, if you use it as a substitution for carrier extension, the goal is to reach the minimum frame length/transmission time needed for collisions to be detectable. Therefore, increasing transmission time is not a disadvantage in this case. Apart from that, the answer is correct.",training,training,4.2_LM_v1.0.713,40,39
126481,4.2_LM_v1.0,amem_no_feedback,amem,no_feedback,order_3,score,succeeded,0.5,1.0,-0.25,0.25,161,193,10759,1,,,0.75,"The response only states the frame bursting definition and its advantage, but is missing a disadvantage. There is a drawback when using frame bursting which is end to end delay. The sender may need to wait for a certain amount of frames to be collected and concatenated to a sequence of minimum length.",training,training,4.2_LM_v1.0.1525,1,0
126483,4.2_LM_v1.0,amem_no_feedback,amem,no_feedback,order_3,score,succeeded,1.0,1.0,0.0,0.0,466,501,16555,1,,,1.0,"The response is correct as it correctly explains the concept of frame bursting, its advantage and disadvantage.",training,training,4.2_LM_v1.0.881,2,1
126485,4.2_LM_v1.0,amem_no_feedback,amem,no_feedback,order_3,score,succeeded,0.85,1.0,-0.15000000000000002,0.15000000000000002,767,811,13486,1,,,1.0,The response correctly answers all three parts of the question.,training,training,4.2_LM_v1.0.40,3,2
126487,4.2_LM_v1.0,amem_no_feedback,amem,no_feedback,order_3,score,succeeded,1.0,1.0,0.0,0.0,1040,1071,18099,1,,,1.0,The response answers the question requirements correctly.,training,training,4.2_LM_v1.0.1271,4,3
126489,4.2_LM_v1.0,amem_no_feedback,amem,no_feedback,order_3,score,succeeded,1.0,1.0,0.0,0.0,1331,1361,14636,1,,,1.0,"The response answer is correct as it contains an appropriate definition, advantage and disadvantage.",training,training,4.2_LM_v1.0.918,5,4
126491,4.2_LM_v1.0,amem_no_feedback,amem,no_feedback,order_3,score,succeeded,1.0,1.0,0.0,0.0,1668,1698,12569,1,,,1.0,"The response correctly answers the frame bursting definition, its advantage and disadvantage.",training,training,4.2_LM_v1.0.1984,6,5
126493,4.2_LM_v1.0,amem_no_feedback,amem,no_feedback,order_3,score,succeeded,0.9,1.0,0.15000000000000002,0.15000000000000002,2138,2184,24166,1,,,0.75,"The response answers the advantage and disadvantage of frame bursting correctly. However, the definition part is partially correct as it mentions that there are 10 packets to be sent together, which is not true as there is no specification for the number of packets in a frame. Frame bursting is used to concatenate a sequence of multiple frames and transmitting them in one single transmission.",training,training,4.2_LM_v1.0.1304,7,6
126495,4.2_LM_v1.0,amem_no_feedback,amem,no_feedback,order_3,score,succeeded,1.0,1.0,0.0,0.0,2579,2612,13536,1,,,1.0,The response answers all the three parts of the question correctly.,training,training,4.2_LM_v1.0.1630,8,7
126497,4.2_LM_v1.0,amem_no_feedback,amem,no_feedback,order_3,score,succeeded,1.0,1.0,0.0,0.0,2864,2895,15320,1,,,1.0,The response answers all parts of the question correctly.,training,training,4.2_LM_v1.0.1654,9,8
126499,4.2_LM_v1.0,amem_no_feedback,amem,no_feedback,order_3,score,succeeded,1.0,1.0,0.0,0.0,3278,3323,14055,1,,,1.0,"The response correctly explains the definition of frame bursting, including an advantage and a disadvantage.",training,training,4.2_LM_v1.0.694,10,9
126501,4.2_LM_v1.0,amem_no_feedback,amem,no_feedback,order_3,score,succeeded,1.0,1.0,0.0,0.0,3727,3762,18720,1,,,1.0,The response correctly explains the frame busting concept as well as its advantage and disadvantage.,training,training,4.2_LM_v1.0.252,11,10
126503,4.2_LM_v1.0,amem_no_feedback,amem,no_feedback,order_3,score,succeeded,1.0,1.0,0.0,0.0,4111,4143,12983,1,,,1.0,The response correctly answers all three parts of the question.,training,training,4.2_LM_v1.0.370,12,11
126505,4.2_LM_v1.0,amem_no_feedback,amem,no_feedback,order_3,score,succeeded,1.0,1.0,0.0,0.0,4517,4556,13584,1,,,1.0,"The response correctly explains the frame bursting concept, an advantage and a disadvantage.",training,training,4.2_LM_v1.0.654,13,12
126507,4.2_LM_v1.0,amem_no_feedback,amem,no_feedback,order_3,score,succeeded,1.0,1.0,0.0,0.0,4856,4887,14603,1,,,1.0,"The response correctly states the frame bursting definition, its advantage and disadvantage.",training,training,4.2_LM_v1.0.1601,14,13
126509,4.2_LM_v1.0,amem_no_feedback,amem,no_feedback,order_3,score,succeeded,1.0,1.0,0.0,0.0,5140,5171,16477,1,,,1.0,The response answers the question requirements correctly.,training,training,4.2_LM_v1.0.316,15,14
126511,4.2_LM_v1.0,amem_no_feedback,amem,no_feedback,order_3,score,succeeded,0.67,1.0,0.17000000000000004,0.17000000000000004,5440,5475,16837,1,,,0.5,"The response correctly states the advantage and the disadvantage of frame bursting. However, it does not contain a definition. Frame bursting reduces the overhead of transmitting small frames by concatenating a sequence of multiple frames in one single transmission.",training,training,4.2_LM_v1.0.2040,16,15
126513,4.2_LM_v1.0,amem_no_feedback,amem,no_feedback,order_3,score,succeeded,1.0,1.0,0.0,0.0,5784,5826,13788,1,,,1.0,"The response correctly answers all three parts of the question with an example. However, the answer also states the 9% efficiency of carrier extension which is only valid in worst case scenario. The efficiency can be better based on how much data we are sending which can vary between 46-1500 bytes.",training,training,4.2_LM_v1.0.388,17,16
126515,4.2_LM_v1.0,amem_no_feedback,amem,no_feedback,order_3,score,succeeded,1.0,1.0,0.0,0.0,6171,6217,13965,1,,,1.0,"The response correctly states the frame bursting definition, advantage and disadvantage.",training,training,4.2_LM_v1.0.1190,18,17
126517,4.2_LM_v1.0,amem_no_feedback,amem,no_feedback,order_3,score,succeeded,0.75,1.0,-0.25,0.25,6503,6561,17444,1,,,1.0,The response answers all three parts of the question correctly.,training,training,4.2_LM_v1.0.2067,19,18
126519,4.2_LM_v1.0,amem_no_feedback,amem,no_feedback,order_3,score,succeeded,1.0,1.0,0.0,0.0,6795,6822,14284,1,,,1.0,"The response correctly explains the frame bursting concept, its advantage and disadvantage.",training,training,4.2_LM_v1.0.87,20,19
126521,4.2_LM_v1.0,amem_no_feedback,amem,no_feedback,order_3,score,succeeded,1.0,1.0,0.0,0.0,7130,7157,18912,1,,,1.0,The response answers all three parts of the question accurately.,training,training,4.2_LM_v1.0.2047,21,20
126523,4.2_LM_v1.0,amem_no_feedback,amem,no_feedback,order_3,score,succeeded,0.9,1.0,-0.09999999999999998,0.09999999999999998,7250,7296,20226,1,,,1.0,The response correctly explains what frame bursting is and also provides the accurate advantage and disadvantage of it.,training,training,4.2_LM_v1.0.1441,22,21
126525,4.2_LM_v1.0,amem_no_feedback,amem,no_feedback,order_3,score,succeeded,1.0,1.0,0.0,0.0,6930,6958,12199,1,,,1.0,"The response correctly states the frame bursting definition, its advantage and disadvantage.",training,training,4.2_LM_v1.0.333,23,22
126527,4.2_LM_v1.0,amem_no_feedback,amem,no_feedback,order_3,score,succeeded,1.0,1.0,0.25,0.25,7166,7206,15807,1,,,0.75,The response answers the frame bursting definition and its advantage correctly. But the disadvantage part is not completely accurate as it states frame bursting can't be used if there are no frames in queue. The sender may need to wait in case there are not enough frames which will cause additional delay.,training,training,4.2_LM_v1.0.1970,24,23
126529,4.2_LM_v1.0,amem_no_feedback,amem,no_feedback,order_3,score,succeeded,1.0,1.0,0.0,0.0,6899,6930,12872,1,,,1.0,"The response gives the frame bursting definition, its advantage and disadvantage correctly.",training,training,4.2_LM_v1.0.1320,25,24
126531,4.2_LM_v1.0,amem_no_feedback,amem,no_feedback,order_3,score,succeeded,0.9,1.0,0.15000000000000002,0.15000000000000002,6803,6849,22178,1,,,0.75,"The disadvantage given is correct for frame bursting in general. However, if you use it as a substitution for carrier extension, the goal is to reach the minimum frame length/transmission time needed for collisions to be detectable. Therefore, increasing transmission time is not a disadvantage in this case. Apart from that, the answer is correct.",training,training,4.2_LM_v1.0.713,26,25
126533,4.2_LM_v1.0,amem_no_feedback,amem,no_feedback,order_3,score,succeeded,1.0,1.0,0.5,0.5,6833,6883,18410,1,,,0.5,"The response answers the advantage and disadvantage part correctly. However, the definition is incorrect as it contains details, such as a maximal burst of three packets and a recommendation not to use it with more than 3 clients, that do not hold for frame bursting in general.",training,training,4.2_LM_v1.0.640,27,26
126535,4.2_LM_v1.0,amem_no_feedback,amem,no_feedback,order_3,score,succeeded,1.0,1.0,0.0,0.0,7223,7252,15368,1,,,1.0,"The response is correctly answers frame bursting definition, its advantage and disadvantage.",training,training,4.2_LM_v1.0.1427,28,27
126537,4.2_LM_v1.0,amem_no_feedback,amem,no_feedback,order_3,score,succeeded,1.0,1.0,0.0,0.0,6820,6852,15289,1,,,1.0,The response correctly answers all three parts of the question.,training,training,4.2_LM_v1.0.115,29,28
126539,4.2_LM_v1.0,amem_no_feedback,amem,no_feedback,order_3,score,succeeded,1.0,1.0,0.0,0.0,6962,7000,16257,1,,,1.0,The response correctly answers all three parts of the question.,training,training,4.2_LM_v1.0.1447,30,29
126541,4.2_LM_v1.0,amem_no_feedback,amem,no_feedback,order_3,score,succeeded,1.0,1.0,0.0,0.0,6992,7029,11754,1,,,1.0,The response answers all three parts of the question correctly.,training,training,4.2_LM_v1.0.1816,31,30
126543,4.2_LM_v1.0,amem_no_feedback,amem,no_feedback,order_3,score,succeeded,1.0,1.0,0.0,0.0,6786,6812,21247,1,,,1.0,The response answers all three parts of the question correctly.,training,training,4.2_LM_v1.0.1926,32,31
126545,4.2_LM_v1.0,amem_no_feedback,amem,no_feedback,order_3,score,succeeded,1.0,1.0,0.0,0.0,6632,6658,19866,1,,,1.0,"The response gives the correct definition of frame bursting, including an advantage and a disadvantage.",training,training,4.2_LM_v1.0.143,33,32
126547,4.2_LM_v1.0,amem_no_feedback,amem,no_feedback,order_3,score,succeeded,1.0,1.0,0.0,0.0,6790,6826,11749,1,,,1.0,"The response correctly explains the frame bursting concept, including its advantage and disadvantage.",training,training,4.2_LM_v1.0.277,34,33
126549,4.2_LM_v1.0,amem_no_feedback,amem,no_feedback,order_3,score,succeeded,1.0,1.0,0.0,0.0,7202,7243,14104,1,,,1.0,"The response correctly explains the concept of frame bursting, its advantages and disadvantages.",training,training,4.2_LM_v1.0.1315,35,34
126551,4.2_LM_v1.0,amem_no_feedback,amem,no_feedback,order_3,score,succeeded,0.9,1.0,-0.09999999999999998,0.09999999999999998,6794,6836,16750,1,,,1.0,The response answers all three parts of the question correctly.,training,training,4.2_LM_v1.0.1029,36,35
126553,4.2_LM_v1.0,amem_no_feedback,amem,no_feedback,order_3,score,succeeded,1.0,1.0,0.0,0.0,7021,7052,11542,1,,,1.0,The response answers all three parts of the question correctly.,training,training,4.2_LM_v1.0.16,37,36
126555,4.2_LM_v1.0,amem_no_feedback,amem,no_feedback,order_3,score,succeeded,1.0,1.0,0.0,0.0,7988,8017,13333,1,,,1.0,"The response correctly explains the frame bursting definition, its advantage and disadvantage.",training,training,4.2_LM_v1.0.446,38,37
126557,4.2_LM_v1.0,amem_no_feedback,amem,no_feedback,order_3,score,succeeded,1.0,1.0,0.0,0.0,6956,6986,15010,1,,,1.0,"The response states the correct definition of frame bursting, including its advantage and disadvantage.",training,training,4.2_LM_v1.0.1385,39,38
126559,4.2_LM_v1.0,amem_no_feedback,amem,no_feedback,order_3,score,succeeded,1.0,1.0,0.0,0.0,7024,7064,15377,1,,,1.0,"The response correctly answers the definition of frame bursting, its advantage and disadvantage.",training,training,4.2_LM_v1.0.1753,40,39
