answer_id,condition,framework,feedback_mode,order_variant,kind,status,model_score,manual_score,signed_diff,absolute_diff,normalized_signed_diff,normalized_absolute_diff,input_tokens,total_tokens,latency_ms,attempt_count,failure_code,teacher_score,teacher_feedback,source_split
4.2_LM_v1.0.213,no_memory,none,none,order_2,score,succeeded,0.8,1.0,-0.19999999999999996,0.19999999999999996,-0.19999999999999996,0.19999999999999996,201,246,11462,1,,1.0,The response correctly answers all three parts of the question.,unseen_answers
4.2_LM_v1.0.2040,retrieval_no_feedback,retrieval,no_feedback,order_3,score,succeeded,0.75,0.5,0.25,0.25,0.25,0.25,2743,2772,15920,1,,0.5,"The response correctly states the advantage and the disadvantage of frame bursting. However, it does not contain a definition. Frame bursting reduces the overhead of transmitting small frames by concatenating a sequence of multiple frames in one single transmission.",training
4.2_LM_v1.0.694,retrieval_no_feedback,retrieval,no_feedback,order_1,score,succeeded,1.0,1.0,0.0,0.0,0.0,0.0,2277,2307,11298,1,,1.0,"The response correctly explains the definition of frame bursting, including an advantage and a disadvantage.",training
4.2_LM_v1.0.143,retrieval_no_feedback,retrieval,no_feedback,order_1,score,succeeded,1.0,1.0,0.0,0.0,0.0,0.0,2410,2437,10027,1,,1.0,"The response gives the correct definition of frame bursting, including an advantage and a disadvantage.",training
4.2_LM_v1.0.1304,retrieval_no_feedback,retrieval,no_feedback,order_2,score,succeeded,1.0,0.75,0.25,0.25,0.25,0.25,3725,3762,11625,1,,0.75,"The response answers the advantage and disadvantage of frame bursting correctly. However, the definition part is partially correct as it mentions that there are 10 packets to be sent together, which is not true as there is no specification for the number of packets in a frame. Frame bursting is used to concatenate a sequence of multiple frames and transmitting them in one single transmission.",training
4.2_LM_v1.0.388,retrieval_no_feedback,retrieval,no_feedback,order_3,score,succeeded,1.0,1.0,0.0,0.0,0.0,0.0,2967,3014,22056,1,,1.0,"The response correctly answers all three parts of the question with an example. However, the answer also states the 9% efficiency of carrier extension which is only valid in worst case scenario. The efficiency can be better based on how much data we are sending which can vary between 46-1500 bytes.",training
4.2_LM_v1.0.1984,retrieval_no_feedback,retrieval,no_feedback,order_1,score,succeeded,1.0,1.0,0.0,0.0,0.0,0.0,2827,2857,10333,1,,1.0,"The response correctly answers the frame bursting definition, its advantage and disadvantage.",training
4.2_LM_v1.0.1753,mem0_full,mem0,full,order_2,score,succeeded,0.9,1.0,-0.09999999999999998,0.09999999999999998,-0.09999999999999998,0.09999999999999998,531,576,11603,1,,1.0,"The response correctly answers the definition of frame bursting, its advantage and disadvantage.",training
4.2_LM_v1.0.640,amem_no_feedback,amem,no_feedback,order_3,score,succeeded,1.0,0.5,0.5,0.5,0.5,0.5,6833,6883,18410,1,,0.5,"The response answers the advantage and disadvantage part correctly. However, the definition is incorrect as it contains details, such as a maximal burst of three packets and a recommendation not to use it with more than 3 clients, that do not hold for frame bursting in general.",training
4.2_LM_v1.0.1190,retrieval_no_feedback,retrieval,no_feedback,order_1,score,succeeded,0.9,1.0,-0.09999999999999998,0.09999999999999998,-0.09999999999999998,0.09999999999999998,2984,3033,10478,1,,1.0,"The response correctly states the frame bursting definition, advantage and disadvantage.",training
4.2_LM_v1.0.1816,retrieval_no_feedback,retrieval,no_feedback,order_1,score,succeeded,1.0,1.0,0.0,0.0,0.0,0.0,3175,3207,22150,1,,1.0,The response answers all three parts of the question correctly.,training
4.2_LM_v1.0.881,retrieval_no_feedback,retrieval,no_feedback,order_1,score,succeeded,1.0,1.0,0.0,0.0,0.0,0.0,3333,3365,15050,1,,1.0,"The response is correct as it correctly explains the concept of frame bursting, its advantage and disadvantage.",training
4.2_LM_v1.0.1447,amem_no_feedback,amem,no_feedback,order_3,score,succeeded,1.0,1.0,0.0,0.0,0.0,0.0,6962,7000,16257,1,,1.0,The response correctly answers all three parts of the question.,training
4.2_LM_v1.0.1816,mem0_full,mem0,full,order_2,score,succeeded,0.9,1.0,-0.09999999999999998,0.09999999999999998,-0.09999999999999998,0.09999999999999998,492,538,10260,1,,1.0,The response answers all three parts of the question correctly.,training
4.2_LM_v1.0.2040,amem_no_feedback,amem,no_feedback,order_1,score,succeeded,0.5,0.5,0.0,0.0,0.0,0.0,2663,2699,15551,1,,0.5,"The response correctly states the advantage and the disadvantage of frame bursting. However, it does not contain a definition. Frame bursting reduces the overhead of transmitting small frames by concatenating a sequence of multiple frames in one single transmission.",training
4.2_LM_v1.0.108,no_memory,none,none,order_3,score,succeeded,0.85,1.0,-0.15000000000000002,0.15000000000000002,-0.15000000000000002,0.15000000000000002,325,391,11413,1,,1.0,"The response correctly states the definition of frame bursting, including its pros and cons.",unseen_answers
4.2_LM_v1.0.108,mem0_full,mem0,full,order_2,score,succeeded,0.75,1.0,-0.25,0.25,-0.25,0.25,586,651,13791,1,,1.0,"The response correctly states the definition of frame bursting, including its pros and cons.",unseen_answers
4.2_LM_v1.0.180,retrieval_full,retrieval,full,order_2,score,succeeded,1.0,1.0,0.0,0.0,0.0,0.0,4216,4249,12008,1,,1.0,The response answers all three parts of the question correctly.,unseen_answers
4.2_LM_v1.0.39,amem_full,amem,full,order_2,score,succeeded,1.0,1.0,0.0,0.0,0.0,0.0,7979,8006,10920,1,,1.0,"The response gives a correct definition of frame bursting, including its benefits and drawbacks.",unseen_answers
4.2_LM_v1.0.881,mem0_no_feedback,mem0,no_feedback,order_2,score,succeeded,1.0,1.0,0.0,0.0,0.0,0.0,459,484,13288,1,,1.0,"The response is correct as it correctly explains the concept of frame bursting, its advantage and disadvantage.",training
4.2_LM_v1.0.359,no_memory,none,none,order_3,score,succeeded,0.8,1.0,-0.19999999999999996,0.19999999999999996,-0.19999999999999996,0.19999999999999996,161,210,9626,1,,1.0,"The response gives a correct definition of frame bursting, its advantage and disadvantage.",unseen_answers
4.2_LM_v1.0.351,no_memory,none,none,order_3,score,succeeded,1.0,1.0,0.0,0.0,0.0,0.0,208,234,9079,1,,1.0,"The response correctly answers all three parts, the frame bursting definition, its advantage and disadvantage.",unseen_answers
4.2_LM_v1.0.39,no_memory,none,none,order_3,score,succeeded,1.0,1.0,0.0,0.0,0.0,0.0,256,286,9706,1,,1.0,"The response gives a correct definition of frame bursting, including its benefits and drawbacks.",unseen_answers
4.2_LM_v1.0.1320,mem0_no_feedback,mem0,no_feedback,order_2,score,succeeded,0.85,1.0,-0.15000000000000002,0.15000000000000002,-0.15000000000000002,0.15000000000000002,448,499,15946,1,,1.0,"The response gives the frame bursting definition, its advantage and disadvantage correctly.",training
4.2_LM_v1.0.351,amem_full,amem,full,order_2,score,succeeded,1.0,1.0,0.0,0.0,0.0,0.0,8380,8410,10236,1,,1.0,"The response correctly answers all three parts, the frame bursting definition, its advantage and disadvantage.",unseen_answers
4.2_LM_v1.0.1441,retrieval_no_feedback,retrieval,no_feedback,order_1,score,succeeded,1.0,1.0,0.0,0.0,0.0,0.0,3853,3897,20401,1,,1.0,The response correctly explains what frame bursting is and also provides the accurate advantage and disadvantage of it.,training
4.2_LM_v1.0.446,amem_no_feedback,amem,no_feedback,order_1,score,succeeded,1.0,1.0,0.0,0.0,0.0,0.0,8767,8797,13710,1,,1.0,"The response correctly explains the frame bursting definition, its advantage and disadvantage.",training
4.2_LM_v1.0.1926,amem_no_feedback,amem,no_feedback,order_3,score,succeeded,1.0,1.0,0.0,0.0,0.0,0.0,6786,6812,21247,1,,1.0,The response answers all three parts of the question correctly.,training
4.2_LM_v1.0.1271,mem0_no_feedback,mem0,no_feedback,order_2,score,succeeded,0.9,1.0,-0.09999999999999998,0.09999999999999998,-0.09999999999999998,0.09999999999999998,417,452,14177,1,,1.0,The response answers the question requirements correctly.,training
4.2_LM_v1.0.351,mem0_full,mem0,full,order_2,score,succeeded,1.0,1.0,0.0,0.0,0.0,0.0,469,499,11929,1,,1.0,"The response correctly answers all three parts, the frame bursting definition, its advantage and disadvantage.",unseen_answers
4.2_LM_v1.0.2067,retrieval_no_feedback,retrieval,no_feedback,order_3,score,succeeded,0.75,1.0,-0.25,0.25,-0.25,0.25,3273,3318,14513,1,,1.0,The response answers all three parts of the question correctly.,training
4.2_LM_v1.0.654,retrieval_no_feedback,retrieval,no_feedback,order_1,score,succeeded,1.0,1.0,0.0,0.0,0.0,0.0,3652,3684,19406,1,,1.0,"The response correctly explains the frame bursting concept, an advantage and a disadvantage.",training
4.2_LM_v1.0.87,retrieval_no_feedback,retrieval,no_feedback,order_3,score,succeeded,1.0,1.0,0.0,0.0,0.0,0.0,3442,3472,18986,1,,1.0,"The response correctly explains the frame bursting concept, its advantage and disadvantage.",training
4.2_LM_v1.0.115,no_memory,none,full,order_1,score,succeeded,1.0,1.0,0.0,0.0,0.0,0.0,196,228,11301,1,,1.0,The response correctly answers all three parts of the question.,training
4.2_LM_v1.0.388,retrieval_full,retrieval,full,order_1,score,succeeded,1.0,1.0,0.0,0.0,0.0,0.0,438,472,10911,1,,1.0,"The response correctly answers all three parts of the question with an example. However, the answer also states the 9% efficiency of carrier extension which is only valid in worst case scenario. The efficiency can be better based on how much data we are sending which can vary between 46-1500 bytes.",training
4.2_LM_v1.0.1926,retrieval_no_feedback,retrieval,no_feedback,order_1,score,succeeded,1.0,1.0,0.0,0.0,0.0,0.0,3378,3404,16037,1,,1.0,The response answers all three parts of the question correctly.,training
4.2_LM_v1.0.388,amem_full,amem,full,order_1,score,succeeded,1.0,1.0,0.0,0.0,0.0,0.0,599,630,12419,1,,1.0,"The response correctly answers all three parts of the question with an example. However, the answer also states the 9% efficiency of carrier extension which is only valid in worst case scenario. The efficiency can be better based on how much data we are sending which can vary between 46-1500 bytes.",training
4.2_LM_v1.0.115,mem0_full,mem0,full,order_1,score,succeeded,1.0,1.0,0.0,0.0,0.0,0.0,197,233,15499,1,,1.0,The response correctly answers all three parts of the question.,training
4.2_LM_v1.0.1385,amem_no_feedback,amem,no_feedback,order_1,score,succeeded,1.0,1.0,0.0,0.0,0.0,0.0,3279,3316,31075,1,,1.0,"The response states the correct definition of frame bursting, including its advantage and disadvantage.",training
4.2_LM_v1.0.115,retrieval_full,retrieval,full,order_1,score,succeeded,1.0,1.0,0.0,0.0,0.0,0.0,197,225,13833,1,,1.0,The response correctly answers all three parts of the question.,training
4.2_LM_v1.0.115,amem_full,amem,full,order_1,score,succeeded,1.0,1.0,0.0,0.0,0.0,0.0,197,227,14933,1,,1.0,The response correctly answers all three parts of the question.,training
4.2_LM_v1.0.1970,retrieval_full,retrieval,full,order_1,score,succeeded,1.0,0.75,0.25,0.25,0.25,0.25,700,730,17973,1,,0.75,The response answers the frame bursting definition and its advantage correctly. But the disadvantage part is not completely accurate as it states frame bursting can't be used if there are no frames in queue. The sender may need to wait in case there are not enough frames which will cause additional delay.,training
4.2_LM_v1.0.388,no_memory,none,full,order_1,score,succeeded,0.9,1.0,-0.09999999999999998,0.09999999999999998,-0.09999999999999998,0.09999999999999998,263,314,12321,1,,1.0,"The response correctly answers all three parts of the question with an example. However, the answer also states the 9% efficiency of carrier extension which is only valid in worst case scenario. The efficiency can be better based on how much data we are sending which can vary between 46-1500 bytes.",training
4.2_LM_v1.0.1970,no_memory,none,full,order_1,score,succeeded,1.0,0.75,0.25,0.25,0.25,0.25,233,281,15020,1,,0.75,The response answers the frame bursting definition and its advantage correctly. But the disadvantage part is not completely accurate as it states frame bursting can't be used if there are no frames in queue. The sender may need to wait in case there are not enough frames which will cause additional delay.,training
4.2_LM_v1.0.16,retrieval_full,retrieval,full,order_1,score,succeeded,0.75,1.0,-0.25,0.25,-0.25,0.25,892,932,12180,1,,1.0,The response answers all three parts of the question correctly.,training
4.2_LM_v1.0.16,no_memory,none,full,order_1,score,succeeded,1.0,1.0,0.0,0.0,0.0,0.0,168,202,13625,1,,1.0,The response answers all three parts of the question correctly.,training
4.2_LM_v1.0.1525,retrieval_no_feedback,retrieval,no_feedback,order_1,score,succeeded,0.5,0.75,-0.25,0.25,-0.25,0.25,3330,3363,14848,1,,0.75,"The response only states the frame bursting definition and its advantage, but is missing a disadvantage. There is a drawback when using frame bursting which is end to end delay. The sender may need to wait for a certain amount of frames to be collected and concatenated to a sequence of minimum length.",training
4.2_LM_v1.0.388,mem0_full,mem0,full,order_1,score,succeeded,0.9,1.0,-0.09999999999999998,0.09999999999999998,-0.09999999999999998,0.09999999999999998,549,594,12135,1,,1.0,"The response correctly answers all three parts of the question with an example. However, the answer also states the 9% efficiency of carrier extension which is only valid in worst case scenario. The efficiency can be better based on how much data we are sending which can vary between 46-1500 bytes.",training
4.2_LM_v1.0.252,retrieval_full,retrieval,full,order_1,score,succeeded,1.0,1.0,0.0,0.0,0.0,0.0,1131,1182,13400,1,,1.0,The response correctly explains the frame busting concept as well as its advantage and disadvantage.,training
4.2_LM_v1.0.143,mem0_no_feedback,mem0,no_feedback,order_2,score,succeeded,0.8,1.0,-0.19999999999999996,0.19999999999999996,-0.19999999999999996,0.19999999999999996,439,473,14498,1,,1.0,"The response gives the correct definition of frame bursting, including an advantage and a disadvantage.",training
4.2_LM_v1.0.1427,mem0_full,mem0,full,order_2,score,succeeded,0.9,1.0,-0.09999999999999998,0.09999999999999998,-0.09999999999999998,0.09999999999999998,480,523,13035,1,,1.0,"The response is correctly answers frame bursting definition, its advantage and disadvantage.",training
4.2_LM_v1.0.918,amem_full,amem,full,order_1,score,succeeded,1.0,1.0,0.0,0.0,0.0,0.0,7793,7818,10706,1,,1.0,"The response answer is correct as it contains an appropriate definition, advantage and disadvantage.",training
4.2_LM_v1.0.179,no_memory,none,none,order_3,score,succeeded,1.0,1.0,0.0,0.0,0.0,0.0,191,223,10332,1,,1.0,"The response answers the correct definition of frame bursting, its advantage and disadvantage.",unseen_answers
4.2_LM_v1.0.180,no_memory,none,none,order_3,score,succeeded,1.0,1.0,0.0,0.0,0.0,0.0,230,271,11577,1,,1.0,The response answers all three parts of the question correctly.,unseen_answers
4.2_LM_v1.0.213,no_memory,none,none,order_3,score,succeeded,0.9,1.0,-0.09999999999999998,0.09999999999999998,-0.09999999999999998,0.09999999999999998,201,247,9256,1,,1.0,The response correctly answers all three parts of the question.,unseen_answers
4.2_LM_v1.0.26,no_memory,none,none,order_3,score,succeeded,1.0,1.0,0.0,0.0,0.0,0.0,189,227,11024,1,,1.0,The response answers all three parts of the question correctly.,unseen_answers
4.2_LM_v1.0.1970,mem0_full,mem0,full,order_1,score,succeeded,1.0,0.75,0.25,0.25,0.25,0.25,519,550,14246,1,,0.75,The response answers the frame bursting definition and its advantage correctly. But the disadvantage part is not completely accurate as it states frame bursting can't be used if there are no frames in queue. The sender may need to wait in case there are not enough frames which will cause additional delay.,training
4.2_LM_v1.0.2047,retrieval_no_feedback,retrieval,no_feedback,order_3,score,succeeded,1.0,1.0,0.0,0.0,0.0,0.0,3561,3588,14817,1,,1.0,The response answers all three parts of the question accurately.,training
4.2_LM_v1.0.654,mem0_full,mem0,full,order_2,score,succeeded,0.8,1.0,-0.19999999999999996,0.19999999999999996,-0.19999999999999996,0.19999999999999996,463,507,15185,1,,1.0,"The response correctly explains the frame bursting concept, an advantage and a disadvantage.",training
4.2_LM_v1.0.333,mem0_full,mem0,full,order_2,score,succeeded,0.9,1.0,-0.09999999999999998,0.09999999999999998,-0.09999999999999998,0.09999999999999998,436,480,9363,1,,1.0,"The response correctly states the frame bursting definition, its advantage and disadvantage.",training
4.2_LM_v1.0.881,mem0_full,mem0,full,order_2,score,succeeded,1.0,1.0,0.0,0.0,0.0,0.0,455,490,10483,1,,1.0,"The response is correct as it correctly explains the concept of frame bursting, its advantage and disadvantage.",training
4.2_LM_v1.0.1984,mem0_full,mem0,full,order_2,score,succeeded,0.9,1.0,-0.09999999999999998,0.09999999999999998,-0.09999999999999998,0.09999999999999998,467,520,9599,1,,1.0,"The response correctly answers the frame bursting definition, its advantage and disadvantage.",training
4.2_LM_v1.0.1447,amem_full,amem,full,order_1,score,succeeded,1.0,1.0,0.0,0.0,0.0,0.0,7862,7901,11351,1,,1.0,The response correctly answers all three parts of the question.,training
4.2_LM_v1.0.1320,retrieval_no_feedback,retrieval,no_feedback,order_1,score,succeeded,1.0,1.0,0.0,0.0,0.0,0.0,3395,3426,13733,1,,1.0,"The response gives the frame bursting definition, its advantage and disadvantage correctly.",training
4.2_LM_v1.0.40,retrieval_no_feedback,retrieval,no_feedback,order_1,score,succeeded,1.0,1.0,0.0,0.0,0.0,0.0,3217,3245,15894,1,,1.0,The response correctly answers all three parts of the question.,training
4.2_LM_v1.0.1304,mem0_full,mem0,full,order_2,score,succeeded,0.85,0.75,0.09999999999999998,0.09999999999999998,0.09999999999999998,0.09999999999999998,558,610,9953,1,,0.75,"The response answers the advantage and disadvantage of frame bursting correctly. However, the definition part is partially correct as it mentions that there are 10 packets to be sent together, which is not true as there is no specification for the number of packets in a frame. Frame bursting is used to concatenate a sequence of multiple frames and transmitting them in one single transmission.",training
4.2_LM_v1.0.1441,mem0_full,mem0,full,order_2,score,succeeded,0.85,1.0,-0.15000000000000002,0.15000000000000002,-0.15000000000000002,0.15000000000000002,523,578,11932,1,,1.0,The response correctly explains what frame bursting is and also provides the accurate advantage and disadvantage of it.,training
4.2_LM_v1.0.87,mem0_full,mem0,full,order_2,score,succeeded,0.8,1.0,-0.19999999999999996,0.19999999999999996,-0.19999999999999996,0.19999999999999996,470,526,11383,1,,1.0,"The response correctly explains the frame bursting concept, its advantage and disadvantage.",training
4.2_LM_v1.0.1441,retrieval_no_feedback,retrieval,no_feedback,order_3,score,succeeded,1.0,1.0,0.0,0.0,0.0,0.0,3687,3713,11035,1,,1.0,The response correctly explains what frame bursting is and also provides the accurate advantage and disadvantage of it.,training
4.2_LM_v1.0.39,mem0_full,mem0,full,order_2,score,succeeded,0.9,1.0,-0.09999999999999998,0.09999999999999998,-0.09999999999999998,0.09999999999999998,517,556,11397,1,,1.0,"The response gives a correct definition of frame bursting, including its benefits and drawbacks.",unseen_answers
4.2_LM_v1.0.179,retrieval_full,retrieval,full,order_2,score,succeeded,1.0,1.0,0.0,0.0,0.0,0.0,3751,3782,10211,1,,1.0,"The response answers the correct definition of frame bursting, its advantage and disadvantage.",unseen_answers
4.2_LM_v1.0.316,mem0_full,mem0,full,order_2,score,succeeded,0.85,1.0,-0.15000000000000002,0.15000000000000002,-0.15000000000000002,0.15000000000000002,459,511,11402,1,,1.0,The response answers the question requirements correctly.,training
4.2_LM_v1.0.252,mem0_full,mem0,full,order_2,score,succeeded,0.9,1.0,-0.09999999999999998,0.09999999999999998,-0.09999999999999998,0.09999999999999998,521,580,10758,1,,1.0,The response correctly explains the frame busting concept as well as its advantage and disadvantage.,training
4.2_LM_v1.0.298,retrieval_full,retrieval,full,order_2,score,succeeded,1.0,1.0,0.0,0.0,0.0,0.0,4406,4436,10338,1,,1.0,The response is answering all three parts of the question correctly.,unseen_answers
4.2_LM_v1.0.213,amem_full,amem,full,order_2,score,succeeded,1.0,1.0,0.0,0.0,0.0,0.0,7844,7895,14308,1,,1.0,The response correctly answers all three parts of the question.,unseen_answers
4.2_LM_v1.0.446,retrieval_no_feedback,retrieval,no_feedback,order_1,score,succeeded,1.0,1.0,0.0,0.0,0.0,0.0,4137,4167,15522,1,,1.0,"The response correctly explains the frame bursting definition, its advantage and disadvantage.",training
4.2_LM_v1.0.446,amem_full,amem,full,order_1,score,succeeded,1.0,1.0,0.0,0.0,0.0,0.0,8864,8899,9935,1,,1.0,"The response correctly explains the frame bursting definition, its advantage and disadvantage.",training
4.2_LM_v1.0.1447,amem_full,amem,full,order_2,score,succeeded,1.0,1.0,0.0,0.0,0.0,0.0,2647,2679,10544,1,,1.0,The response correctly answers all three parts of the question.,training
4.2_LM_v1.0.881,mem0_full,mem0,full,order_3,score,succeeded,1.0,1.0,0.0,0.0,0.0,0.0,481,516,11177,1,,1.0,"The response is correct as it correctly explains the concept of frame bursting, its advantage and disadvantage.",training
4.2_LM_v1.0.1320,amem_full,amem,full,order_2,score,succeeded,1.0,1.0,0.0,0.0,0.0,0.0,894,923,11293,1,,1.0,"The response gives the frame bursting definition, its advantage and disadvantage correctly.",training
4.2_LM_v1.0.1525,amem_full,amem,full,order_2,score,succeeded,0.5,0.75,-0.25,0.25,-0.25,0.25,452,485,9524,1,,0.75,"The response only states the frame bursting definition and its advantage, but is missing a disadvantage. There is a drawback when using frame bursting which is end to end delay. The sender may need to wait for a certain amount of frames to be collected and concatenated to a sequence of minimum length.",training
4.2_LM_v1.0.180,amem_full,amem,full,order_2,score,succeeded,1.0,1.0,0.0,0.0,0.0,0.0,8799,8831,11035,1,,1.0,The response answers all three parts of the question correctly.,unseen_answers
4.2_LM_v1.0.2047,mem0_full,mem0,full,order_2,score,succeeded,0.85,1.0,-0.15000000000000002,0.15000000000000002,-0.15000000000000002,0.15000000000000002,418,447,9795,1,,1.0,The response answers all three parts of the question accurately.,training
4.2_LM_v1.0.2040,mem0_full,mem0,full,order_2,score,succeeded,0.5,0.5,0.0,0.0,0.0,0.0,396,435,10613,1,,0.5,"The response correctly states the advantage and the disadvantage of frame bursting. However, it does not contain a definition. Frame bursting reduces the overhead of transmitting small frames by concatenating a sequence of multiple frames in one single transmission.",training
4.2_LM_v1.0.16,mem0_full,mem0,full,order_2,score,succeeded,0.85,1.0,-0.15000000000000002,0.15000000000000002,-0.15000000000000002,0.15000000000000002,429,477,9357,1,,1.0,The response answers all three parts of the question correctly.,training
4.2_LM_v1.0.1525,retrieval_no_feedback,retrieval,no_feedback,order_2,score,succeeded,0.6,0.75,-0.15000000000000002,0.15000000000000002,-0.15000000000000002,0.15000000000000002,279,315,12737,1,,0.75,"The response only states the frame bursting definition and its advantage, but is missing a disadvantage. There is a drawback when using frame bursting which is end to end delay. The sender may need to wait for a certain amount of frames to be collected and concatenated to a sequence of minimum length.",training
4.2_LM_v1.0.180,mem0_full,mem0,full,order_2,score,succeeded,0.8,1.0,-0.19999999999999996,0.19999999999999996,-0.19999999999999996,0.19999999999999996,491,538,13823,1,,1.0,The response answers all three parts of the question correctly.,unseen_answers
4.2_LM_v1.0.1385,mem0_full,mem0,full,order_2,score,succeeded,0.95,1.0,-0.050000000000000044,0.050000000000000044,-0.050000000000000044,0.050000000000000044,511,557,10005,1,,1.0,"The response states the correct definition of frame bursting, including its advantage and disadvantage.",training
4.2_LM_v1.0.713,mem0_full,mem0,full,order_2,score,succeeded,0.75,0.75,0.0,0.0,0.0,0.0,456,506,12271,1,,0.75,"The disadvantage given is correct for frame bursting in general. However, if you use it as a substitution for carrier extension, the goal is to reach the minimum frame length/transmission time needed for collisions to be detectable. Therefore, increasing transmission time is not a disadvantage in this case. Apart from that, the answer is correct.",training
4.2_LM_v1.0.26,amem_full,amem,full,order_2,score,succeeded,1.0,1.0,0.0,0.0,0.0,0.0,8361,8391,11492,1,,1.0,The response answers all three parts of the question correctly.,unseen_answers
4.2_LM_v1.0.108,retrieval_full,retrieval,full,order_3,score,succeeded,1.0,1.0,0.0,0.0,0.0,0.0,4386,4421,12091,1,,1.0,"The response correctly states the definition of frame bursting, including its pros and cons.",unseen_answers
4.2_LM_v1.0.1984,mem0_full,mem0,full,order_3,score,succeeded,0.9,1.0,-0.09999999999999998,0.09999999999999998,-0.09999999999999998,0.09999999999999998,493,534,10886,1,,1.0,"The response correctly answers the frame bursting definition, its advantage and disadvantage.",training
4.2_LM_v1.0.213,mem0_full,mem0,full,order_2,score,succeeded,0.8,1.0,-0.19999999999999996,0.19999999999999996,-0.19999999999999996,0.19999999999999996,462,510,10617,1,,1.0,The response correctly answers all three parts of the question.,unseen_answers
4.2_LM_v1.0.179,amem_full,amem,full,order_2,score,succeeded,1.0,1.0,0.0,0.0,0.0,0.0,7872,7903,17560,1,,1.0,"The response answers the correct definition of frame bursting, its advantage and disadvantage.",unseen_answers
4.2_LM_v1.0.40,mem0_full,mem0,full,order_3,score,succeeded,0.8,1.0,-0.19999999999999996,0.19999999999999996,-0.19999999999999996,0.19999999999999996,444,495,11448,1,,1.0,The response correctly answers all three parts of the question.,training
4.2_LM_v1.0.1441,retrieval_no_feedback,retrieval,no_feedback,order_2,score,succeeded,1.0,1.0,0.0,0.0,0.0,0.0,3883,3929,15745,1,,1.0,The response correctly explains what frame bursting is and also provides the accurate advantage and disadvantage of it.,training
4.2_LM_v1.0.1271,mem0_full,mem0,full,order_3,score,succeeded,0.9,1.0,-0.09999999999999998,0.09999999999999998,-0.09999999999999998,0.09999999999999998,442,472,9497,1,,1.0,The response answers the question requirements correctly.,training
4.2_LM_v1.0.918,mem0_full,mem0,full,order_3,score,succeeded,0.8,1.0,-0.19999999999999996,0.19999999999999996,-0.19999999999999996,0.19999999999999996,451,496,12403,1,,1.0,"The response answer is correct as it contains an appropriate definition, advantage and disadvantage.",training
4.2_LM_v1.0.1970,retrieval_no_feedback,retrieval,no_feedback,order_3,score,succeeded,1.0,0.75,0.25,0.25,0.25,0.25,3535,3568,12814,1,,0.75,The response answers the frame bursting definition and its advantage correctly. But the disadvantage part is not completely accurate as it states frame bursting can't be used if there are no frames in queue. The sender may need to wait in case there are not enough frames which will cause additional delay.,training
4.2_LM_v1.0.1315,retrieval_no_feedback,retrieval,no_feedback,order_2,score,succeeded,1.0,1.0,0.0,0.0,0.0,0.0,3735,3764,16753,1,,1.0,"The response correctly explains the concept of frame bursting, its advantages and disadvantages.",training
4.2_LM_v1.0.1984,retrieval_no_feedback,retrieval,no_feedback,order_2,score,succeeded,1.0,1.0,0.0,0.0,0.0,0.0,3881,3910,15261,1,,1.0,"The response correctly answers the frame bursting definition, its advantage and disadvantage.",training
4.2_LM_v1.0.316,retrieval_no_feedback,retrieval,no_feedback,order_2,score,succeeded,1.0,1.0,0.0,0.0,0.0,0.0,3636,3662,17800,1,,1.0,The response answers the question requirements correctly.,training
4.2_LM_v1.0.252,retrieval_no_feedback,retrieval,no_feedback,order_2,score,succeeded,1.0,1.0,0.0,0.0,0.0,0.0,3883,3916,22112,1,,1.0,The response correctly explains the frame busting concept as well as its advantage and disadvantage.,training
4.2_LM_v1.0.1271,amem_no_feedback,amem,no_feedback,order_1,score,succeeded,1.0,1.0,0.0,0.0,0.0,0.0,7449,7474,14233,1,,1.0,The response answers the question requirements correctly.,training
4.2_LM_v1.0.87,retrieval_no_feedback,retrieval,no_feedback,order_2,score,succeeded,1.0,1.0,0.0,0.0,0.0,0.0,3850,3877,21547,1,,1.0,"The response correctly explains the frame bursting concept, its advantage and disadvantage.",training
4.2_LM_v1.0.277,amem_no_feedback,amem,no_feedback,order_3,score,succeeded,1.0,1.0,0.0,0.0,0.0,0.0,6790,6826,11749,1,,1.0,"The response correctly explains the frame bursting concept, including its advantage and disadvantage.",training
4.2_LM_v1.0.2047,retrieval_no_feedback,retrieval,no_feedback,order_2,score,succeeded,1.0,1.0,0.0,0.0,0.0,0.0,3325,3352,12991,1,,1.0,The response answers all three parts of the question accurately.,training
4.2_LM_v1.0.16,retrieval_no_feedback,retrieval,no_feedback,order_2,score,succeeded,1.0,1.0,0.0,0.0,0.0,0.0,3417,3444,12254,1,,1.0,The response answers all three parts of the question correctly.,training
4.2_LM_v1.0.1654,mem0_no_feedback,mem0,no_feedback,order_3,score,succeeded,0.85,1.0,-0.15000000000000002,0.15000000000000002,-0.15000000000000002,0.15000000000000002,439,475,14227,1,,1.0,The response answers all parts of the question correctly.,training
4.2_LM_v1.0.1385,retrieval_no_feedback,retrieval,no_feedback,order_2,score,succeeded,1.0,1.0,0.0,0.0,0.0,0.0,3286,3316,17217,1,,1.0,"The response states the correct definition of frame bursting, including its advantage and disadvantage.",training
4.2_LM_v1.0.1304,mem0_full,mem0,full,order_3,score,succeeded,0.85,0.75,0.09999999999999998,0.09999999999999998,0.09999999999999998,0.09999999999999998,584,636,9765,1,,0.75,"The response answers the advantage and disadvantage of frame bursting correctly. However, the definition part is partially correct as it mentions that there are 10 packets to be sent together, which is not true as there is no specification for the number of packets in a frame. Frame bursting is used to concatenate a sequence of multiple frames and transmitting them in one single transmission.",training
4.2_LM_v1.0.298,mem0_full,mem0,full,order_2,score,succeeded,0.9,1.0,-0.09999999999999998,0.09999999999999998,-0.09999999999999998,0.09999999999999998,482,538,13391,1,,1.0,The response is answering all three parts of the question correctly.,unseen_answers
4.2_LM_v1.0.359,retrieval_full,retrieval,full,order_3,score,succeeded,1.0,1.0,0.0,0.0,0.0,0.0,3597,3629,13866,1,,1.0,"The response gives a correct definition of frame bursting, its advantage and disadvantage.",unseen_answers
4.2_LM_v1.0.180,retrieval_full,retrieval,full,order_3,score,succeeded,1.0,1.0,0.0,0.0,0.0,0.0,4216,4242,8927,1,,1.0,The response answers all three parts of the question correctly.,unseen_answers
4.2_LM_v1.0.1630,mem0_full,mem0,full,order_3,score,succeeded,0.9,1.0,-0.09999999999999998,0.09999999999999998,-0.09999999999999998,0.09999999999999998,534,581,11069,1,,1.0,The response answers all the three parts of the question correctly.,training
4.2_LM_v1.0.1654,mem0_full,mem0,full,order_3,score,succeeded,0.9,1.0,-0.09999999999999998,0.09999999999999998,-0.09999999999999998,0.09999999999999998,459,499,9352,1,,1.0,The response answers all parts of the question correctly.,training
4.2_LM_v1.0.26,mem0_full,mem0,full,order_2,score,succeeded,0.95,1.0,-0.050000000000000044,0.050000000000000044,-0.050000000000000044,0.050000000000000044,450,498,16689,1,,1.0,The response answers all three parts of the question correctly.,unseen_answers
4.2_LM_v1.0.351,retrieval_full,retrieval,full,order_3,score,succeeded,1.0,1.0,0.0,0.0,0.0,0.0,4239,4268,10518,1,,1.0,"The response correctly answers all three parts, the frame bursting definition, its advantage and disadvantage.",unseen_answers
4.2_LM_v1.0.298,retrieval_full,retrieval,full,order_3,score,succeeded,1.0,1.0,0.0,0.0,0.0,0.0,4406,4439,8933,1,,1.0,The response is answering all three parts of the question correctly.,unseen_answers
4.2_LM_v1.0.640,amem_full,amem,full,order_2,score,succeeded,0.85,0.5,0.35,0.35,0.35,0.35,3449,3498,12447,1,,0.5,"The response answers the advantage and disadvantage part correctly. However, the definition is incorrect as it contains details, such as a maximal burst of three packets and a recommendation not to use it with more than 3 clients, that do not hold for frame bursting in general.",training
4.2_LM_v1.0.252,mem0_full,mem0,full,order_3,score,succeeded,0.95,1.0,-0.050000000000000044,0.050000000000000044,-0.050000000000000044,0.050000000000000044,547,594,9607,1,,1.0,The response correctly explains the frame busting concept as well as its advantage and disadvantage.,training
4.2_LM_v1.0.2040,mem0_full,mem0,full,order_3,score,succeeded,0.6,0.5,0.09999999999999998,0.09999999999999998,0.09999999999999998,0.09999999999999998,425,464,9270,1,,0.5,"The response correctly states the advantage and the disadvantage of frame bursting. However, it does not contain a definition. Frame bursting reduces the overhead of transmitting small frames by concatenating a sequence of multiple frames in one single transmission.",training
4.2_LM_v1.0.1441,amem_no_feedback,amem,no_feedback,order_1,score,succeeded,0.9,1.0,-0.09999999999999998,0.09999999999999998,-0.09999999999999998,0.09999999999999998,8377,8423,17085,1,,1.0,The response correctly explains what frame bursting is and also provides the accurate advantage and disadvantage of it.,training
4.2_LM_v1.0.115,amem_full,amem,full,order_2,score,succeeded,1.0,1.0,0.0,0.0,0.0,0.0,4212,4243,10870,1,,1.0,The response correctly answers all three parts of the question.,training
4.2_LM_v1.0.1601,mem0_full,mem0,full,order_3,score,succeeded,0.75,1.0,-0.25,0.25,-0.25,0.25,521,575,9608,1,,1.0,"The response correctly states the frame bursting definition, its advantage and disadvantage.",training
4.2_LM_v1.0.370,mem0_full,mem0,full,order_3,score,succeeded,0.95,1.0,-0.050000000000000044,0.050000000000000044,-0.050000000000000044,0.050000000000000044,471,513,12761,1,,1.0,The response correctly answers all three parts of the question.,training
4.2_LM_v1.0.316,mem0_full,mem0,full,order_3,score,succeeded,0.85,1.0,-0.15000000000000002,0.15000000000000002,-0.15000000000000002,0.15000000000000002,482,525,9318,1,,1.0,The response answers the question requirements correctly.,training
4.2_LM_v1.0.713,retrieval_no_feedback,retrieval,no_feedback,order_2,score,succeeded,1.0,0.75,0.25,0.25,0.25,0.25,3256,3294,13856,1,,0.75,"The disadvantage given is correct for frame bursting in general. However, if you use it as a substitution for carrier extension, the goal is to reach the minimum frame length/transmission time needed for collisions to be detectable. Therefore, increasing transmission time is not a disadvantage in this case. Apart from that, the answer is correct.",training
4.2_LM_v1.0.1601,amem_full,amem,full,order_2,score,succeeded,1.0,1.0,0.0,0.0,0.0,0.0,5086,5119,12939,1,,1.0,"The response correctly states the frame bursting definition, its advantage and disadvantage.",training
4.2_LM_v1.0.388,mem0_full,mem0,full,order_3,score,succeeded,0.9,1.0,-0.09999999999999998,0.09999999999999998,-0.09999999999999998,0.09999999999999998,550,597,10230,1,,1.0,"The response correctly answers all three parts of the question with an example. However, the answer also states the 9% efficiency of carrier extension which is only valid in worst case scenario. The efficiency can be better based on how much data we are sending which can vary between 46-1500 bytes.",training
4.2_LM_v1.0.1190,mem0_full,mem0,full,order_3,score,succeeded,0.9,1.0,-0.09999999999999998,0.09999999999999998,-0.09999999999999998,0.09999999999999998,479,521,9617,1,,1.0,"The response correctly states the frame bursting definition, advantage and disadvantage.",training
4.2_LM_v1.0.2067,mem0_full,mem0,full,order_3,score,succeeded,0.8,1.0,-0.19999999999999996,0.19999999999999996,-0.19999999999999996,0.19999999999999996,472,525,10124,1,,1.0,The response answers all three parts of the question correctly.,training
4.2_LM_v1.0.1441,mem0_full,mem0,full,order_3,score,succeeded,0.9,1.0,-0.09999999999999998,0.09999999999999998,-0.09999999999999998,0.09999999999999998,549,600,12437,1,,1.0,The response correctly explains what frame bursting is and also provides the accurate advantage and disadvantage of it.,training
4.2_LM_v1.0.87,mem0_full,mem0,full,order_3,score,succeeded,0.85,1.0,-0.15000000000000002,0.15000000000000002,-0.15000000000000002,0.15000000000000002,496,547,10983,1,,1.0,"The response correctly explains the frame bursting concept, its advantage and disadvantage.",training
4.2_LM_v1.0.388,amem_full,amem,full,order_2,score,succeeded,1.0,1.0,0.0,0.0,0.0,0.0,6124,6154,12959,1,,1.0,"The response correctly answers all three parts of the question with an example. However, the answer also states the 9% efficiency of carrier extension which is only valid in worst case scenario. The efficiency can be better based on how much data we are sending which can vary between 46-1500 bytes.",training
4.2_LM_v1.0.333,mem0_full,mem0,full,order_3,score,succeeded,0.9,1.0,-0.09999999999999998,0.09999999999999998,-0.09999999999999998,0.09999999999999998,462,509,11611,1,,1.0,"The response correctly states the frame bursting definition, its advantage and disadvantage.",training
4.2_LM_v1.0.370,retrieval_no_feedback,retrieval,no_feedback,order_3,score,succeeded,1.0,1.0,0.0,0.0,0.0,0.0,2122,2151,16034,1,,1.0,The response correctly answers all three parts of the question.,training
4.2_LM_v1.0.1029,amem_no_feedback,amem,no_feedback,order_3,score,succeeded,0.9,1.0,-0.09999999999999998,0.09999999999999998,-0.09999999999999998,0.09999999999999998,6794,6836,16750,1,,1.0,The response answers all three parts of the question correctly.,training
4.2_LM_v1.0.1320,mem0_full,mem0,full,order_3,score,succeeded,0.95,1.0,-0.050000000000000044,0.050000000000000044,-0.050000000000000044,0.050000000000000044,470,498,10542,1,,1.0,"The response gives the frame bursting definition, its advantage and disadvantage correctly.",training
4.2_LM_v1.0.277,amem_full,amem,full,order_2,score,succeeded,1.0,1.0,0.0,0.0,0.0,0.0,6672,6703,11808,1,,1.0,"The response correctly explains the frame bursting concept, including its advantage and disadvantage.",training
4.2_LM_v1.0.298,amem_no_feedback,amem,no_feedback,order_3,score,succeeded,1.0,1.0,0.0,0.0,0.0,0.0,7942,7970,12168,1,,1.0,The response is answering all three parts of the question correctly.,unseen_answers
4.2_LM_v1.0.881,retrieval_full,retrieval,full,order_1,score,succeeded,1.0,1.0,0.0,0.0,0.0,0.0,3881,3913,14229,1,,1.0,"The response is correct as it correctly explains the concept of frame bursting, its advantage and disadvantage.",training
4.2_LM_v1.0.370,retrieval_full,retrieval,full,order_1,score,succeeded,1.0,1.0,0.0,0.0,0.0,0.0,4391,4423,16345,1,,1.0,The response correctly answers all three parts of the question.,training
4.2_LM_v1.0.1029,retrieval_full,retrieval,full,order_1,score,succeeded,0.9,1.0,-0.09999999999999998,0.09999999999999998,-0.09999999999999998,0.09999999999999998,4059,4096,19101,1,,1.0,The response answers all three parts of the question correctly.,training
4.2_LM_v1.0.1385,amem_no_feedback,amem,no_feedback,order_3,score,succeeded,1.0,1.0,0.0,0.0,0.0,0.0,6956,6986,15010,1,,1.0,"The response states the correct definition of frame bursting, including its advantage and disadvantage.",training
4.2_LM_v1.0.2067,mem0_full,mem0,full,order_1,score,succeeded,0.7,1.0,-0.30000000000000004,0.30000000000000004,-0.30000000000000004,0.30000000000000004,474,535,16107,1,,1.0,The response answers all three parts of the question correctly.,training
4.2_LM_v1.0.1926,retrieval_full,retrieval,full,order_1,score,succeeded,1.0,1.0,0.0,0.0,0.0,0.0,3916,3945,10497,1,,1.0,The response answers all three parts of the question correctly.,training
4.2_LM_v1.0.316,retrieval_full,retrieval,full,order_1,score,succeeded,1.0,1.0,0.0,0.0,0.0,0.0,4096,4132,12483,1,,1.0,The response answers the question requirements correctly.,training
4.2_LM_v1.0.1315,retrieval_full,retrieval,full,order_1,score,succeeded,1.0,1.0,0.0,0.0,0.0,0.0,4410,4440,10050,1,,1.0,"The response correctly explains the concept of frame bursting, its advantages and disadvantages.",training
4.2_LM_v1.0.446,retrieval_full,retrieval,full,order_1,score,succeeded,1.0,1.0,0.0,0.0,0.0,0.0,4706,4736,12429,1,,1.0,"The response correctly explains the frame bursting definition, its advantage and disadvantage.",training
4.2_LM_v1.0.1926,mem0_no_feedback,mem0,no_feedback,order_2,score,succeeded,0.7,1.0,-0.30000000000000004,0.30000000000000004,-0.30000000000000004,0.30000000000000004,432,483,16499,1,,1.0,The response answers all three parts of the question correctly.,training
4.2_LM_v1.0.1320,retrieval_no_feedback,retrieval,no_feedback,order_3,score,succeeded,1.0,1.0,0.0,0.0,0.0,0.0,3319,3344,16240,1,,1.0,"The response gives the frame bursting definition, its advantage and disadvantage correctly.",training
4.2_LM_v1.0.1304,amem_full,amem,full,order_1,score,succeeded,1.0,0.75,0.25,0.25,0.25,0.25,2426,2467,10933,1,,0.75,"The response answers the advantage and disadvantage of frame bursting correctly. However, the definition part is partially correct as it mentions that there are 10 packets to be sent together, which is not true as there is no specification for the number of packets in a frame. Frame bursting is used to concatenate a sequence of multiple frames and transmitting them in one single transmission.",training
4.2_LM_v1.0.2040,amem_full,amem,full,order_1,score,succeeded,0.67,0.5,0.17000000000000004,0.17000000000000004,0.17000000000000004,0.17000000000000004,2751,2779,11088,1,,0.5,"The response correctly states the advantage and the disadvantage of frame bursting. However, it does not contain a definition. Frame bursting reduces the overhead of transmitting small frames by concatenating a sequence of multiple frames in one single transmission.",training
4.2_LM_v1.0.1385,amem_full,amem,full,order_1,score,succeeded,1.0,1.0,0.0,0.0,0.0,0.0,3508,3538,13648,1,,1.0,"The response states the correct definition of frame bursting, including its advantage and disadvantage.",training
4.2_LM_v1.0.1315,mem0_full,mem0,full,order_1,score,succeeded,0.8,1.0,-0.19999999999999996,0.19999999999999996,-0.19999999999999996,0.19999999999999996,627,672,11432,1,,1.0,"The response correctly explains the concept of frame bursting, its advantages and disadvantages.",training
4.2_LM_v1.0.143,amem_full,amem,full,order_1,score,succeeded,1.0,1.0,0.0,0.0,0.0,0.0,5227,5254,12826,1,,1.0,"The response gives the correct definition of frame bursting, including an advantage and a disadvantage.",training
4.2_LM_v1.0.1984,amem_full,amem,full,order_1,score,succeeded,1.0,1.0,0.0,0.0,0.0,0.0,6154,6185,12185,1,,1.0,"The response correctly answers the frame bursting definition, its advantage and disadvantage.",training
4.2_LM_v1.0.1816,amem_full,amem,full,order_1,score,succeeded,1.0,1.0,0.0,0.0,0.0,0.0,6867,6903,11429,1,,1.0,The response answers all three parts of the question correctly.,training
4.2_LM_v1.0.1271,amem_full,amem,full,order_1,score,succeeded,1.0,1.0,0.0,0.0,0.0,0.0,7585,7611,10570,1,,1.0,The response answers the question requirements correctly.,training
4.2_LM_v1.0.1441,amem_full,amem,full,order_1,score,succeeded,0.9,1.0,-0.09999999999999998,0.09999999999999998,-0.09999999999999998,0.09999999999999998,8478,8524,11368,1,,1.0,The response correctly explains what frame bursting is and also provides the accurate advantage and disadvantage of it.,training
4.2_LM_v1.0.713,amem_full,amem,full,order_1,score,succeeded,1.0,0.75,0.25,0.25,0.25,0.25,8032,8081,16995,1,,0.75,"The disadvantage given is correct for frame bursting in general. However, if you use it as a substitution for carrier extension, the goal is to reach the minimum frame length/transmission time needed for collisions to be detectable. Therefore, increasing transmission time is not a disadvantage in this case. Apart from that, the answer is correct.",training
4.2_LM_v1.0.333,amem_full,amem,full,order_1,score,succeeded,1.0,1.0,0.0,0.0,0.0,0.0,8119,8148,11399,1,,1.0,"The response correctly states the frame bursting definition, its advantage and disadvantage.",training
4.2_LM_v1.0.1926,amem_full,amem,full,order_1,score,succeeded,1.0,1.0,0.0,0.0,0.0,0.0,7953,7984,11471,1,,1.0,The response answers all three parts of the question correctly.,training
4.2_LM_v1.0.1654,amem_full,amem,full,order_1,score,succeeded,1.0,1.0,0.0,0.0,0.0,0.0,8035,8067,9988,1,,1.0,The response answers all parts of the question correctly.,training
4.2_LM_v1.0.1029,amem_no_feedback,amem,no_feedback,order_1,score,succeeded,0.9,1.0,-0.09999999999999998,0.09999999999999998,-0.09999999999999998,0.09999999999999998,7806,7847,19876,1,,1.0,The response answers all three parts of the question correctly.,training
4.2_LM_v1.0.1320,amem_full,amem,full,order_1,score,succeeded,1.0,1.0,0.0,0.0,0.0,0.0,7951,7986,12395,1,,1.0,"The response gives the frame bursting definition, its advantage and disadvantage correctly.",training
4.2_LM_v1.0.1315,amem_full,amem,full,order_1,score,succeeded,1.0,1.0,0.0,0.0,0.0,0.0,7756,7786,11531,1,,1.0,"The response correctly explains the concept of frame bursting, its advantages and disadvantages.",training
4.2_LM_v1.0.87,amem_full,amem,full,order_1,score,succeeded,1.0,1.0,0.0,0.0,0.0,0.0,8515,8552,11619,1,,1.0,"The response correctly explains the frame bursting concept, its advantage and disadvantage.",training
4.2_LM_v1.0.40,amem_full,amem,full,order_1,score,succeeded,1.0,1.0,0.0,0.0,0.0,0.0,7697,7725,9977,1,,1.0,The response correctly answers all three parts of the question.,training
4.2_LM_v1.0.640,retrieval_no_feedback,retrieval,no_feedback,order_3,score,succeeded,0.9,0.5,0.4,0.4,0.4,0.4,3304,3353,13956,1,,0.5,"The response answers the advantage and disadvantage part correctly. However, the definition is incorrect as it contains details, such as a maximal burst of three packets and a recommendation not to use it with more than 3 clients, that do not hold for frame bursting in general.",training
4.2_LM_v1.0.277,retrieval_no_feedback,retrieval,no_feedback,order_1,score,succeeded,1.0,1.0,0.0,0.0,0.0,0.0,2661,2691,9405,1,,1.0,"The response correctly explains the frame bursting concept, including its advantage and disadvantage.",training
4.2_LM_v1.0.1427,retrieval_no_feedback,retrieval,no_feedback,order_1,score,succeeded,1.0,1.0,0.0,0.0,0.0,0.0,3631,3660,14513,1,,1.0,"The response is correctly answers frame bursting definition, its advantage and disadvantage.",training
4.2_LM_v1.0.713,retrieval_no_feedback,retrieval,no_feedback,order_1,score,succeeded,0.75,0.75,0.0,0.0,0.0,0.0,3549,3597,18510,1,,0.75,"The disadvantage given is correct for frame bursting in general. However, if you use it as a substitution for carrier extension, the goal is to reach the minimum frame length/transmission time needed for collisions to be detectable. Therefore, increasing transmission time is not a disadvantage in this case. Apart from that, the answer is correct.",training
4.2_LM_v1.0.713,retrieval_no_feedback,retrieval,no_feedback,order_3,score,succeeded,1.0,0.75,0.25,0.25,0.25,0.25,3254,3302,16176,1,,0.75,"The disadvantage given is correct for frame bursting in general. However, if you use it as a substitution for carrier extension, the goal is to reach the minimum frame length/transmission time needed for collisions to be detectable. Therefore, increasing transmission time is not a disadvantage in this case. Apart from that, the answer is correct.",training
4.2_LM_v1.0.1427,retrieval_no_feedback,retrieval,no_feedback,order_3,score,succeeded,1.0,1.0,0.0,0.0,0.0,0.0,3591,3620,14059,1,,1.0,"The response is correctly answers frame bursting definition, its advantage and disadvantage.",training
4.2_LM_v1.0.1029,retrieval_no_feedback,retrieval,no_feedback,order_1,score,succeeded,1.0,1.0,0.0,0.0,0.0,0.0,3496,3536,17860,1,,1.0,The response answers all three parts of the question correctly.,training
4.2_LM_v1.0.87,retrieval_no_feedback,retrieval,no_feedback,order_1,score,succeeded,1.0,1.0,0.0,0.0,0.0,0.0,3814,3850,15685,1,,1.0,"The response correctly explains the frame bursting concept, its advantage and disadvantage.",training
4.2_LM_v1.0.1447,retrieval_no_feedback,retrieval,no_feedback,order_1,score,succeeded,1.0,1.0,0.0,0.0,0.0,0.0,3540,3570,12566,1,,1.0,The response correctly answers all three parts of the question.,training
4.2_LM_v1.0.694,mem0_no_feedback,mem0,no_feedback,order_1,score,succeeded,0.9,1.0,-0.09999999999999998,0.09999999999999998,-0.09999999999999998,0.09999999999999998,617,662,19869,1,,1.0,"The response correctly explains the definition of frame bursting, including an advantage and a disadvantage.",training
4.2_LM_v1.0.654,mem0_no_feedback,mem0,no_feedback,order_1,score,succeeded,0.9,1.0,-0.09999999999999998,0.09999999999999998,-0.09999999999999998,0.09999999999999998,488,549,19447,1,,1.0,"The response correctly explains the frame bursting concept, an advantage and a disadvantage.",training
4.2_LM_v1.0.1447,mem0_no_feedback,mem0,no_feedback,order_2,score,succeeded,0.9,1.0,-0.09999999999999998,0.09999999999999998,-0.09999999999999998,0.09999999999999998,472,516,12301,1,,1.0,The response correctly answers all three parts of the question.,training
4.2_LM_v1.0.1320,mem0_no_feedback,mem0,no_feedback,order_1,score,succeeded,0.85,1.0,-0.15000000000000002,0.15000000000000002,-0.15000000000000002,0.15000000000000002,469,510,25381,1,,1.0,"The response gives the frame bursting definition, its advantage and disadvantage correctly.",training
4.2_LM_v1.0.40,mem0_no_feedback,mem0,no_feedback,order_1,score,succeeded,0.8,1.0,-0.19999999999999996,0.19999999999999996,-0.19999999999999996,0.19999999999999996,443,477,26066,1,,1.0,The response correctly answers all three parts of the question.,training
4.2_LM_v1.0.16,amem_no_feedback,amem,no_feedback,order_1,score,succeeded,1.0,1.0,0.0,0.0,0.0,0.0,1375,1412,10390,1,,1.0,The response answers all three parts of the question correctly.,training
4.2_LM_v1.0.1304,amem_no_feedback,amem,no_feedback,order_1,score,succeeded,0.9,0.75,0.15000000000000002,0.15000000000000002,0.15000000000000002,0.15000000000000002,2314,2355,14020,1,,0.75,"The response answers the advantage and disadvantage of frame bursting correctly. However, the definition part is partially correct as it mentions that there are 10 packets to be sent together, which is not true as there is no specification for the number of packets in a frame. Frame bursting is used to concatenate a sequence of multiple frames and transmitting them in one single transmission.",training
4.2_LM_v1.0.2047,amem_no_feedback,amem,no_feedback,order_1,score,succeeded,1.0,1.0,0.0,0.0,0.0,0.0,2895,2921,18762,1,,1.0,The response answers all three parts of the question accurately.,training
4.2_LM_v1.0.640,amem_no_feedback,amem,no_feedback,order_1,score,succeeded,0.75,0.5,0.25,0.25,0.25,0.25,3684,3727,21797,1,,0.5,"The response answers the advantage and disadvantage part correctly. However, the definition is incorrect as it contains details, such as a maximal burst of three packets and a recommendation not to use it with more than 3 clients, that do not hold for frame bursting in general.",training
4.2_LM_v1.0.694,amem_no_feedback,amem,no_feedback,order_1,score,succeeded,1.0,1.0,0.0,0.0,0.0,0.0,4567,4609,17635,1,,1.0,"The response correctly explains the definition of frame bursting, including an advantage and a disadvantage.",training
4.2_LM_v1.0.277,amem_no_feedback,amem,no_feedback,order_1,score,succeeded,1.0,1.0,0.0,0.0,0.0,0.0,5461,5491,17907,1,,1.0,"The response correctly explains the frame bursting concept, including its advantage and disadvantage.",training
4.2_LM_v1.0.1190,amem_no_feedback,amem,no_feedback,order_1,score,succeeded,0.8,1.0,-0.19999999999999996,0.19999999999999996,-0.19999999999999996,0.19999999999999996,6228,6272,20094,1,,1.0,"The response correctly states the frame bursting definition, advantage and disadvantage.",training
4.2_LM_v1.0.1427,amem_no_feedback,amem,no_feedback,order_1,score,succeeded,1.0,1.0,0.0,0.0,0.0,0.0,7853,7884,27390,1,,1.0,"The response is correctly answers frame bursting definition, its advantage and disadvantage.",training
4.2_LM_v1.0.1630,amem_no_feedback,amem,no_feedback,order_1,score,succeeded,1.0,1.0,0.0,0.0,0.0,0.0,8460,8498,18440,1,,1.0,The response answers all the three parts of the question correctly.,training
4.2_LM_v1.0.333,amem_no_feedback,amem,no_feedback,order_1,score,succeeded,1.0,1.0,0.0,0.0,0.0,0.0,7980,8008,15941,1,,1.0,"The response correctly states the frame bursting definition, its advantage and disadvantage.",training
4.2_LM_v1.0.1926,amem_no_feedback,amem,no_feedback,order_1,score,succeeded,1.0,1.0,0.0,0.0,0.0,0.0,7715,7746,20511,1,,1.0,The response answers all three parts of the question correctly.,training
4.2_LM_v1.0.654,amem_no_feedback,amem,no_feedback,order_1,score,succeeded,1.0,1.0,0.0,0.0,0.0,0.0,8086,8125,14515,1,,1.0,"The response correctly explains the frame bursting concept, an advantage and a disadvantage.",training
4.2_LM_v1.0.1654,amem_no_feedback,amem,no_feedback,order_1,score,succeeded,1.0,1.0,0.0,0.0,0.0,0.0,7726,7751,13357,1,,1.0,The response answers all parts of the question correctly.,training
4.2_LM_v1.0.1320,amem_no_feedback,amem,no_feedback,order_1,score,succeeded,1.0,1.0,0.0,0.0,0.0,0.0,7879,7911,13101,1,,1.0,"The response gives the frame bursting definition, its advantage and disadvantage correctly.",training
4.2_LM_v1.0.1315,amem_no_feedback,amem,no_feedback,order_1,score,succeeded,1.0,1.0,0.0,0.0,0.0,0.0,8099,8135,16984,1,,1.0,"The response correctly explains the concept of frame bursting, its advantages and disadvantages.",training
4.2_LM_v1.0.918,amem_no_feedback,amem,no_feedback,order_1,score,succeeded,1.0,1.0,0.0,0.0,0.0,0.0,7599,7624,14548,1,,1.0,"The response answer is correct as it contains an appropriate definition, advantage and disadvantage.",training
4.2_LM_v1.0.115,retrieval_no_feedback,retrieval,no_feedback,order_3,score,succeeded,1.0,1.0,0.0,0.0,0.0,0.0,3218,3247,14689,1,,1.0,The response correctly answers all three parts of the question.,training
4.2_LM_v1.0.1447,retrieval_no_feedback,retrieval,no_feedback,order_3,score,succeeded,1.0,1.0,0.0,0.0,0.0,0.0,3267,3294,14386,1,,1.0,The response correctly answers all three parts of the question.,training
4.2_LM_v1.0.640,retrieval_full,retrieval,full,order_2,score,succeeded,0.75,0.5,0.25,0.25,0.25,0.25,1729,1770,9992,1,,0.5,"The response answers the advantage and disadvantage part correctly. However, the definition is incorrect as it contains details, such as a maximal burst of three packets and a recommendation not to use it with more than 3 clients, that do not hold for frame bursting in general.",training
4.2_LM_v1.0.1601,retrieval_full,retrieval,full,order_2,score,succeeded,0.9,1.0,-0.09999999999999998,0.09999999999999998,-0.09999999999999998,0.09999999999999998,2476,2522,10300,1,,1.0,"The response correctly states the frame bursting definition, its advantage and disadvantage.",training
4.2_LM_v1.0.446,mem0_no_feedback,mem0,no_feedback,order_2,score,succeeded,0.95,1.0,-0.050000000000000044,0.050000000000000044,-0.050000000000000044,0.050000000000000044,509,551,17054,1,,1.0,"The response correctly explains the frame bursting definition, its advantage and disadvantage.",training
4.2_LM_v1.0.1816,retrieval_full,retrieval,full,order_2,score,succeeded,1.0,1.0,0.0,0.0,0.0,0.0,4161,4186,8729,1,,1.0,The response answers all three parts of the question correctly.,training
4.2_LM_v1.0.881,retrieval_full,retrieval,full,order_2,score,succeeded,1.0,1.0,0.0,0.0,0.0,0.0,4004,4034,9292,1,,1.0,"The response is correct as it correctly explains the concept of frame bursting, its advantage and disadvantage.",training
4.2_LM_v1.0.316,retrieval_full,retrieval,full,order_2,score,succeeded,1.0,1.0,0.0,0.0,0.0,0.0,4249,4275,8295,1,,1.0,The response answers the question requirements correctly.,training
4.2_LM_v1.0.40,mem0_full,mem0,full,order_2,score,succeeded,0.9,1.0,-0.09999999999999998,0.09999999999999998,-0.09999999999999998,0.09999999999999998,158,192,10700,1,,1.0,The response correctly answers all three parts of the question.,training
4.2_LM_v1.0.1816,retrieval_no_feedback,retrieval,no_feedback,order_3,score,succeeded,1.0,1.0,0.0,0.0,0.0,0.0,3481,3508,21989,1,,1.0,The response answers all three parts of the question correctly.,training
4.2_LM_v1.0.1970,mem0_full,mem0,full,order_2,score,succeeded,0.9,0.75,0.15000000000000002,0.15000000000000002,0.15000000000000002,0.15000000000000002,491,536,10230,1,,0.75,The response answers the frame bursting definition and its advantage correctly. But the disadvantage part is not completely accurate as it states frame bursting can't be used if there are no frames in queue. The sender may need to wait in case there are not enough frames which will cause additional delay.,training
4.2_LM_v1.0.1315,mem0_full,mem0,full,order_2,score,succeeded,0.85,1.0,-0.15000000000000002,0.15000000000000002,-0.15000000000000002,0.15000000000000002,602,659,10634,1,,1.0,"The response correctly explains the concept of frame bursting, its advantages and disadvantages.",training
4.2_LM_v1.0.1271,amem_full,amem,full,order_2,score,succeeded,1.0,1.0,0.0,0.0,0.0,0.0,1240,1267,10886,1,,1.0,The response answers the question requirements correctly.,training
4.2_LM_v1.0.143,amem_full,amem,full,order_2,score,succeeded,1.0,1.0,0.0,0.0,0.0,0.0,1535,1564,9872,1,,1.0,"The response gives the correct definition of frame bursting, including an advantage and a disadvantage.",training
4.2_LM_v1.0.1029,amem_full,amem,full,order_2,score,succeeded,1.0,1.0,0.0,0.0,0.0,0.0,1932,1962,10662,1,,1.0,The response answers all three parts of the question correctly.,training
4.2_LM_v1.0.1926,amem_full,amem,full,order_2,score,succeeded,1.0,1.0,0.0,0.0,0.0,0.0,2294,2323,12322,1,,1.0,The response answers all three parts of the question correctly.,training
4.2_LM_v1.0.446,amem_full,amem,full,order_2,score,succeeded,1.0,1.0,0.0,0.0,0.0,0.0,3143,3173,11308,1,,1.0,"The response correctly explains the frame bursting definition, its advantage and disadvantage.",training
4.2_LM_v1.0.918,amem_full,amem,full,order_2,score,succeeded,1.0,1.0,0.0,0.0,0.0,0.0,3849,3883,10862,1,,1.0,"The response answer is correct as it contains an appropriate definition, advantage and disadvantage.",training
4.2_LM_v1.0.2067,amem_full,amem,full,order_2,score,succeeded,0.9,1.0,-0.09999999999999998,0.09999999999999998,-0.09999999999999998,0.09999999999999998,4651,4707,12300,1,,1.0,The response answers all three parts of the question correctly.,training
4.2_LM_v1.0.694,amem_full,amem,full,order_2,score,succeeded,1.0,1.0,0.0,0.0,0.0,0.0,5609,5641,12113,1,,1.0,"The response correctly explains the definition of frame bursting, including an advantage and a disadvantage.",training
4.2_LM_v1.0.370,amem_full,amem,full,order_2,score,succeeded,1.0,1.0,0.0,0.0,0.0,0.0,7373,7401,12259,1,,1.0,The response correctly answers all three parts of the question.,training
4.2_LM_v1.0.1630,amem_full,amem,full,order_2,score,succeeded,1.0,1.0,0.0,0.0,0.0,0.0,8277,8307,9603,1,,1.0,The response answers all the three parts of the question correctly.,training
4.2_LM_v1.0.1970,amem_full,amem,full,order_2,score,succeeded,1.0,0.75,0.25,0.25,0.25,0.25,8342,8373,11645,1,,0.75,The response answers the frame bursting definition and its advantage correctly. But the disadvantage part is not completely accurate as it states frame bursting can't be used if there are no frames in queue. The sender may need to wait in case there are not enough frames which will cause additional delay.,training
4.2_LM_v1.0.654,amem_full,amem,full,order_2,score,succeeded,1.0,1.0,0.0,0.0,0.0,0.0,8235,8274,10892,1,,1.0,"The response correctly explains the frame bursting concept, an advantage and a disadvantage.",training
4.2_LM_v1.0.1304,amem_full,amem,full,order_2,score,succeeded,1.0,0.75,0.25,0.25,0.25,0.25,8534,8572,14891,1,,0.75,"The response answers the advantage and disadvantage of frame bursting correctly. However, the definition part is partially correct as it mentions that there are 10 packets to be sent together, which is not true as there is no specification for the number of packets in a frame. Frame bursting is used to concatenate a sequence of multiple frames and transmitting them in one single transmission.",training
4.2_LM_v1.0.1441,amem_full,amem,full,order_2,score,succeeded,1.0,1.0,0.0,0.0,0.0,0.0,8792,8822,12376,1,,1.0,The response correctly explains what frame bursting is and also provides the accurate advantage and disadvantage of it.,training
4.2_LM_v1.0.1984,amem_full,amem,full,order_2,score,succeeded,1.0,1.0,0.0,0.0,0.0,0.0,8470,8500,10163,1,,1.0,"The response correctly answers the frame bursting definition, its advantage and disadvantage.",training
4.2_LM_v1.0.252,amem_full,amem,full,order_2,score,succeeded,1.0,1.0,0.0,0.0,0.0,0.0,8779,8826,12856,1,,1.0,The response correctly explains the frame busting concept as well as its advantage and disadvantage.,training
4.2_LM_v1.0.2047,amem_full,amem,full,order_2,score,succeeded,1.0,1.0,0.0,0.0,0.0,0.0,7624,7648,8991,1,,1.0,The response answers all three parts of the question accurately.,training
4.2_LM_v1.0.640,mem0_no_feedback,mem0,no_feedback,order_2,score,succeeded,0.6,0.5,0.09999999999999998,0.09999999999999998,0.09999999999999998,0.09999999999999998,472,536,18459,1,,0.5,"The response answers the advantage and disadvantage part correctly. However, the definition is incorrect as it contains details, such as a maximal burst of three packets and a recommendation not to use it with more than 3 clients, that do not hold for frame bursting in general.",training
4.2_LM_v1.0.713,amem_full,amem,full,order_2,score,succeeded,0.9,0.75,0.15000000000000002,0.15000000000000002,0.15000000000000002,0.15000000000000002,7817,7871,14048,1,,0.75,"The disadvantage given is correct for frame bursting in general. However, if you use it as a substitution for carrier extension, the goal is to reach the minimum frame length/transmission time needed for collisions to be detectable. Therefore, increasing transmission time is not a disadvantage in this case. Apart from that, the answer is correct.",training
4.2_LM_v1.0.918,retrieval_no_feedback,retrieval,no_feedback,order_2,score,succeeded,1.0,1.0,0.0,0.0,0.0,0.0,1647,1677,17521,1,,1.0,"The response answer is correct as it contains an appropriate definition, advantage and disadvantage.",training
4.2_LM_v1.0.1601,retrieval_no_feedback,retrieval,no_feedback,order_2,score,succeeded,1.0,1.0,0.0,0.0,0.0,0.0,2153,2182,11683,1,,1.0,"The response correctly states the frame bursting definition, its advantage and disadvantage.",training
4.2_LM_v1.0.918,mem0_no_feedback,mem0,no_feedback,order_2,score,succeeded,0.85,1.0,-0.15000000000000002,0.15000000000000002,-0.15000000000000002,0.15000000000000002,429,478,12359,1,,1.0,"The response answer is correct as it contains an appropriate definition, advantage and disadvantage.",training
4.2_LM_v1.0.1816,retrieval_no_feedback,retrieval,no_feedback,order_2,score,succeeded,1.0,1.0,0.0,0.0,0.0,0.0,3600,3630,14792,1,,1.0,The response answers all three parts of the question correctly.,training
4.2_LM_v1.0.1427,retrieval_no_feedback,retrieval,no_feedback,order_2,score,succeeded,1.0,1.0,0.0,0.0,0.0,0.0,3674,3704,23210,1,,1.0,"The response is correctly answers frame bursting definition, its advantage and disadvantage.",training
4.2_LM_v1.0.881,retrieval_no_feedback,retrieval,no_feedback,order_2,score,succeeded,1.0,1.0,0.0,0.0,0.0,0.0,3417,3458,15984,1,,1.0,"The response is correct as it correctly explains the concept of frame bursting, its advantage and disadvantage.",training
4.2_LM_v1.0.1029,mem0_no_feedback,mem0,no_feedback,order_2,score,succeeded,0.8,1.0,-0.19999999999999996,0.19999999999999996,-0.19999999999999996,0.19999999999999996,466,512,16364,1,,1.0,The response answers all three parts of the question correctly.,training
4.2_LM_v1.0.2040,retrieval_no_feedback,retrieval,no_feedback,order_2,score,succeeded,1.0,0.5,0.5,0.5,0.5,0.5,3241,3266,25660,1,,0.5,"The response correctly states the advantage and the disadvantage of frame bursting. However, it does not contain a definition. Frame bursting reduces the overhead of transmitting small frames by concatenating a sequence of multiple frames in one single transmission.",training
4.2_LM_v1.0.40,mem0_no_feedback,mem0,no_feedback,order_2,score,succeeded,0.9,1.0,-0.09999999999999998,0.09999999999999998,-0.09999999999999998,0.09999999999999998,159,194,17972,1,,1.0,The response correctly answers all three parts of the question.,training
4.2_LM_v1.0.370,mem0_no_feedback,mem0,no_feedback,order_2,score,succeeded,0.95,1.0,-0.050000000000000044,0.050000000000000044,-0.050000000000000044,0.050000000000000044,449,496,12393,1,,1.0,The response correctly answers all three parts of the question.,training
4.2_LM_v1.0.1427,mem0_no_feedback,mem0,no_feedback,order_2,score,succeeded,1.0,1.0,0.0,0.0,0.0,0.0,484,512,14474,1,,1.0,"The response is correctly answers frame bursting definition, its advantage and disadvantage.",training
4.2_LM_v1.0.1304,mem0_no_feedback,mem0,no_feedback,order_2,score,succeeded,0.85,0.75,0.09999999999999998,0.09999999999999998,0.09999999999999998,0.09999999999999998,562,621,15578,1,,0.75,"The response answers the advantage and disadvantage of frame bursting correctly. However, the definition part is partially correct as it mentions that there are 10 packets to be sent together, which is not true as there is no specification for the number of packets in a frame. Frame bursting is used to concatenate a sequence of multiple frames and transmitting them in one single transmission.",training
4.2_LM_v1.0.1984,mem0_no_feedback,mem0,no_feedback,order_2,score,succeeded,0.9,1.0,-0.09999999999999998,0.09999999999999998,-0.09999999999999998,0.09999999999999998,471,513,16423,1,,1.0,"The response correctly answers the frame bursting definition, its advantage and disadvantage.",training
4.2_LM_v1.0.1320,amem_no_feedback,amem,no_feedback,order_2,score,succeeded,0.9,1.0,-0.09999999999999998,0.09999999999999998,-0.09999999999999998,0.09999999999999998,712,765,14262,1,,1.0,"The response gives the frame bursting definition, its advantage and disadvantage correctly.",training
4.2_LM_v1.0.143,amem_no_feedback,amem,no_feedback,order_2,score,succeeded,1.0,1.0,0.0,0.0,0.0,0.0,1379,1408,13982,1,,1.0,"The response gives the correct definition of frame bursting, including an advantage and a disadvantage.",training
4.2_LM_v1.0.1029,amem_no_feedback,amem,no_feedback,order_2,score,succeeded,1.0,1.0,0.0,0.0,0.0,0.0,1710,1751,17956,1,,1.0,The response answers all three parts of the question correctly.,training
4.2_LM_v1.0.640,amem_no_feedback,amem,no_feedback,order_2,score,succeeded,0.75,0.5,0.25,0.25,0.25,0.25,3148,3184,13919,1,,0.5,"The response answers the advantage and disadvantage part correctly. However, the definition is incorrect as it contains details, such as a maximal burst of three packets and a recommendation not to use it with more than 3 clients, that do not hold for frame bursting in general.",training
4.2_LM_v1.0.918,amem_no_feedback,amem,no_feedback,order_2,score,succeeded,1.0,1.0,0.0,0.0,0.0,0.0,3510,3540,14527,1,,1.0,"The response answer is correct as it contains an appropriate definition, advantage and disadvantage.",training
4.2_LM_v1.0.2067,amem_no_feedback,amem,no_feedback,order_2,score,succeeded,0.75,1.0,-0.25,0.25,-0.25,0.25,4212,4253,18105,1,,1.0,The response answers all three parts of the question correctly.,training
4.2_LM_v1.0.388,amem_no_feedback,amem,no_feedback,order_2,score,succeeded,1.0,1.0,0.0,0.0,0.0,0.0,5433,5490,17646,1,,1.0,"The response correctly answers all three parts of the question with an example. However, the answer also states the 9% efficiency of carrier extension which is only valid in worst case scenario. The efficiency can be better based on how much data we are sending which can vary between 46-1500 bytes.",training
4.2_LM_v1.0.1654,amem_no_feedback,amem,no_feedback,order_2,score,succeeded,1.0,1.0,0.0,0.0,0.0,0.0,6245,6265,13980,1,,1.0,The response answers all parts of the question correctly.,training
4.2_LM_v1.0.370,amem_no_feedback,amem,no_feedback,order_2,score,succeeded,1.0,1.0,0.0,0.0,0.0,0.0,6621,6645,17344,1,,1.0,The response correctly answers all three parts of the question.,training
4.2_LM_v1.0.1630,amem_no_feedback,amem,no_feedback,order_2,score,succeeded,1.0,1.0,0.0,0.0,0.0,0.0,7384,7415,19915,1,,1.0,The response answers all the three parts of the question correctly.,training
4.2_LM_v1.0.1970,amem_no_feedback,amem,no_feedback,order_2,score,succeeded,1.0,0.75,0.25,0.25,0.25,0.25,7497,7529,11188,1,,0.75,The response answers the frame bursting definition and its advantage correctly. But the disadvantage part is not completely accurate as it states frame bursting can't be used if there are no frames in queue. The sender may need to wait in case there are not enough frames which will cause additional delay.,training
4.2_LM_v1.0.1427,amem_no_feedback,amem,no_feedback,order_2,score,succeeded,1.0,1.0,0.0,0.0,0.0,0.0,7661,7693,15801,1,,1.0,"The response is correctly answers frame bursting definition, its advantage and disadvantage.",training
4.2_LM_v1.0.143,retrieval_no_feedback,retrieval,no_feedback,order_3,score,succeeded,1.0,1.0,0.0,0.0,0.0,0.0,3095,3122,13566,1,,1.0,"The response gives the correct definition of frame bursting, including an advantage and a disadvantage.",training
4.2_LM_v1.0.654,amem_no_feedback,amem,no_feedback,order_2,score,succeeded,1.0,1.0,0.0,0.0,0.0,0.0,7341,7378,17015,1,,1.0,"The response correctly explains the frame bursting concept, an advantage and a disadvantage.",training
4.2_LM_v1.0.881,amem_no_feedback,amem,no_feedback,order_2,score,succeeded,1.0,1.0,0.0,0.0,0.0,0.0,7375,7404,16066,1,,1.0,"The response is correct as it correctly explains the concept of frame bursting, its advantage and disadvantage.",training
4.2_LM_v1.0.1441,amem_no_feedback,amem,no_feedback,order_2,score,succeeded,0.9,1.0,-0.09999999999999998,0.09999999999999998,-0.09999999999999998,0.09999999999999998,7849,7897,19282,1,,1.0,The response correctly explains what frame bursting is and also provides the accurate advantage and disadvantage of it.,training
4.2_LM_v1.0.1984,amem_no_feedback,amem,no_feedback,order_2,score,succeeded,1.0,1.0,0.0,0.0,0.0,0.0,7716,7742,14551,1,,1.0,"The response correctly answers the frame bursting definition, its advantage and disadvantage.",training
4.2_LM_v1.0.252,amem_no_feedback,amem,no_feedback,order_2,score,succeeded,1.0,1.0,0.0,0.0,0.0,0.0,7932,7967,13152,1,,1.0,The response correctly explains the frame busting concept as well as its advantage and disadvantage.,training
4.2_LM_v1.0.2047,amem_no_feedback,amem,no_feedback,order_2,score,succeeded,1.0,1.0,0.0,0.0,0.0,0.0,7131,7163,13558,1,,1.0,The response answers all three parts of the question accurately.,training
4.2_LM_v1.0.2040,amem_no_feedback,amem,no_feedback,order_2,score,succeeded,0.67,0.5,0.17000000000000004,0.17000000000000004,0.17000000000000004,0.17000000000000004,7017,7049,22814,1,,0.5,"The response correctly states the advantage and the disadvantage of frame bursting. However, it does not contain a definition. Frame bursting reduces the overhead of transmitting small frames by concatenating a sequence of multiple frames in one single transmission.",training
4.2_LM_v1.0.1385,amem_no_feedback,amem,no_feedback,order_2,score,succeeded,1.0,1.0,0.0,0.0,0.0,0.0,7155,7185,14392,1,,1.0,"The response states the correct definition of frame bursting, including its advantage and disadvantage.",training
4.2_LM_v1.0.277,retrieval_no_feedback,retrieval,no_feedback,order_3,score,succeeded,1.0,1.0,0.0,0.0,0.0,0.0,3359,3389,14631,1,,1.0,"The response correctly explains the frame bursting concept, including its advantage and disadvantage.",training
4.2_LM_v1.0.252,retrieval_full,retrieval,full,order_3,score,succeeded,1.0,1.0,0.0,0.0,0.0,0.0,2270,2304,9419,1,,1.0,The response correctly explains the frame busting concept as well as its advantage and disadvantage.,training
4.2_LM_v1.0.316,retrieval_full,retrieval,full,order_3,score,succeeded,1.0,1.0,0.0,0.0,0.0,0.0,3020,3051,9994,1,,1.0,The response answers the question requirements correctly.,training
4.2_LM_v1.0.87,retrieval_full,retrieval,full,order_3,score,succeeded,1.0,1.0,0.0,0.0,0.0,0.0,3989,4015,13647,1,,1.0,"The response correctly explains the frame bursting concept, its advantage and disadvantage.",training
4.2_LM_v1.0.115,retrieval_full,retrieval,full,order_3,score,succeeded,1.0,1.0,0.0,0.0,0.0,0.0,3768,3798,8017,1,,1.0,The response correctly answers all three parts of the question.,training
4.2_LM_v1.0.1315,retrieval_full,retrieval,full,order_3,score,succeeded,0.9,1.0,-0.09999999999999998,0.09999999999999998,-0.09999999999999998,0.09999999999999998,4318,4371,13205,1,,1.0,"The response correctly explains the concept of frame bursting, its advantages and disadvantages.",training
4.2_LM_v1.0.1385,retrieval_full,retrieval,full,order_3,score,succeeded,1.0,1.0,0.0,0.0,0.0,0.0,3907,3936,9176,1,,1.0,"The response states the correct definition of frame bursting, including its advantage and disadvantage.",training
4.2_LM_v1.0.1525,mem0_full,mem0,full,order_3,score,succeeded,0.6,0.75,-0.15000000000000002,0.15000000000000002,-0.15000000000000002,0.15000000000000002,160,195,9527,1,,0.75,"The response only states the frame bursting definition and its advantage, but is missing a disadvantage. There is a drawback when using frame bursting which is end to end delay. The sender may need to wait for a certain amount of frames to be collected and concatenated to a sequence of minimum length.",training
4.2_LM_v1.0.694,mem0_full,mem0,full,order_3,score,succeeded,1.0,1.0,0.0,0.0,0.0,0.0,618,648,10308,1,,1.0,"The response correctly explains the definition of frame bursting, including an advantage and a disadvantage.",training
4.2_LM_v1.0.654,mem0_full,mem0,full,order_3,score,succeeded,0.85,1.0,-0.15000000000000002,0.15000000000000002,-0.15000000000000002,0.15000000000000002,489,536,12426,1,,1.0,"The response correctly explains the frame bursting concept, an advantage and a disadvantage.",training
4.2_LM_v1.0.2047,mem0_full,mem0,full,order_3,score,succeeded,0.9,1.0,-0.09999999999999998,0.09999999999999998,-0.09999999999999998,0.09999999999999998,444,473,10915,1,,1.0,The response answers all three parts of the question accurately.,training
4.2_LM_v1.0.1816,amem_no_feedback,amem,no_feedback,order_2,score,succeeded,1.0,1.0,0.0,0.0,0.0,0.0,7517,7544,16494,1,,1.0,The response answers all three parts of the question correctly.,training
4.2_LM_v1.0.143,mem0_full,mem0,full,order_3,score,succeeded,0.9,1.0,-0.09999999999999998,0.09999999999999998,-0.09999999999999998,0.09999999999999998,458,506,9172,1,,1.0,"The response gives the correct definition of frame bursting, including an advantage and a disadvantage.",training
4.2_LM_v1.0.16,mem0_full,mem0,full,order_3,score,succeeded,0.85,1.0,-0.15000000000000002,0.15000000000000002,-0.15000000000000002,0.15000000000000002,455,503,11543,1,,1.0,The response answers all three parts of the question correctly.,training
4.2_LM_v1.0.1271,amem_full,amem,full,order_3,score,succeeded,1.0,1.0,0.0,0.0,0.0,0.0,1179,1205,10501,1,,1.0,The response answers the question requirements correctly.,training
4.2_LM_v1.0.1984,amem_full,amem,full,order_3,score,succeeded,1.0,1.0,0.0,0.0,0.0,0.0,1832,1862,10341,1,,1.0,"The response correctly answers the frame bursting definition, its advantage and disadvantage.",training
4.2_LM_v1.0.1630,amem_full,amem,full,order_3,score,succeeded,1.0,1.0,0.0,0.0,0.0,0.0,2837,2867,11128,1,,1.0,The response answers all the three parts of the question correctly.,training
4.2_LM_v1.0.694,amem_full,amem,full,order_3,score,succeeded,1.0,1.0,0.0,0.0,0.0,0.0,3696,3728,12059,1,,1.0,"The response correctly explains the definition of frame bursting, including an advantage and a disadvantage.",training
4.2_LM_v1.0.370,amem_full,amem,full,order_3,score,succeeded,1.0,1.0,0.0,0.0,0.0,0.0,4495,4525,9935,1,,1.0,The response correctly answers all three parts of the question.,training
4.2_LM_v1.0.1601,amem_full,amem,full,order_3,score,succeeded,1.0,1.0,0.0,0.0,0.0,0.0,5312,5342,12426,1,,1.0,"The response correctly states the frame bursting definition, its advantage and disadvantage.",training
4.2_LM_v1.0.2040,amem_full,amem,full,order_3,score,succeeded,0.67,0.5,0.17000000000000004,0.17000000000000004,0.17000000000000004,0.17000000000000004,5914,5938,12085,1,,0.5,"The response correctly states the advantage and the disadvantage of frame bursting. However, it does not contain a definition. Frame bursting reduces the overhead of transmitting small frames by concatenating a sequence of multiple frames in one single transmission.",training
4.2_LM_v1.0.2067,amem_full,amem,full,order_3,score,succeeded,0.9,1.0,-0.09999999999999998,0.09999999999999998,-0.09999999999999998,0.09999999999999998,7302,7353,12617,1,,1.0,The response answers all three parts of the question correctly.,training
4.2_LM_v1.0.2047,amem_full,amem,full,order_3,score,succeeded,1.0,1.0,0.0,0.0,0.0,0.0,7957,7983,18471,1,,1.0,The response answers all three parts of the question accurately.,training
4.2_LM_v1.0.1970,amem_full,amem,full,order_3,score,succeeded,1.0,0.75,0.25,0.25,0.25,0.25,7884,7914,11389,1,,0.75,The response answers the frame bursting definition and its advantage correctly. But the disadvantage part is not completely accurate as it states frame bursting can't be used if there are no frames in queue. The sender may need to wait in case there are not enough frames which will cause additional delay.,training
4.2_LM_v1.0.713,amem_full,amem,full,order_3,score,succeeded,1.0,0.75,0.25,0.25,0.25,0.25,7543,7579,18606,1,,0.75,"The disadvantage given is correct for frame bursting in general. However, if you use it as a substitution for carrier extension, the goal is to reach the minimum frame length/transmission time needed for collisions to be detectable. Therefore, increasing transmission time is not a disadvantage in this case. Apart from that, the answer is correct.",training
4.2_LM_v1.0.1427,amem_full,amem,full,order_3,score,succeeded,1.0,1.0,0.0,0.0,0.0,0.0,8011,8042,12900,1,,1.0,"The response is correctly answers frame bursting definition, its advantage and disadvantage.",training
4.2_LM_v1.0.1447,amem_full,amem,full,order_3,score,succeeded,1.0,1.0,0.0,0.0,0.0,0.0,7782,7816,11238,1,,1.0,The response correctly answers all three parts of the question.,training
4.2_LM_v1.0.1926,amem_full,amem,full,order_3,score,succeeded,1.0,1.0,0.0,0.0,0.0,0.0,7663,7690,14014,1,,1.0,The response answers all three parts of the question correctly.,training
4.2_LM_v1.0.1315,amem_full,amem,full,order_3,score,succeeded,1.0,1.0,0.0,0.0,0.0,0.0,8075,8122,13181,1,,1.0,"The response correctly explains the concept of frame bursting, its advantages and disadvantages.",training
4.2_LM_v1.0.16,amem_full,amem,full,order_3,score,succeeded,1.0,1.0,0.0,0.0,0.0,0.0,7733,7761,11599,1,,1.0,The response answers all three parts of the question correctly.,training
4.2_LM_v1.0.1385,amem_full,amem,full,order_3,score,succeeded,1.0,1.0,0.0,0.0,0.0,0.0,7883,7913,13527,1,,1.0,"The response states the correct definition of frame bursting, including its advantage and disadvantage.",training
4.2_LM_v1.0.1525,retrieval_no_feedback,retrieval,no_feedback,order_3,score,succeeded,0.5,0.75,-0.25,0.25,-0.25,0.25,161,189,15691,1,,0.75,"The response only states the frame bursting definition and its advantage, but is missing a disadvantage. There is a drawback when using frame bursting which is end to end delay. The sender may need to wait for a certain amount of frames to be collected and concatenated to a sequence of minimum length.",training
4.2_LM_v1.0.1190,retrieval_no_feedback,retrieval,no_feedback,order_3,score,succeeded,1.0,1.0,0.0,0.0,0.0,0.0,3122,3168,20353,1,,1.0,"The response correctly states the frame bursting definition, advantage and disadvantage.",training
4.2_LM_v1.0.694,retrieval_no_feedback,retrieval,no_feedback,order_3,score,succeeded,1.0,1.0,0.0,0.0,0.0,0.0,1753,1785,14544,1,,1.0,"The response correctly explains the definition of frame bursting, including an advantage and a disadvantage.",training
4.2_LM_v1.0.1601,retrieval_no_feedback,retrieval,no_feedback,order_3,score,succeeded,1.0,1.0,0.0,0.0,0.0,0.0,2484,2515,13635,1,,1.0,"The response correctly states the frame bursting definition, its advantage and disadvantage.",training
4.2_LM_v1.0.333,retrieval_no_feedback,retrieval,no_feedback,order_3,score,succeeded,1.0,1.0,0.0,0.0,0.0,0.0,3409,3436,18370,1,,1.0,"The response correctly states the frame bursting definition, its advantage and disadvantage.",training
4.2_LM_v1.0.1926,retrieval_no_feedback,retrieval,no_feedback,order_3,score,succeeded,1.0,1.0,0.0,0.0,0.0,0.0,3130,3159,16640,1,,1.0,The response answers all three parts of the question correctly.,training
4.2_LM_v1.0.1029,retrieval_no_feedback,retrieval,no_feedback,order_3,score,succeeded,0.9,1.0,-0.09999999999999998,0.09999999999999998,-0.09999999999999998,0.09999999999999998,3170,3211,13500,1,,1.0,The response answers all three parts of the question correctly.,training
4.2_LM_v1.0.1984,mem0_no_feedback,mem0,no_feedback,order_3,score,succeeded,0.9,1.0,-0.09999999999999998,0.09999999999999998,-0.09999999999999998,0.09999999999999998,473,515,14067,1,,1.0,"The response correctly answers the frame bursting definition, its advantage and disadvantage.",training
4.2_LM_v1.0.1427,mem0_no_feedback,mem0,no_feedback,order_3,score,succeeded,0.9,1.0,-0.09999999999999998,0.09999999999999998,-0.09999999999999998,0.09999999999999998,486,536,17731,1,,1.0,"The response is correctly answers frame bursting definition, its advantage and disadvantage.",training
4.2_LM_v1.0.446,mem0_no_feedback,mem0,no_feedback,order_3,score,succeeded,0.9,1.0,-0.09999999999999998,0.09999999999999998,-0.09999999999999998,0.09999999999999998,511,562,15769,1,,1.0,"The response correctly explains the frame bursting definition, its advantage and disadvantage.",training
4.2_LM_v1.0.1525,amem_no_feedback,amem,no_feedback,order_3,score,succeeded,0.5,0.75,-0.25,0.25,-0.25,0.25,161,193,10759,1,,0.75,"The response only states the frame bursting definition and its advantage, but is missing a disadvantage. There is a drawback when using frame bursting which is end to end delay. The sender may need to wait for a certain amount of frames to be collected and concatenated to a sequence of minimum length.",training
4.2_LM_v1.0.918,amem_no_feedback,amem,no_feedback,order_3,score,succeeded,1.0,1.0,0.0,0.0,0.0,0.0,1331,1361,14636,1,,1.0,"The response answer is correct as it contains an appropriate definition, advantage and disadvantage.",training
4.2_LM_v1.0.1984,amem_no_feedback,amem,no_feedback,order_3,score,succeeded,1.0,1.0,0.0,0.0,0.0,0.0,1668,1698,12569,1,,1.0,"The response correctly answers the frame bursting definition, its advantage and disadvantage.",training
4.2_LM_v1.0.1630,amem_no_feedback,amem,no_feedback,order_3,score,succeeded,1.0,1.0,0.0,0.0,0.0,0.0,2579,2612,13536,1,,1.0,The response answers all the three parts of the question correctly.,training
4.2_LM_v1.0.1654,amem_no_feedback,amem,no_feedback,order_3,score,succeeded,1.0,1.0,0.0,0.0,0.0,0.0,2864,2895,15320,1,,1.0,The response answers all parts of the question correctly.,training
4.2_LM_v1.0.252,amem_no_feedback,amem,no_feedback,order_3,score,succeeded,1.0,1.0,0.0,0.0,0.0,0.0,3727,3762,18720,1,,1.0,The response correctly explains the frame busting concept as well as its advantage and disadvantage.,training
4.2_LM_v1.0.1601,amem_no_feedback,amem,no_feedback,order_3,score,succeeded,1.0,1.0,0.0,0.0,0.0,0.0,4856,4887,14603,1,,1.0,"The response correctly states the frame bursting definition, its advantage and disadvantage.",training
4.2_LM_v1.0.2040,amem_no_feedback,amem,no_feedback,order_3,score,succeeded,0.67,0.5,0.17000000000000004,0.17000000000000004,0.17000000000000004,0.17000000000000004,5440,5475,16837,1,,0.5,"The response correctly states the advantage and the disadvantage of frame bursting. However, it does not contain a definition. Frame bursting reduces the overhead of transmitting small frames by concatenating a sequence of multiple frames in one single transmission.",training
4.2_LM_v1.0.1190,amem_no_feedback,amem,no_feedback,order_3,score,succeeded,1.0,1.0,0.0,0.0,0.0,0.0,6171,6217,13965,1,,1.0,"The response correctly states the frame bursting definition, advantage and disadvantage.",training
4.2_LM_v1.0.87,amem_no_feedback,amem,no_feedback,order_3,score,succeeded,1.0,1.0,0.0,0.0,0.0,0.0,6795,6822,14284,1,,1.0,"The response correctly explains the frame bursting concept, its advantage and disadvantage.",training
4.2_LM_v1.0.1441,amem_no_feedback,amem,no_feedback,order_3,score,succeeded,0.9,1.0,-0.09999999999999998,0.09999999999999998,-0.09999999999999998,0.09999999999999998,7250,7296,20226,1,,1.0,The response correctly explains what frame bursting is and also provides the accurate advantage and disadvantage of it.,training
4.2_LM_v1.0.1970,amem_no_feedback,amem,no_feedback,order_3,score,succeeded,1.0,0.75,0.25,0.25,0.25,0.25,7166,7206,15807,1,,0.75,The response answers the frame bursting definition and its advantage correctly. But the disadvantage part is not completely accurate as it states frame bursting can't be used if there are no frames in queue. The sender may need to wait in case there are not enough frames which will cause additional delay.,training
4.2_LM_v1.0.713,amem_no_feedback,amem,no_feedback,order_3,score,succeeded,0.9,0.75,0.15000000000000002,0.15000000000000002,0.15000000000000002,0.15000000000000002,6803,6849,22178,1,,0.75,"The disadvantage given is correct for frame bursting in general. However, if you use it as a substitution for carrier extension, the goal is to reach the minimum frame length/transmission time needed for collisions to be detectable. Therefore, increasing transmission time is not a disadvantage in this case. Apart from that, the answer is correct.",training
4.2_LM_v1.0.1427,amem_no_feedback,amem,no_feedback,order_3,score,succeeded,1.0,1.0,0.0,0.0,0.0,0.0,7223,7252,15368,1,,1.0,"The response is correctly answers frame bursting definition, its advantage and disadvantage.",training
4.2_LM_v1.0.115,amem_no_feedback,amem,no_feedback,order_3,score,succeeded,1.0,1.0,0.0,0.0,0.0,0.0,6820,6852,15289,1,,1.0,The response correctly answers all three parts of the question.,training
4.2_LM_v1.0.1315,retrieval_no_feedback,retrieval,no_feedback,order_3,score,succeeded,1.0,1.0,0.0,0.0,0.0,0.0,3581,3612,19541,1,,1.0,"The response correctly explains the concept of frame bursting, its advantages and disadvantages.",training
4.2_LM_v1.0.1816,amem_no_feedback,amem,no_feedback,order_3,score,succeeded,1.0,1.0,0.0,0.0,0.0,0.0,6992,7029,11754,1,,1.0,The response answers all three parts of the question correctly.,training
4.2_LM_v1.0.143,amem_no_feedback,amem,no_feedback,order_3,score,succeeded,1.0,1.0,0.0,0.0,0.0,0.0,6632,6658,19866,1,,1.0,"The response gives the correct definition of frame bursting, including an advantage and a disadvantage.",training
4.2_LM_v1.0.143,no_memory,none,full,order_1,score,succeeded,1.0,1.0,0.0,0.0,0.0,0.0,174,202,8314,1,,1.0,"The response gives the correct definition of frame bursting, including an advantage and a disadvantage.",training
4.2_LM_v1.0.881,no_memory,none,full,order_1,score,succeeded,1.0,1.0,0.0,0.0,0.0,0.0,194,224,10565,1,,1.0,"The response is correct as it correctly explains the concept of frame bursting, its advantage and disadvantage.",training
4.2_LM_v1.0.1315,amem_no_feedback,amem,no_feedback,order_3,score,succeeded,1.0,1.0,0.0,0.0,0.0,0.0,7202,7243,14104,1,,1.0,"The response correctly explains the concept of frame bursting, its advantages and disadvantages.",training
4.2_LM_v1.0.654,no_memory,none,full,order_1,score,succeeded,0.9,1.0,-0.09999999999999998,0.09999999999999998,-0.09999999999999998,0.09999999999999998,202,250,16171,1,,1.0,"The response correctly explains the frame bursting concept, an advantage and a disadvantage.",training
4.2_LM_v1.0.16,amem_no_feedback,amem,no_feedback,order_3,score,succeeded,1.0,1.0,0.0,0.0,0.0,0.0,7021,7052,11542,1,,1.0,The response answers all three parts of the question correctly.,training
4.2_LM_v1.0.446,amem_no_feedback,amem,no_feedback,order_3,score,succeeded,1.0,1.0,0.0,0.0,0.0,0.0,7988,8017,13333,1,,1.0,"The response correctly explains the frame bursting definition, its advantage and disadvantage.",training
4.2_LM_v1.0.1753,amem_no_feedback,amem,no_feedback,order_3,score,succeeded,1.0,1.0,0.0,0.0,0.0,0.0,7024,7064,15377,1,,1.0,"The response correctly answers the definition of frame bursting, its advantage and disadvantage.",training
4.2_LM_v1.0.1601,no_memory,none,full,order_1,score,succeeded,0.8,1.0,-0.19999999999999996,0.19999999999999996,-0.19999999999999996,0.19999999999999996,234,286,9684,1,,1.0,"The response correctly states the frame bursting definition, its advantage and disadvantage.",training
4.2_LM_v1.0.918,no_memory,none,full,order_1,score,succeeded,1.0,1.0,0.0,0.0,0.0,0.0,164,202,10411,1,,1.0,"The response answer is correct as it contains an appropriate definition, advantage and disadvantage.",training
4.2_LM_v1.0.1525,no_memory,none,full,order_2,score,succeeded,0.6,0.75,-0.15000000000000002,0.15000000000000002,-0.15000000000000002,0.15000000000000002,159,196,10788,1,,0.75,"The response only states the frame bursting definition and its advantage, but is missing a disadvantage. There is a drawback when using frame bursting which is end to end delay. The sender may need to wait for a certain amount of frames to be collected and concatenated to a sequence of minimum length.",training
4.2_LM_v1.0.1029,no_memory,none,full,order_2,score,succeeded,0.9,1.0,-0.09999999999999998,0.09999999999999998,-0.09999999999999998,0.09999999999999998,201,240,11949,1,,1.0,The response answers all three parts of the question correctly.,training
4.2_LM_v1.0.1926,no_memory,none,full,order_2,score,succeeded,0.8,1.0,-0.19999999999999996,0.19999999999999996,-0.19999999999999996,0.19999999999999996,167,211,10541,1,,1.0,The response answers all three parts of the question correctly.,training
4.2_LM_v1.0.918,no_memory,none,full,order_2,score,succeeded,1.0,1.0,0.0,0.0,0.0,0.0,164,191,10959,1,,1.0,"The response answer is correct as it contains an appropriate definition, advantage and disadvantage.",training
4.2_LM_v1.0.694,no_memory,none,full,order_2,score,succeeded,1.0,1.0,0.0,0.0,0.0,0.0,331,361,10226,1,,1.0,"The response correctly explains the definition of frame bursting, including an advantage and a disadvantage.",training
4.2_LM_v1.0.388,no_memory,none,full,order_2,score,succeeded,1.0,1.0,0.0,0.0,0.0,0.0,263,295,9421,1,,1.0,"The response correctly answers all three parts of the question with an example. However, the answer also states the 9% efficiency of carrier extension which is only valid in worst case scenario. The efficiency can be better based on how much data we are sending which can vary between 46-1500 bytes.",training
4.2_LM_v1.0.370,no_memory,none,full,order_2,score,succeeded,1.0,1.0,0.0,0.0,0.0,0.0,187,217,14458,1,,1.0,The response correctly answers all three parts of the question.,training
4.2_LM_v1.0.1816,no_memory,none,full,order_2,score,succeeded,0.95,1.0,-0.050000000000000044,0.050000000000000044,-0.050000000000000044,0.050000000000000044,231,268,10373,1,,1.0,The response answers all three parts of the question correctly.,training
4.2_LM_v1.0.332,retrieval_no_feedback,retrieval,no_feedback,order_1,score,succeeded,1.0,1.0,0.0,0.0,0.0,0.0,3310,3357,26551,1,,1.0,"The response is correct. However, to substitute carrier extension, frame bursting with frame aggregation has to be used. In this case, frames are directly concatenated without waiting for acknowledgments in between.",unseen_answers
4.2_LM_v1.0.316,no_memory,none,full,order_2,score,succeeded,1.0,1.0,0.0,0.0,0.0,0.0,198,228,9742,1,,1.0,The response answers the question requirements correctly.,training
4.2_LM_v1.0.2040,no_memory,none,full,order_2,score,succeeded,0.5,0.5,0.0,0.0,0.0,0.0,138,163,11015,1,,0.5,"The response correctly states the advantage and the disadvantage of frame bursting. However, it does not contain a definition. Frame bursting reduces the overhead of transmitting small frames by concatenating a sequence of multiple frames in one single transmission.",training
4.2_LM_v1.0.1525,no_memory,none,full,order_3,score,succeeded,0.65,0.75,-0.09999999999999998,0.09999999999999998,-0.09999999999999998,0.09999999999999998,159,199,9553,1,,0.75,"The response only states the frame bursting definition and its advantage, but is missing a disadvantage. There is a drawback when using frame bursting which is end to end delay. The sender may need to wait for a certain amount of frames to be collected and concatenated to a sequence of minimum length.",training
4.2_LM_v1.0.40,no_memory,none,full,order_3,score,succeeded,0.8,1.0,-0.19999999999999996,0.19999999999999996,-0.19999999999999996,0.19999999999999996,157,198,10265,1,,1.0,The response correctly answers all three parts of the question.,training
4.2_LM_v1.0.1984,no_memory,none,full,order_3,score,succeeded,1.0,1.0,0.0,0.0,0.0,0.0,206,236,10485,1,,1.0,"The response correctly answers the frame bursting definition, its advantage and disadvantage.",training
4.2_LM_v1.0.252,no_memory,none,full,order_3,score,succeeded,0.95,1.0,-0.050000000000000044,0.050000000000000044,-0.050000000000000044,0.050000000000000044,260,317,9438,1,,1.0,The response correctly explains the frame busting concept as well as its advantage and disadvantage.,training
4.2_LM_v1.0.316,no_memory,none,full,order_3,score,succeeded,1.0,1.0,0.0,0.0,0.0,0.0,198,223,10491,1,,1.0,The response answers the question requirements correctly.,training
4.2_LM_v1.0.2040,no_memory,none,full,order_3,score,succeeded,0.67,0.5,0.17000000000000004,0.17000000000000004,0.17000000000000004,0.17000000000000004,138,162,9032,1,,0.5,"The response correctly states the advantage and the disadvantage of frame bursting. However, it does not contain a definition. Frame bursting reduces the overhead of transmitting small frames by concatenating a sequence of multiple frames in one single transmission.",training
4.2_LM_v1.0.87,no_memory,none,full,order_3,score,succeeded,0.9,1.0,-0.09999999999999998,0.09999999999999998,-0.09999999999999998,0.09999999999999998,209,256,10977,1,,1.0,"The response correctly explains the frame bursting concept, its advantage and disadvantage.",training
4.2_LM_v1.0.1970,no_memory,none,full,order_3,score,succeeded,1.0,0.75,0.25,0.25,0.25,0.25,233,276,10024,1,,0.75,The response answers the frame bursting definition and its advantage correctly. But the disadvantage part is not completely accurate as it states frame bursting can't be used if there are no frames in queue. The sender may need to wait in case there are not enough frames which will cause additional delay.,training
4.2_LM_v1.0.277,no_memory,none,full,order_3,score,succeeded,1.0,1.0,0.0,0.0,0.0,0.0,286,317,9564,1,,1.0,"The response correctly explains the frame bursting concept, including its advantage and disadvantage.",training
4.2_LM_v1.0.1385,no_memory,none,full,order_3,score,succeeded,1.0,1.0,0.0,0.0,0.0,0.0,250,280,10777,1,,1.0,"The response states the correct definition of frame bursting, including its advantage and disadvantage.",training
4.2_LM_v1.0.359,no_memory,none,none,order_1,score,succeeded,0.9,1.0,-0.09999999999999998,0.09999999999999998,-0.09999999999999998,0.09999999999999998,161,208,9652,1,,1.0,"The response gives a correct definition of frame bursting, its advantage and disadvantage.",unseen_answers
4.2_LM_v1.0.213,no_memory,none,none,order_1,score,succeeded,0.8,1.0,-0.19999999999999996,0.19999999999999996,-0.19999999999999996,0.19999999999999996,201,255,11699,1,,1.0,The response correctly answers all three parts of the question.,unseen_answers
4.2_LM_v1.0.332,retrieval_full,retrieval,full,order_1,score,succeeded,1.0,1.0,0.0,0.0,0.0,0.0,3842,3876,13195,1,,1.0,"The response is correct. However, to substitute carrier extension, frame bursting with frame aggregation has to be used. In this case, frames are directly concatenated without waiting for acknowledgments in between.",unseen_answers
4.2_LM_v1.0.108,retrieval_full,retrieval,full,order_1,score,succeeded,1.0,1.0,0.0,0.0,0.0,0.0,4386,4431,11500,1,,1.0,"The response correctly states the definition of frame bursting, including its pros and cons.",unseen_answers
4.2_LM_v1.0.359,retrieval_full,retrieval,full,order_1,score,succeeded,1.0,1.0,0.0,0.0,0.0,0.0,3597,3623,8493,1,,1.0,"The response gives a correct definition of frame bursting, its advantage and disadvantage.",unseen_answers
4.2_LM_v1.0.39,retrieval_full,retrieval,full,order_1,score,succeeded,1.0,1.0,0.0,0.0,0.0,0.0,4144,4176,11571,1,,1.0,"The response gives a correct definition of frame bursting, including its benefits and drawbacks.",unseen_answers
4.2_LM_v1.0.213,retrieval_full,retrieval,full,order_1,score,succeeded,1.0,1.0,0.0,0.0,0.0,0.0,3794,3828,8726,1,,1.0,The response correctly answers all three parts of the question.,unseen_answers
4.2_LM_v1.0.26,retrieval_full,retrieval,full,order_1,score,succeeded,1.0,1.0,0.0,0.0,0.0,0.0,3960,3990,9195,1,,1.0,The response answers all three parts of the question correctly.,unseen_answers
4.2_LM_v1.0.108,retrieval_no_feedback,retrieval,no_feedback,order_1,score,succeeded,1.0,1.0,0.0,0.0,0.0,0.0,3873,3904,11865,1,,1.0,"The response correctly states the definition of frame bursting, including its pros and cons.",unseen_answers
4.2_LM_v1.0.39,amem_full,amem,full,order_1,score,succeeded,1.0,1.0,0.0,0.0,0.0,0.0,7997,8028,10136,1,,1.0,"The response gives a correct definition of frame bursting, including its benefits and drawbacks.",unseen_answers
4.2_LM_v1.0.359,retrieval_no_feedback,retrieval,no_feedback,order_1,score,succeeded,1.0,1.0,0.0,0.0,0.0,0.0,3180,3202,17454,1,,1.0,"The response gives a correct definition of frame bursting, its advantage and disadvantage.",unseen_answers
4.2_LM_v1.0.351,retrieval_no_feedback,retrieval,no_feedback,order_1,score,succeeded,1.0,1.0,0.0,0.0,0.0,0.0,3766,3796,18215,1,,1.0,"The response correctly answers all three parts, the frame bursting definition, its advantage and disadvantage.",unseen_answers
4.2_LM_v1.0.26,amem_full,amem,full,order_1,score,succeeded,1.0,1.0,0.0,0.0,0.0,0.0,8276,8307,8833,1,,1.0,The response answers all three parts of the question correctly.,unseen_answers
4.2_LM_v1.0.39,retrieval_no_feedback,retrieval,no_feedback,order_1,score,succeeded,1.0,1.0,0.0,0.0,0.0,0.0,3502,3532,15206,1,,1.0,"The response gives a correct definition of frame bursting, including its benefits and drawbacks.",unseen_answers
4.2_LM_v1.0.180,retrieval_no_feedback,retrieval,no_feedback,order_1,score,succeeded,1.0,1.0,0.0,0.0,0.0,0.0,3780,3808,16279,1,,1.0,The response answers all three parts of the question correctly.,unseen_answers
4.2_LM_v1.0.26,retrieval_no_feedback,retrieval,no_feedback,order_1,score,succeeded,1.0,1.0,0.0,0.0,0.0,0.0,3533,3571,11841,1,,1.0,The response answers all three parts of the question correctly.,unseen_answers
4.2_LM_v1.0.179,retrieval_no_feedback,retrieval,no_feedback,order_1,score,succeeded,1.0,1.0,0.0,0.0,0.0,0.0,3313,3344,11250,1,,1.0,"The response answers the correct definition of frame bursting, its advantage and disadvantage.",unseen_answers
4.2_LM_v1.0.115,mem0_no_feedback,mem0,no_feedback,order_2,score,succeeded,1.0,1.0,0.0,0.0,0.0,0.0,461,491,16969,1,,1.0,The response correctly answers all three parts of the question.,training
4.2_LM_v1.0.26,amem_no_feedback,amem,no_feedback,order_1,score,succeeded,1.0,1.0,0.0,0.0,0.0,0.0,7733,7769,16683,1,,1.0,The response answers all three parts of the question correctly.,unseen_answers
4.2_LM_v1.0.180,no_memory,none,none,order_2,score,succeeded,1.0,1.0,0.0,0.0,0.0,0.0,230,256,11234,1,,1.0,The response answers all three parts of the question correctly.,unseen_answers
4.2_LM_v1.0.179,no_memory,none,none,order_2,score,succeeded,0.9,1.0,-0.09999999999999998,0.09999999999999998,-0.09999999999999998,0.09999999999999998,191,232,10999,1,,1.0,"The response answers the correct definition of frame bursting, its advantage and disadvantage.",unseen_answers
4.2_LM_v1.0.359,retrieval_full,retrieval,full,order_2,score,succeeded,1.0,1.0,0.0,0.0,0.0,0.0,3597,3623,9223,1,,1.0,"The response gives a correct definition of frame bursting, its advantage and disadvantage.",unseen_answers
4.2_LM_v1.0.351,retrieval_full,retrieval,full,order_2,score,succeeded,1.0,1.0,0.0,0.0,0.0,0.0,4239,4271,9432,1,,1.0,"The response correctly answers all three parts, the frame bursting definition, its advantage and disadvantage.",unseen_answers
4.2_LM_v1.0.359,amem_full,amem,full,order_2,score,succeeded,1.0,1.0,0.0,0.0,0.0,0.0,7869,7894,10017,1,,1.0,"The response gives a correct definition of frame bursting, its advantage and disadvantage.",unseen_answers
4.2_LM_v1.0.213,retrieval_full,retrieval,full,order_2,score,succeeded,1.0,1.0,0.0,0.0,0.0,0.0,3794,3825,10053,1,,1.0,The response correctly answers all three parts of the question.,unseen_answers
4.2_LM_v1.0.26,retrieval_full,retrieval,full,order_2,score,succeeded,1.0,1.0,0.0,0.0,0.0,0.0,3960,3990,9556,1,,1.0,The response answers all three parts of the question correctly.,unseen_answers
4.2_LM_v1.0.298,amem_full,amem,full,order_2,score,succeeded,1.0,1.0,0.0,0.0,0.0,0.0,8758,8798,12632,1,,1.0,The response is answering all three parts of the question correctly.,unseen_answers
4.2_LM_v1.0.108,retrieval_no_feedback,retrieval,no_feedback,order_2,score,succeeded,1.0,1.0,0.0,0.0,0.0,0.0,3873,3910,13728,1,,1.0,"The response correctly states the definition of frame bursting, including its pros and cons.",unseen_answers
4.2_LM_v1.0.359,retrieval_no_feedback,retrieval,no_feedback,order_2,score,succeeded,1.0,1.0,0.0,0.0,0.0,0.0,3180,3206,12345,1,,1.0,"The response gives a correct definition of frame bursting, its advantage and disadvantage.",unseen_answers
4.2_LM_v1.0.351,retrieval_no_feedback,retrieval,no_feedback,order_2,score,succeeded,1.0,1.0,0.0,0.0,0.0,0.0,3766,3797,12826,1,,1.0,"The response correctly answers all three parts, the frame bursting definition, its advantage and disadvantage.",unseen_answers
4.2_LM_v1.0.180,retrieval_no_feedback,retrieval,no_feedback,order_2,score,succeeded,1.0,1.0,0.0,0.0,0.0,0.0,3780,3810,12575,1,,1.0,The response answers all three parts of the question correctly.,unseen_answers
4.2_LM_v1.0.213,retrieval_no_feedback,retrieval,no_feedback,order_2,score,succeeded,1.0,1.0,0.0,0.0,0.0,0.0,3316,3349,10649,1,,1.0,The response correctly answers all three parts of the question.,unseen_answers
4.2_LM_v1.0.298,retrieval_no_feedback,retrieval,no_feedback,order_2,score,succeeded,1.0,1.0,0.0,0.0,0.0,0.0,3974,4004,14869,1,,1.0,The response is answering all three parts of the question correctly.,unseen_answers
4.2_LM_v1.0.179,retrieval_no_feedback,retrieval,no_feedback,order_2,score,succeeded,1.0,1.0,0.0,0.0,0.0,0.0,3313,3340,14511,1,,1.0,"The response answers the correct definition of frame bursting, its advantage and disadvantage.",unseen_answers
4.2_LM_v1.0.298,no_memory,none,none,order_3,score,succeeded,1.0,1.0,0.0,0.0,0.0,0.0,221,272,12463,1,,1.0,The response is answering all three parts of the question correctly.,unseen_answers
4.2_LM_v1.0.332,retrieval_full,retrieval,full,order_3,score,succeeded,1.0,1.0,0.0,0.0,0.0,0.0,3842,3887,10254,1,,1.0,"The response is correct. However, to substitute carrier extension, frame bursting with frame aggregation has to be used. In this case, frames are directly concatenated without waiting for acknowledgments in between.",unseen_answers
4.2_LM_v1.0.332,amem_full,amem,full,order_3,score,succeeded,0.75,1.0,-0.25,0.25,-0.25,0.25,7801,7846,17806,1,,1.0,"The response is correct. However, to substitute carrier extension, frame bursting with frame aggregation has to be used. In this case, frames are directly concatenated without waiting for acknowledgments in between.",unseen_answers
4.2_LM_v1.0.108,amem_full,amem,full,order_3,score,succeeded,1.0,1.0,0.0,0.0,0.0,0.0,8567,8609,12256,1,,1.0,"The response correctly states the definition of frame bursting, including its pros and cons.",unseen_answers
4.2_LM_v1.0.359,amem_full,amem,full,order_3,score,succeeded,1.0,1.0,0.0,0.0,0.0,0.0,7495,7521,14509,1,,1.0,"The response gives a correct definition of frame bursting, its advantage and disadvantage.",unseen_answers
4.2_LM_v1.0.351,amem_full,amem,full,order_3,score,succeeded,1.0,1.0,0.0,0.0,0.0,0.0,8375,8406,12650,1,,1.0,"The response correctly answers all three parts, the frame bursting definition, its advantage and disadvantage.",unseen_answers
4.2_LM_v1.0.179,retrieval_full,retrieval,full,order_3,score,succeeded,1.0,1.0,0.0,0.0,0.0,0.0,3751,3782,9262,1,,1.0,"The response answers the correct definition of frame bursting, its advantage and disadvantage.",unseen_answers
4.2_LM_v1.0.213,amem_full,amem,full,order_3,score,succeeded,1.0,1.0,0.0,0.0,0.0,0.0,7733,7760,11791,1,,1.0,The response correctly answers all three parts of the question.,unseen_answers
4.2_LM_v1.0.26,amem_full,amem,full,order_3,score,succeeded,1.0,1.0,0.0,0.0,0.0,0.0,8132,8168,13544,1,,1.0,The response answers all three parts of the question correctly.,unseen_answers
4.2_LM_v1.0.332,retrieval_no_feedback,retrieval,no_feedback,order_3,score,succeeded,1.0,1.0,0.0,0.0,0.0,0.0,3310,3345,16916,1,,1.0,"The response is correct. However, to substitute carrier extension, frame bursting with frame aggregation has to be used. In this case, frames are directly concatenated without waiting for acknowledgments in between.",unseen_answers
4.2_LM_v1.0.1654,amem_full,amem,full,order_2,score,succeeded,1.0,1.0,0.0,0.0,0.0,0.0,7095,7122,13492,1,,1.0,The response answers all parts of the question correctly.,training
4.2_LM_v1.0.108,retrieval_no_feedback,retrieval,no_feedback,order_3,score,succeeded,1.0,1.0,0.0,0.0,0.0,0.0,3873,3914,24007,1,,1.0,"The response correctly states the definition of frame bursting, including its pros and cons.",unseen_answers
4.2_LM_v1.0.359,retrieval_no_feedback,retrieval,no_feedback,order_3,score,succeeded,1.0,1.0,0.0,0.0,0.0,0.0,3180,3207,16202,1,,1.0,"The response gives a correct definition of frame bursting, its advantage and disadvantage.",unseen_answers
4.2_LM_v1.0.39,retrieval_no_feedback,retrieval,no_feedback,order_3,score,succeeded,1.0,1.0,0.0,0.0,0.0,0.0,3502,3532,11686,1,,1.0,"The response gives a correct definition of frame bursting, including its benefits and drawbacks.",unseen_answers
4.2_LM_v1.0.213,retrieval_no_feedback,retrieval,no_feedback,order_3,score,succeeded,1.0,1.0,0.0,0.0,0.0,0.0,3316,3349,12194,1,,1.0,The response correctly answers all three parts of the question.,unseen_answers
4.2_LM_v1.0.26,retrieval_no_feedback,retrieval,no_feedback,order_3,score,succeeded,1.0,1.0,0.0,0.0,0.0,0.0,3533,3567,12130,1,,1.0,The response answers all three parts of the question correctly.,unseen_answers
4.2_LM_v1.0.108,amem_no_feedback,amem,no_feedback,order_1,score,succeeded,1.0,1.0,0.0,0.0,0.0,0.0,8704,8740,15027,1,,1.0,"The response correctly states the definition of frame bursting, including its pros and cons.",unseen_answers
4.2_LM_v1.0.654,retrieval_no_feedback,retrieval,no_feedback,order_3,score,succeeded,1.0,1.0,0.0,0.0,0.0,0.0,2285,2325,16286,1,,1.0,"The response correctly explains the frame bursting concept, an advantage and a disadvantage.",training
4.2_LM_v1.0.713,amem_no_feedback,amem,no_feedback,order_1,score,succeeded,1.0,0.75,0.25,0.25,0.25,0.25,7926,7964,18090,1,,0.75,"The disadvantage given is correct for frame bursting in general. However, if you use it as a substitution for carrier extension, the goal is to reach the minimum frame length/transmission time needed for collisions to be detectable. Therefore, increasing transmission time is not a disadvantage in this case. Apart from that, the answer is correct.",training
4.2_LM_v1.0.316,retrieval_no_feedback,retrieval,no_feedback,order_3,score,succeeded,1.0,1.0,0.0,0.0,0.0,0.0,2644,2670,10917,1,,1.0,The response answers the question requirements correctly.,training
4.2_LM_v1.0.1029,retrieval_no_feedback,retrieval,no_feedback,order_2,score,succeeded,1.0,1.0,0.0,0.0,0.0,0.0,843,887,24085,1,,1.0,The response answers all three parts of the question correctly.,training
4.2_LM_v1.0.1271,retrieval_no_feedback,retrieval,no_feedback,order_2,score,succeeded,1.0,1.0,0.0,0.0,0.0,0.0,542,568,18894,1,,1.0,The response answers the question requirements correctly.,training
4.2_LM_v1.0.143,amem_no_feedback,amem,no_feedback,order_1,score,succeeded,1.0,1.0,0.0,0.0,0.0,0.0,5075,5105,15207,1,,1.0,"The response gives the correct definition of frame bursting, including an advantage and a disadvantage.",training
4.2_LM_v1.0.1970,mem0_full,mem0,full,order_3,score,succeeded,1.0,0.75,0.25,0.25,0.25,0.25,520,548,10303,1,,0.75,The response answers the frame bursting definition and its advantage correctly. But the disadvantage part is not completely accurate as it states frame bursting can't be used if there are no frames in queue. The sender may need to wait in case there are not enough frames which will cause additional delay.,training
4.2_LM_v1.0.640,mem0_full,mem0,full,order_3,score,succeeded,0.7,0.5,0.19999999999999996,0.19999999999999996,0.19999999999999996,0.19999999999999996,494,553,11668,1,,0.5,"The response answers the advantage and disadvantage part correctly. However, the definition is incorrect as it contains details, such as a maximal burst of three packets and a recommendation not to use it with more than 3 clients, that do not hold for frame bursting in general.",training
4.2_LM_v1.0.713,mem0_full,mem0,full,order_3,score,succeeded,0.7,0.75,-0.050000000000000044,0.050000000000000044,-0.050000000000000044,0.050000000000000044,482,520,9817,1,,0.75,"The disadvantage given is correct for frame bursting in general. However, if you use it as a substitution for carrier extension, the goal is to reach the minimum frame length/transmission time needed for collisions to be detectable. Therefore, increasing transmission time is not a disadvantage in this case. Apart from that, the answer is correct.",training
4.2_LM_v1.0.1427,mem0_full,mem0,full,order_3,score,succeeded,1.0,1.0,0.0,0.0,0.0,0.0,506,546,11852,1,,1.0,"The response is correctly answers frame bursting definition, its advantage and disadvantage.",training
4.2_LM_v1.0.1190,amem_full,amem,full,order_2,score,succeeded,0.75,1.0,-0.25,0.25,-0.25,0.25,7840,7886,17086,1,,1.0,"The response correctly states the frame bursting definition, advantage and disadvantage.",training
4.2_LM_v1.0.180,amem_no_feedback,amem,no_feedback,order_1,score,succeeded,1.0,1.0,0.0,0.0,0.0,0.0,8069,8099,15423,1,,1.0,The response answers all three parts of the question correctly.,unseen_answers
4.2_LM_v1.0.446,retrieval_no_feedback,retrieval,no_feedback,order_2,score,succeeded,1.0,1.0,0.0,0.0,0.0,0.0,1353,1382,15678,1,,1.0,"The response correctly explains the frame bursting definition, its advantage and disadvantage.",training
4.2_LM_v1.0.881,retrieval_no_feedback,retrieval,no_feedback,order_3,score,succeeded,0.9,1.0,-0.09999999999999998,0.09999999999999998,-0.09999999999999998,0.09999999999999998,317,361,13921,1,,1.0,"The response is correct as it correctly explains the concept of frame bursting, its advantage and disadvantage.",training
4.2_LM_v1.0.115,mem0_full,mem0,full,order_3,score,succeeded,0.95,1.0,-0.050000000000000044,0.050000000000000044,-0.050000000000000044,0.050000000000000044,483,522,11609,1,,1.0,The response correctly answers all three parts of the question.,training
4.2_LM_v1.0.1447,mem0_full,mem0,full,order_3,score,succeeded,0.9,1.0,-0.09999999999999998,0.09999999999999998,-0.09999999999999998,0.09999999999999998,497,546,10005,1,,1.0,The response correctly answers all three parts of the question.,training
4.2_LM_v1.0.277,mem0_full,mem0,full,order_3,score,succeeded,0.95,1.0,-0.050000000000000044,0.050000000000000044,-0.050000000000000044,0.050000000000000044,573,615,9010,1,,1.0,"The response correctly explains the frame bursting concept, including its advantage and disadvantage.",training
4.2_LM_v1.0.179,mem0_full,mem0,full,order_2,score,succeeded,0.85,1.0,-0.15000000000000002,0.15000000000000002,-0.15000000000000002,0.15000000000000002,449,486,10805,1,,1.0,"The response answers the correct definition of frame bursting, its advantage and disadvantage.",unseen_answers
4.2_LM_v1.0.39,retrieval_full,retrieval,full,order_3,score,succeeded,1.0,1.0,0.0,0.0,0.0,0.0,4144,4176,11730,1,,1.0,"The response gives a correct definition of frame bursting, including its benefits and drawbacks.",unseen_answers
4.2_LM_v1.0.1816,mem0_full,mem0,full,order_3,score,succeeded,0.9,1.0,-0.09999999999999998,0.09999999999999998,-0.09999999999999998,0.09999999999999998,518,557,10949,1,,1.0,The response answers all three parts of the question correctly.,training
4.2_LM_v1.0.1926,mem0_full,mem0,full,order_3,score,succeeded,0.9,1.0,-0.09999999999999998,0.09999999999999998,-0.09999999999999998,0.09999999999999998,454,502,11411,1,,1.0,The response answers all three parts of the question correctly.,training
4.2_LM_v1.0.1525,amem_no_feedback,amem,no_feedback,order_1,score,succeeded,0.6,0.75,-0.15000000000000002,0.15000000000000002,-0.15000000000000002,0.15000000000000002,7677,7720,17163,1,,0.75,"The response only states the frame bursting definition and its advantage, but is missing a disadvantage. There is a drawback when using frame bursting which is end to end delay. The sender may need to wait for a certain amount of frames to be collected and concatenated to a sequence of minimum length.",training
4.2_LM_v1.0.1753,amem_full,amem,full,order_2,score,succeeded,1.0,1.0,0.0,0.0,0.0,0.0,8257,8301,10914,1,,1.0,"The response correctly answers the definition of frame bursting, its advantage and disadvantage.",training
4.2_LM_v1.0.213,retrieval_full,retrieval,full,order_3,score,succeeded,1.0,1.0,0.0,0.0,0.0,0.0,3794,3828,8962,1,,1.0,The response correctly answers all three parts of the question.,unseen_answers
4.2_LM_v1.0.332,mem0_full,mem0,full,order_3,score,succeeded,0.7,1.0,-0.30000000000000004,0.30000000000000004,-0.30000000000000004,0.30000000000000004,516,565,13956,1,,1.0,"The response is correct. However, to substitute carrier extension, frame bursting with frame aggregation has to be used. In this case, frames are directly concatenated without waiting for acknowledgments in between.",unseen_answers
4.2_LM_v1.0.115,retrieval_no_feedback,retrieval,no_feedback,order_2,score,succeeded,1.0,1.0,0.0,0.0,0.0,0.0,1806,1832,14313,1,,1.0,The response correctly answers all three parts of the question.,training
4.2_LM_v1.0.2067,retrieval_no_feedback,retrieval,no_feedback,order_2,score,succeeded,1.0,1.0,0.0,0.0,0.0,0.0,1956,2001,18285,1,,1.0,The response answers all three parts of the question correctly.,training
4.2_LM_v1.0.1315,mem0_full,mem0,full,order_3,score,succeeded,0.72,1.0,-0.28,0.28,-0.28,0.28,628,693,10616,1,,1.0,"The response correctly explains the concept of frame bursting, its advantages and disadvantages.",training
4.2_LM_v1.0.108,mem0_full,mem0,full,order_3,score,succeeded,0.85,1.0,-0.15000000000000002,0.15000000000000002,-0.15000000000000002,0.15000000000000002,612,672,9775,1,,1.0,"The response correctly states the definition of frame bursting, including its pros and cons.",unseen_answers
4.2_LM_v1.0.26,retrieval_full,retrieval,full,order_3,score,succeeded,1.0,1.0,0.0,0.0,0.0,0.0,3960,3990,13543,1,,1.0,The response answers all three parts of the question correctly.,unseen_answers
4.2_LM_v1.0.180,mem0_full,mem0,full,order_3,score,succeeded,0.9,1.0,-0.09999999999999998,0.09999999999999998,-0.09999999999999998,0.09999999999999998,517,562,9940,1,,1.0,The response answers all three parts of the question correctly.,unseen_answers
4.2_LM_v1.0.1525,amem_full,amem,full,order_3,score,succeeded,0.7,0.75,-0.050000000000000044,0.050000000000000044,-0.050000000000000044,0.050000000000000044,160,189,9339,1,,0.75,"The response only states the frame bursting definition and its advantage, but is missing a disadvantage. There is a drawback when using frame bursting which is end to end delay. The sender may need to wait for a certain amount of frames to be collected and concatenated to a sequence of minimum length.",training
4.2_LM_v1.0.1816,amem_full,amem,full,order_2,score,succeeded,1.0,1.0,0.0,0.0,0.0,0.0,8135,8166,11154,1,,1.0,The response answers all three parts of the question correctly.,training
4.2_LM_v1.0.881,amem_full,amem,full,order_3,score,succeeded,0.95,1.0,-0.050000000000000044,0.050000000000000044,-0.050000000000000044,0.050000000000000044,537,572,11156,1,,1.0,"The response is correct as it correctly explains the concept of frame bursting, its advantage and disadvantage.",training
4.2_LM_v1.0.1427,amem_full,amem,full,order_2,score,succeeded,1.0,1.0,0.0,0.0,0.0,0.0,8435,8466,11293,1,,1.0,"The response is correctly answers frame bursting definition, its advantage and disadvantage.",training
4.2_LM_v1.0.1029,mem0_full,mem0,full,order_3,score,succeeded,0.85,1.0,-0.15000000000000002,0.15000000000000002,-0.15000000000000002,0.15000000000000002,488,528,11079,1,,1.0,The response answers all three parts of the question correctly.,training
4.2_LM_v1.0.446,mem0_full,mem0,full,order_3,score,succeeded,1.0,1.0,0.0,0.0,0.0,0.0,531,567,10019,1,,1.0,"The response correctly explains the frame bursting definition, its advantage and disadvantage.",training
4.2_LM_v1.0.333,amem_full,amem,full,order_2,score,succeeded,1.0,1.0,0.0,0.0,0.0,0.0,8114,8146,10060,1,,1.0,"The response correctly states the frame bursting definition, its advantage and disadvantage.",training
4.2_LM_v1.0.1385,mem0_full,mem0,full,order_3,score,succeeded,0.9,1.0,-0.09999999999999998,0.09999999999999998,-0.09999999999999998,0.09999999999999998,537,579,12733,1,,1.0,"The response states the correct definition of frame bursting, including its advantage and disadvantage.",training
4.2_LM_v1.0.1753,mem0_full,mem0,full,order_3,score,succeeded,0.8,1.0,-0.19999999999999996,0.19999999999999996,-0.19999999999999996,0.19999999999999996,557,603,10768,1,,1.0,"The response correctly answers the definition of frame bursting, its advantage and disadvantage.",training
4.2_LM_v1.0.1315,amem_full,amem,full,order_2,score,succeeded,1.0,1.0,0.0,0.0,0.0,0.0,8294,8320,10429,1,,1.0,"The response correctly explains the concept of frame bursting, its advantages and disadvantages.",training
4.2_LM_v1.0.316,amem_full,amem,full,order_2,score,succeeded,1.0,1.0,0.0,0.0,0.0,0.0,8398,8429,14337,1,,1.0,The response answers the question requirements correctly.,training
4.2_LM_v1.0.359,mem0_full,mem0,full,order_3,score,succeeded,0.8,1.0,-0.19999999999999996,0.19999999999999996,-0.19999999999999996,0.19999999999999996,448,497,9574,1,,1.0,"The response gives a correct definition of frame bursting, its advantage and disadvantage.",unseen_answers
4.2_LM_v1.0.180,amem_full,amem,full,order_3,score,succeeded,1.0,1.0,0.0,0.0,0.0,0.0,8499,8536,10875,1,,1.0,The response answers all three parts of the question correctly.,unseen_answers
4.2_LM_v1.0.351,mem0_full,mem0,full,order_3,score,succeeded,1.0,1.0,0.0,0.0,0.0,0.0,495,523,14757,1,,1.0,"The response correctly answers all three parts, the frame bursting definition, its advantage and disadvantage.",unseen_answers
4.2_LM_v1.0.39,amem_full,amem,full,order_3,score,succeeded,1.0,1.0,0.0,0.0,0.0,0.0,7953,7980,14076,1,,1.0,"The response gives a correct definition of frame bursting, including its benefits and drawbacks.",unseen_answers
4.2_LM_v1.0.881,amem_full,amem,full,order_2,score,succeeded,1.0,1.0,0.0,0.0,0.0,0.0,8525,8556,8972,1,,1.0,"The response is correct as it correctly explains the concept of frame bursting, its advantage and disadvantage.",training
4.2_LM_v1.0.87,amem_full,amem,full,order_2,score,succeeded,1.0,1.0,0.0,0.0,0.0,0.0,8610,8644,10285,1,,1.0,"The response correctly explains the frame bursting concept, its advantage and disadvantage.",training
4.2_LM_v1.0.40,amem_no_feedback,amem,no_feedback,order_2,score,succeeded,0.8,1.0,-0.19999999999999996,0.19999999999999996,-0.19999999999999996,0.19999999999999996,159,199,18147,1,,1.0,The response correctly answers all three parts of the question.,training
4.2_LM_v1.0.1984,amem_no_feedback,amem,no_feedback,order_1,score,succeeded,1.0,1.0,0.0,0.0,0.0,0.0,5917,5948,17796,1,,1.0,"The response correctly answers the frame bursting definition, its advantage and disadvantage.",training
4.2_LM_v1.0.1385,amem_full,amem,full,order_2,score,succeeded,1.0,1.0,0.0,0.0,0.0,0.0,7791,7821,11532,1,,1.0,"The response states the correct definition of frame bursting, including its advantage and disadvantage.",training
4.2_LM_v1.0.39,mem0_full,mem0,full,order_3,score,succeeded,1.0,1.0,0.0,0.0,0.0,0.0,543,573,11910,1,,1.0,"The response gives a correct definition of frame bursting, including its benefits and drawbacks.",unseen_answers
4.2_LM_v1.0.213,mem0_full,mem0,full,order_3,score,succeeded,0.8,1.0,-0.19999999999999996,0.19999999999999996,-0.19999999999999996,0.19999999999999996,488,533,11333,1,,1.0,The response correctly answers all three parts of the question.,unseen_answers
4.2_LM_v1.0.2040,amem_full,amem,full,order_2,score,succeeded,0.67,0.5,0.17000000000000004,0.17000000000000004,0.17000000000000004,0.17000000000000004,7731,7754,12873,1,,0.5,"The response correctly states the advantage and the disadvantage of frame bursting. However, it does not contain a definition. Frame bursting reduces the overhead of transmitting small frames by concatenating a sequence of multiple frames in one single transmission.",training
4.2_LM_v1.0.40,amem_full,amem,full,order_3,score,succeeded,1.0,1.0,0.0,0.0,0.0,0.0,864,888,9389,1,,1.0,The response correctly answers all three parts of the question.,training
4.2_LM_v1.0.298,mem0_full,mem0,full,order_3,score,succeeded,0.9,1.0,-0.09999999999999998,0.09999999999999998,-0.09999999999999998,0.09999999999999998,508,548,12362,1,,1.0,The response is answering all three parts of the question correctly.,unseen_answers
4.2_LM_v1.0.16,amem_full,amem,full,order_2,score,succeeded,1.0,1.0,0.0,0.0,0.0,0.0,8122,8153,10591,1,,1.0,The response answers all three parts of the question correctly.,training
4.2_LM_v1.0.298,amem_full,amem,full,order_3,score,succeeded,1.0,1.0,0.0,0.0,0.0,0.0,8139,8179,13351,1,,1.0,The response is answering all three parts of the question correctly.,unseen_answers
4.2_LM_v1.0.179,amem_full,amem,full,order_3,score,succeeded,1.0,1.0,0.0,0.0,0.0,0.0,7527,7558,11341,1,,1.0,"The response answers the correct definition of frame bursting, its advantage and disadvantage.",unseen_answers
4.2_LM_v1.0.918,amem_full,amem,full,order_3,score,succeeded,1.0,1.0,0.0,0.0,0.0,0.0,1492,1520,9366,1,,1.0,"The response answer is correct as it contains an appropriate definition, advantage and disadvantage.",training
4.2_LM_v1.0.1304,amem_full,amem,full,order_3,score,succeeded,0.9,0.75,0.15000000000000002,0.15000000000000002,0.15000000000000002,0.15000000000000002,2340,2379,13212,1,,0.75,"The response answers the advantage and disadvantage of frame bursting correctly. However, the definition part is partially correct as it mentions that there are 10 packets to be sent together, which is not true as there is no specification for the number of packets in a frame. Frame bursting is used to concatenate a sequence of multiple frames and transmitting them in one single transmission.",training
4.2_LM_v1.0.1654,amem_full,amem,full,order_3,score,succeeded,1.0,1.0,0.0,0.0,0.0,0.0,3143,3167,11001,1,,1.0,The response answers all parts of the question correctly.,training
4.2_LM_v1.0.252,amem_full,amem,full,order_3,score,succeeded,1.0,1.0,0.0,0.0,0.0,0.0,4095,4125,10740,1,,1.0,The response correctly explains the frame busting concept as well as its advantage and disadvantage.,training
4.2_LM_v1.0.26,mem0_full,mem0,full,order_3,score,succeeded,0.9,1.0,-0.09999999999999998,0.09999999999999998,-0.09999999999999998,0.09999999999999998,476,525,14591,1,,1.0,The response answers all three parts of the question correctly.,unseen_answers
4.2_LM_v1.0.179,mem0_full,mem0,full,order_3,score,succeeded,0.85,1.0,-0.15000000000000002,0.15000000000000002,-0.15000000000000002,0.15000000000000002,475,526,13048,1,,1.0,"The response answers the correct definition of frame bursting, its advantage and disadvantage.",unseen_answers
4.2_LM_v1.0.115,retrieval_no_feedback,retrieval,no_feedback,order_1,score,succeeded,1.0,1.0,0.0,0.0,0.0,0.0,393,417,9471,1,,1.0,The response correctly answers all three parts of the question.,training
4.2_LM_v1.0.654,amem_full,amem,full,order_3,score,succeeded,1.0,1.0,0.0,0.0,0.0,0.0,4893,4924,10616,1,,1.0,"The response correctly explains the frame bursting concept, an advantage and a disadvantage.",training
4.2_LM_v1.0.115,amem_no_feedback,amem,no_feedback,order_1,score,succeeded,1.0,1.0,0.0,0.0,0.0,0.0,198,229,9215,1,,1.0,The response correctly answers all three parts of the question.,training
4.2_LM_v1.0.388,amem_no_feedback,amem,no_feedback,order_1,score,succeeded,1.0,1.0,0.0,0.0,0.0,0.0,580,613,15070,1,,1.0,"The response correctly answers all three parts of the question with an example. However, the answer also states the 9% efficiency of carrier extension which is only valid in worst case scenario. The efficiency can be better based on how much data we are sending which can vary between 46-1500 bytes.",training
4.2_LM_v1.0.1970,amem_no_feedback,amem,no_feedback,order_1,score,succeeded,1.0,0.75,0.25,0.25,0.25,0.25,1065,1103,10311,1,,0.75,The response answers the frame bursting definition and its advantage correctly. But the disadvantage part is not completely accurate as it states frame bursting can't be used if there are no frames in queue. The sender may need to wait in case there are not enough frames which will cause additional delay.,training
4.2_LM_v1.0.16,retrieval_no_feedback,retrieval,no_feedback,order_3,score,succeeded,1.0,1.0,0.0,0.0,0.0,0.0,3352,3378,10434,1,,1.0,The response answers all three parts of the question correctly.,training
4.2_LM_v1.0.16,amem_full,amem,full,order_1,score,succeeded,1.0,1.0,0.0,0.0,0.0,0.0,1435,1467,11149,1,,1.0,The response answers all three parts of the question correctly.,training
4.2_LM_v1.0.694,no_memory,none,full,order_1,score,succeeded,1.0,1.0,0.0,0.0,0.0,0.0,331,361,10064,1,,1.0,"The response correctly explains the definition of frame bursting, including an advantage and a disadvantage.",training
4.2_LM_v1.0.143,retrieval_full,retrieval,full,order_1,score,succeeded,1.0,1.0,0.0,0.0,0.0,0.0,2860,2888,9925,1,,1.0,"The response gives the correct definition of frame bursting, including an advantage and a disadvantage.",training
4.2_LM_v1.0.277,retrieval_full,retrieval,full,order_1,score,succeeded,1.0,1.0,0.0,0.0,0.0,0.0,3131,3161,9373,1,,1.0,"The response correctly explains the frame bursting concept, including its advantage and disadvantage.",training
4.2_LM_v1.0.316,amem_full,amem,full,order_3,score,succeeded,1.0,1.0,0.0,0.0,0.0,0.0,5622,5652,12318,1,,1.0,The response answers the question requirements correctly.,training
4.2_LM_v1.0.694,retrieval_no_feedback,retrieval,no_feedback,order_2,score,succeeded,1.0,1.0,0.0,0.0,0.0,0.0,2446,2475,12207,1,,1.0,"The response correctly explains the definition of frame bursting, including an advantage and a disadvantage.",training
4.2_LM_v1.0.446,retrieval_no_feedback,retrieval,no_feedback,order_3,score,succeeded,1.0,1.0,0.0,0.0,0.0,0.0,3981,4010,11354,1,,1.0,"The response correctly explains the frame bursting definition, its advantage and disadvantage.",training
4.2_LM_v1.0.1970,amem_full,amem,full,order_1,score,succeeded,1.0,0.75,0.25,0.25,0.25,0.25,1093,1123,10312,2,,0.75,The response answers the frame bursting definition and its advantage correctly. But the disadvantage part is not completely accurate as it states frame bursting can't be used if there are no frames in queue. The sender may need to wait in case there are not enough frames which will cause additional delay.,training
4.2_LM_v1.0.1385,retrieval_full,retrieval,full,order_1,score,succeeded,1.0,1.0,0.0,0.0,0.0,0.0,1991,2022,10467,1,,1.0,"The response states the correct definition of frame bursting, including its advantage and disadvantage.",training
4.2_LM_v1.0.640,retrieval_full,retrieval,full,order_1,score,succeeded,0.75,0.5,0.25,0.25,0.25,0.25,2182,2240,11452,1,,0.5,"The response answers the advantage and disadvantage part correctly. However, the definition is incorrect as it contains details, such as a maximal burst of three packets and a recommendation not to use it with more than 3 clients, that do not hold for frame bursting in general.",training
4.2_LM_v1.0.1304,mem0_full,mem0,full,order_1,score,succeeded,0.85,0.75,0.09999999999999998,0.09999999999999998,0.09999999999999998,0.09999999999999998,583,632,11004,1,,0.75,"The response answers the advantage and disadvantage of frame bursting correctly. However, the definition part is partially correct as it mentions that there are 10 packets to be sent together, which is not true as there is no specification for the number of packets in a frame. Frame bursting is used to concatenate a sequence of multiple frames and transmitting them in one single transmission.",training
4.2_LM_v1.0.252,amem_full,amem,full,order_1,score,succeeded,0.9,1.0,-0.09999999999999998,0.09999999999999998,-0.09999999999999998,0.09999999999999998,1867,1917,12506,1,,1.0,The response correctly explains the frame busting concept as well as its advantage and disadvantage.,training
4.2_LM_v1.0.1385,no_memory,none,full,order_1,score,succeeded,1.0,1.0,0.0,0.0,0.0,0.0,250,280,10030,1,,1.0,"The response states the correct definition of frame bursting, including its advantage and disadvantage.",training
4.2_LM_v1.0.2067,no_memory,none,full,order_1,score,succeeded,0.75,1.0,-0.25,0.25,-0.25,0.25,188,237,11083,1,,1.0,The response answers all three parts of the question correctly.,training
4.2_LM_v1.0.694,retrieval_full,retrieval,full,order_1,score,succeeded,1.0,1.0,0.0,0.0,0.0,0.0,2703,2737,15331,1,,1.0,"The response correctly explains the definition of frame bursting, including an advantage and a disadvantage.",training
4.2_LM_v1.0.388,retrieval_no_feedback,retrieval,no_feedback,order_2,score,succeeded,1.0,1.0,0.0,0.0,0.0,0.0,2669,2710,13207,1,,1.0,"The response correctly answers all three parts of the question with an example. However, the answer also states the 9% efficiency of carrier extension which is only valid in worst case scenario. The efficiency can be better based on how much data we are sending which can vary between 46-1500 bytes.",training
4.2_LM_v1.0.16,mem0_full,mem0,full,order_1,score,succeeded,0.85,1.0,-0.15000000000000002,0.15000000000000002,-0.15000000000000002,0.15000000000000002,454,501,9995,1,,1.0,The response answers all three parts of the question correctly.,training
4.2_LM_v1.0.2047,no_memory,none,full,order_1,score,succeeded,1.0,1.0,0.0,0.0,0.0,0.0,157,176,10472,1,,1.0,The response answers all three parts of the question accurately.,training
4.2_LM_v1.0.277,no_memory,none,full,order_1,score,succeeded,1.0,1.0,0.0,0.0,0.0,0.0,286,316,9326,1,,1.0,"The response correctly explains the frame bursting concept, including its advantage and disadvantage.",training
4.2_LM_v1.0.1984,retrieval_full,retrieval,full,order_1,score,succeeded,1.0,1.0,0.0,0.0,0.0,0.0,3320,3362,11871,1,,1.0,"The response correctly answers the frame bursting definition, its advantage and disadvantage.",training
4.2_LM_v1.0.1190,no_memory,none,full,order_1,score,succeeded,0.85,1.0,-0.15000000000000002,0.15000000000000002,-0.15000000000000002,0.15000000000000002,192,234,9438,1,,1.0,"The response correctly states the frame bursting definition, advantage and disadvantage.",training
4.2_LM_v1.0.1271,no_memory,none,full,order_1,score,succeeded,0.9,1.0,-0.09999999999999998,0.09999999999999998,-0.09999999999999998,0.09999999999999998,155,195,11295,1,,1.0,The response answers the question requirements correctly.,training
4.2_LM_v1.0.1441,retrieval_full,retrieval,full,order_1,score,succeeded,1.0,1.0,0.0,0.0,0.0,0.0,4467,4493,17489,1,,1.0,The response correctly explains what frame bursting is and also provides the accurate advantage and disadvantage of it.,training
4.2_LM_v1.0.252,mem0_full,mem0,full,order_1,score,succeeded,0.9,1.0,-0.09999999999999998,0.09999999999999998,-0.09999999999999998,0.09999999999999998,543,594,9818,1,,1.0,The response correctly explains the frame busting concept as well as its advantage and disadvantage.,training
4.2_LM_v1.0.351,amem_no_feedback,amem,no_feedback,order_2,score,succeeded,1.0,1.0,0.0,0.0,0.0,0.0,7867,7899,13415,1,,1.0,"The response correctly answers all three parts, the frame bursting definition, its advantage and disadvantage.",unseen_answers
4.2_LM_v1.0.640,no_memory,none,full,order_1,score,succeeded,0.65,0.5,0.15000000000000002,0.15000000000000002,0.15000000000000002,0.15000000000000002,207,273,12351,1,,0.5,"The response answers the advantage and disadvantage part correctly. However, the definition is incorrect as it contains details, such as a maximal burst of three packets and a recommendation not to use it with more than 3 clients, that do not hold for frame bursting in general.",training
4.2_LM_v1.0.2067,retrieval_full,retrieval,full,order_1,score,succeeded,0.75,1.0,-0.25,0.25,-0.25,0.25,2390,2444,11000,1,,1.0,The response answers all three parts of the question correctly.,training
4.2_LM_v1.0.1984,no_memory,none,full,order_1,score,succeeded,1.0,1.0,0.0,0.0,0.0,0.0,206,232,15244,1,,1.0,"The response correctly answers the frame bursting definition, its advantage and disadvantage.",training
4.2_LM_v1.0.1427,no_memory,none,full,order_1,score,succeeded,1.0,1.0,0.0,0.0,0.0,0.0,219,257,12072,1,,1.0,"The response is correctly answers frame bursting definition, its advantage and disadvantage.",training
4.2_LM_v1.0.713,no_memory,none,full,order_1,score,succeeded,1.0,0.75,0.25,0.25,0.25,0.25,195,238,11763,1,,0.75,"The disadvantage given is correct for frame bursting in general. However, if you use it as a substitution for carrier extension, the goal is to reach the minimum frame length/transmission time needed for collisions to be detectable. Therefore, increasing transmission time is not a disadvantage in this case. Apart from that, the answer is correct.",training
4.2_LM_v1.0.388,amem_full,amem,full,order_3,score,succeeded,1.0,1.0,0.0,0.0,0.0,0.0,6379,6425,11548,2,,1.0,"The response correctly answers all three parts of the question with an example. However, the answer also states the 9% efficiency of carrier extension which is only valid in worst case scenario. The efficiency can be better based on how much data we are sending which can vary between 46-1500 bytes.",training
4.2_LM_v1.0.1816,no_memory,none,full,order_1,score,succeeded,0.95,1.0,-0.050000000000000044,0.050000000000000044,-0.050000000000000044,0.050000000000000044,231,268,11941,1,,1.0,The response answers all three parts of the question correctly.,training
4.2_LM_v1.0.1190,amem_full,amem,full,order_3,score,succeeded,1.0,1.0,0.0,0.0,0.0,0.0,6911,6950,11922,1,,1.0,"The response correctly states the frame bursting definition, advantage and disadvantage.",training
4.2_LM_v1.0.2047,amem_full,amem,full,order_1,score,succeeded,1.0,1.0,0.0,0.0,0.0,0.0,3070,3101,10967,1,,1.0,The response answers all three parts of the question accurately.,training
4.2_LM_v1.0.87,amem_full,amem,full,order_3,score,succeeded,1.0,1.0,0.0,0.0,0.0,0.0,7684,7714,12295,1,,1.0,"The response correctly explains the frame bursting concept, its advantage and disadvantage.",training
4.2_LM_v1.0.2040,mem0_full,mem0,full,order_1,score,succeeded,0.67,0.5,0.17000000000000004,0.17000000000000004,0.17000000000000004,0.17000000000000004,424,447,9600,1,,0.5,"The response correctly states the advantage and the disadvantage of frame bursting. However, it does not contain a definition. Frame bursting reduces the overhead of transmitting small frames by concatenating a sequence of multiple frames in one single transmission.",training
4.2_LM_v1.0.1190,retrieval_full,retrieval,full,order_1,score,succeeded,0.5,1.0,-0.5,0.5,-0.5,0.5,3496,3551,12501,1,,1.0,"The response correctly states the frame bursting definition, advantage and disadvantage.",training
4.2_LM_v1.0.654,retrieval_full,retrieval,full,order_1,score,succeeded,1.0,1.0,0.0,0.0,0.0,0.0,4256,4286,12974,1,,1.0,"The response correctly explains the frame bursting concept, an advantage and a disadvantage.",training
4.2_LM_v1.0.1630,no_memory,none,full,order_1,score,succeeded,1.0,1.0,0.0,0.0,0.0,0.0,250,280,10126,1,,1.0,The response answers all the three parts of the question correctly.,training
4.2_LM_v1.0.1926,no_memory,none,full,order_1,score,succeeded,0.9,1.0,-0.09999999999999998,0.09999999999999998,-0.09999999999999998,0.09999999999999998,167,202,16327,1,,1.0,The response answers all three parts of the question correctly.,training
4.2_LM_v1.0.1441,amem_full,amem,full,order_3,score,succeeded,1.0,1.0,0.0,0.0,0.0,0.0,8069,8100,13845,1,,1.0,The response correctly explains what frame bursting is and also provides the accurate advantage and disadvantage of it.,training
4.2_LM_v1.0.277,retrieval_no_feedback,retrieval,no_feedback,order_2,score,succeeded,1.0,1.0,0.0,0.0,0.0,0.0,2919,2954,19297,1,,1.0,"The response correctly explains the frame bursting concept, including its advantage and disadvantage.",training
4.2_LM_v1.0.2047,mem0_full,mem0,full,order_1,score,succeeded,0.85,1.0,-0.15000000000000002,0.15000000000000002,-0.15000000000000002,0.15000000000000002,440,487,10240,1,,1.0,The response answers all three parts of the question accurately.,training
4.2_LM_v1.0.640,mem0_full,mem0,full,order_1,score,succeeded,0.7,0.5,0.19999999999999996,0.19999999999999996,0.19999999999999996,0.19999999999999996,493,552,11659,1,,0.5,"The response answers the advantage and disadvantage part correctly. However, the definition is incorrect as it contains details, such as a maximal burst of three packets and a recommendation not to use it with more than 3 clients, that do not hold for frame bursting in general.",training
4.2_LM_v1.0.333,amem_full,amem,full,order_3,score,succeeded,1.0,1.0,0.0,0.0,0.0,0.0,7870,7898,12386,1,,1.0,"The response correctly states the frame bursting definition, its advantage and disadvantage.",training
4.2_LM_v1.0.640,amem_full,amem,full,order_3,score,succeeded,1.0,0.5,0.5,0.5,0.5,0.5,7806,7852,15583,1,,0.5,"The response answers the advantage and disadvantage part correctly. However, the definition is incorrect as it contains details, such as a maximal burst of three packets and a recommendation not to use it with more than 3 clients, that do not hold for frame bursting in general.",training
4.2_LM_v1.0.1816,retrieval_full,retrieval,full,order_1,score,succeeded,1.0,1.0,0.0,0.0,0.0,0.0,3709,3734,11675,1,,1.0,The response answers all three parts of the question correctly.,training
4.2_LM_v1.0.1271,retrieval_full,retrieval,full,order_1,score,succeeded,1.0,1.0,0.0,0.0,0.0,0.0,4021,4040,14121,1,,1.0,The response answers the question requirements correctly.,training
4.2_LM_v1.0.1427,retrieval_full,retrieval,full,order_1,score,succeeded,1.0,1.0,0.0,0.0,0.0,0.0,4220,4254,14868,1,,1.0,"The response is correctly answers frame bursting definition, its advantage and disadvantage.",training
4.2_LM_v1.0.370,no_memory,none,full,order_1,score,succeeded,1.0,1.0,0.0,0.0,0.0,0.0,187,217,16439,1,,1.0,The response correctly answers all three parts of the question.,training
4.2_LM_v1.0.1630,retrieval_full,retrieval,full,order_1,score,succeeded,1.0,1.0,0.0,0.0,0.0,0.0,4295,4325,17191,1,,1.0,The response answers all the three parts of the question correctly.,training
4.2_LM_v1.0.388,retrieval_no_feedback,retrieval,no_feedback,order_1,score,succeeded,1.0,1.0,0.0,0.0,0.0,0.0,618,653,13210,1,,1.0,"The response correctly answers all three parts of the question with an example. However, the answer also states the 9% efficiency of carrier extension which is only valid in worst case scenario. The efficiency can be better based on how much data we are sending which can vary between 46-1500 bytes.",training
4.2_LM_v1.0.1654,retrieval_no_feedback,retrieval,no_feedback,order_2,score,succeeded,1.0,1.0,0.0,0.0,0.0,0.0,3054,3081,20967,1,,1.0,The response answers all parts of the question correctly.,training
4.2_LM_v1.0.1385,mem0_full,mem0,full,order_1,score,succeeded,1.0,1.0,0.0,0.0,0.0,0.0,536,566,10631,1,,1.0,"The response states the correct definition of frame bursting, including its advantage and disadvantage.",training
4.2_LM_v1.0.1441,no_memory,none,full,order_1,score,succeeded,1.0,1.0,0.0,0.0,0.0,0.0,262,303,12037,1,,1.0,The response correctly explains what frame bursting is and also provides the accurate advantage and disadvantage of it.,training
4.2_LM_v1.0.333,no_memory,none,full,order_1,score,succeeded,1.0,1.0,0.0,0.0,0.0,0.0,175,202,15676,1,,1.0,"The response correctly states the frame bursting definition, its advantage and disadvantage.",training
4.2_LM_v1.0.143,mem0_full,mem0,full,order_1,score,succeeded,0.9,1.0,-0.09999999999999998,0.09999999999999998,-0.09999999999999998,0.09999999999999998,460,504,17972,1,,1.0,"The response gives the correct definition of frame bursting, including an advantage and a disadvantage.",training
4.2_LM_v1.0.1320,amem_full,amem,full,order_3,score,succeeded,1.0,1.0,0.0,0.0,0.0,0.0,7620,7648,10293,1,,1.0,"The response gives the frame bursting definition, its advantage and disadvantage correctly.",training
4.2_LM_v1.0.370,retrieval_no_feedback,retrieval,no_feedback,order_2,score,succeeded,1.0,1.0,0.0,0.0,0.0,0.0,3204,3229,11737,1,,1.0,The response correctly answers all three parts of the question.,training
4.2_LM_v1.0.694,mem0_full,mem0,full,order_1,score,succeeded,1.0,1.0,0.0,0.0,0.0,0.0,617,647,16284,1,,1.0,"The response correctly explains the definition of frame bursting, including an advantage and a disadvantage.",training
4.2_LM_v1.0.115,amem_full,amem,full,order_3,score,succeeded,1.0,1.0,0.0,0.0,0.0,0.0,7712,7743,11551,1,,1.0,The response correctly answers all three parts of the question.,training
4.2_LM_v1.0.115,mem0_no_feedback,mem0,no_feedback,order_1,score,succeeded,1.0,1.0,0.0,0.0,0.0,0.0,479,509,10408,1,,1.0,The response correctly answers all three parts of the question.,training
4.2_LM_v1.0.388,mem0_no_feedback,mem0,no_feedback,order_1,score,succeeded,0.95,1.0,-0.050000000000000044,0.050000000000000044,-0.050000000000000044,0.050000000000000044,549,580,9152,1,,1.0,"The response correctly answers all three parts of the question with an example. However, the answer also states the 9% efficiency of carrier extension which is only valid in worst case scenario. The efficiency can be better based on how much data we are sending which can vary between 46-1500 bytes.",training
4.2_LM_v1.0.713,retrieval_full,retrieval,full,order_1,score,succeeded,0.75,0.75,0.0,0.0,0.0,0.0,4168,4204,20588,1,,0.75,"The disadvantage given is correct for frame bursting in general. However, if you use it as a substitution for carrier extension, the goal is to reach the minimum frame length/transmission time needed for collisions to be detectable. Therefore, increasing transmission time is not a disadvantage in this case. Apart from that, the answer is correct.",training
4.2_LM_v1.0.1029,no_memory,none,full,order_1,score,succeeded,0.9,1.0,-0.09999999999999998,0.09999999999999998,-0.09999999999999998,0.09999999999999998,201,240,17313,1,,1.0,The response answers all three parts of the question correctly.,training
4.2_LM_v1.0.333,retrieval_full,retrieval,full,order_1,score,succeeded,1.0,1.0,0.0,0.0,0.0,0.0,4101,4135,14813,1,,1.0,"The response correctly states the frame bursting definition, its advantage and disadvantage.",training
4.2_LM_v1.0.1816,amem_full,amem,full,order_3,score,succeeded,1.0,1.0,0.0,0.0,0.0,0.0,7870,7908,14081,1,,1.0,The response answers all three parts of the question correctly.,training
4.2_LM_v1.0.1970,mem0_no_feedback,mem0,no_feedback,order_1,score,succeeded,0.95,0.75,0.19999999999999996,0.19999999999999996,0.19999999999999996,0.19999999999999996,519,563,10688,1,,0.75,The response answers the frame bursting definition and its advantage correctly. But the disadvantage part is not completely accurate as it states frame bursting can't be used if there are no frames in queue. The sender may need to wait in case there are not enough frames which will cause additional delay.,training
4.2_LM_v1.0.143,amem_full,amem,full,order_3,score,succeeded,1.0,1.0,0.0,0.0,0.0,0.0,7460,7489,12397,1,,1.0,"The response gives the correct definition of frame bursting, including an advantage and a disadvantage.",training
4.2_LM_v1.0.277,amem_full,amem,full,order_3,score,succeeded,1.0,1.0,0.0,0.0,0.0,0.0,7829,7860,13033,1,,1.0,"The response correctly explains the frame bursting concept, including its advantage and disadvantage.",training
4.2_LM_v1.0.1304,retrieval_full,retrieval,full,order_1,score,succeeded,1.0,0.75,0.25,0.25,0.25,0.25,1411,1447,8980,2,,0.75,"The response answers the advantage and disadvantage of frame bursting correctly. However, the definition part is partially correct as it mentions that there are 10 packets to be sent together, which is not true as there is no specification for the number of packets in a frame. Frame bursting is used to concatenate a sequence of multiple frames and transmitting them in one single transmission.",training
4.2_LM_v1.0.2040,retrieval_full,retrieval,full,order_1,score,succeeded,0.75,0.5,0.25,0.25,0.25,0.25,1590,1618,14082,1,,0.5,"The response correctly states the advantage and the disadvantage of frame bursting. However, it does not contain a definition. Frame bursting reduces the overhead of transmitting small frames by concatenating a sequence of multiple frames in one single transmission.",training
4.2_LM_v1.0.2047,retrieval_full,retrieval,full,order_1,score,succeeded,1.0,1.0,0.0,0.0,0.0,0.0,1760,1787,9296,1,,1.0,The response answers all three parts of the question accurately.,training
4.2_LM_v1.0.1029,amem_full,amem,full,order_3,score,succeeded,0.9,1.0,-0.09999999999999998,0.09999999999999998,-0.09999999999999998,0.09999999999999998,7600,7642,15282,1,,1.0,The response answers all three parts of the question correctly.,training
4.2_LM_v1.0.2047,retrieval_no_feedback,retrieval,no_feedback,order_1,score,succeeded,1.0,1.0,0.0,0.0,0.0,0.0,1449,1475,8998,1,,1.0,The response answers all three parts of the question accurately.,training
4.2_LM_v1.0.1525,retrieval_full,retrieval,full,order_1,score,succeeded,0.5,0.75,-0.25,0.25,-0.25,0.25,3990,4026,10912,1,,0.75,"The response only states the frame bursting definition and its advantage, but is missing a disadvantage. There is a drawback when using frame bursting which is end to end delay. The sender may need to wait for a certain amount of frames to be collected and concatenated to a sequence of minimum length.",training
4.2_LM_v1.0.1654,retrieval_full,retrieval,full,order_1,score,succeeded,1.0,1.0,0.0,0.0,0.0,0.0,4008,4038,12225,1,,1.0,The response answers all parts of the question correctly.,training
4.2_LM_v1.0.1320,no_memory,none,full,order_1,score,succeeded,1.0,1.0,0.0,0.0,0.0,0.0,183,214,10792,1,,1.0,"The response gives the frame bursting definition, its advantage and disadvantage correctly.",training
4.2_LM_v1.0.1190,mem0_full,mem0,full,order_1,score,succeeded,0.8,1.0,-0.19999999999999996,0.19999999999999996,-0.19999999999999996,0.19999999999999996,475,519,10890,1,,1.0,"The response correctly states the frame bursting definition, advantage and disadvantage.",training
4.2_LM_v1.0.87,no_memory,none,full,order_1,score,succeeded,0.85,1.0,-0.15000000000000002,0.15000000000000002,-0.15000000000000002,0.15000000000000002,209,255,12271,1,,1.0,"The response correctly explains the frame bursting concept, its advantage and disadvantage.",training
4.2_LM_v1.0.40,no_memory,none,full,order_2,score,succeeded,0.9,1.0,-0.09999999999999998,0.09999999999999998,-0.09999999999999998,0.09999999999999998,157,192,10262,1,,1.0,The response correctly answers all three parts of the question.,training
4.2_LM_v1.0.1320,no_memory,none,full,order_2,score,succeeded,1.0,1.0,0.0,0.0,0.0,0.0,183,210,9322,1,,1.0,"The response gives the frame bursting definition, its advantage and disadvantage correctly.",training
4.2_LM_v1.0.1525,no_memory,none,full,order_1,score,succeeded,0.5,0.75,-0.25,0.25,-0.25,0.25,159,194,11696,1,,0.75,"The response only states the frame bursting definition and its advantage, but is missing a disadvantage. There is a drawback when using frame bursting which is end to end delay. The sender may need to wait for a certain amount of frames to be collected and concatenated to a sequence of minimum length.",training
4.2_LM_v1.0.1753,no_memory,none,full,order_1,score,succeeded,0.9,1.0,-0.09999999999999998,0.09999999999999998,-0.09999999999999998,0.09999999999999998,270,306,12025,1,,1.0,"The response correctly answers the definition of frame bursting, its advantage and disadvantage.",training
4.2_LM_v1.0.1753,retrieval_full,retrieval,full,order_1,score,succeeded,1.0,1.0,0.0,0.0,0.0,0.0,3872,3911,14284,1,,1.0,"The response correctly answers the definition of frame bursting, its advantage and disadvantage.",training
4.2_LM_v1.0.1447,no_memory,none,full,order_1,score,succeeded,0.9,1.0,-0.09999999999999998,0.09999999999999998,-0.09999999999999998,0.09999999999999998,210,257,9857,1,,1.0,The response correctly answers all three parts of the question.,training
4.2_LM_v1.0.87,retrieval_full,retrieval,full,order_1,score,succeeded,1.0,1.0,0.0,0.0,0.0,0.0,4217,4258,12260,1,,1.0,"The response correctly explains the frame bursting concept, its advantage and disadvantage.",training
4.2_LM_v1.0.1525,retrieval_full,retrieval,full,order_2,score,succeeded,0.6,0.75,-0.15000000000000002,0.15000000000000002,-0.15000000000000002,0.15000000000000002,295,334,11003,1,,0.75,"The response only states the frame bursting definition and its advantage, but is missing a disadvantage. There is a drawback when using frame bursting which is end to end delay. The sender may need to wait for a certain amount of frames to be collected and concatenated to a sequence of minimum length.",training
4.2_LM_v1.0.143,no_memory,none,full,order_2,score,succeeded,1.0,1.0,0.0,0.0,0.0,0.0,174,196,10444,1,,1.0,"The response gives the correct definition of frame bursting, including an advantage and a disadvantage.",training
4.2_LM_v1.0.277,mem0_full,mem0,full,order_1,score,succeeded,0.9,1.0,-0.09999999999999998,0.09999999999999998,-0.09999999999999998,0.09999999999999998,572,621,9570,1,,1.0,"The response correctly explains the frame bursting concept, including its advantage and disadvantage.",training
4.2_LM_v1.0.1304,amem_no_feedback,amem,no_feedback,order_2,score,succeeded,0.9,0.75,0.15000000000000002,0.15000000000000002,0.15000000000000002,0.15000000000000002,7604,7654,14185,1,,0.75,"The response answers the advantage and disadvantage of frame bursting correctly. However, the definition part is partially correct as it mentions that there are 10 packets to be sent together, which is not true as there is no specification for the number of packets in a frame. Frame bursting is used to concatenate a sequence of multiple frames and transmitting them in one single transmission.",training
4.2_LM_v1.0.316,no_memory,none,full,order_1,score,succeeded,1.0,1.0,0.0,0.0,0.0,0.0,198,223,12411,1,,1.0,The response answers the question requirements correctly.,training
4.2_LM_v1.0.40,no_memory,none,full,order_1,score,succeeded,0.9,1.0,-0.09999999999999998,0.09999999999999998,-0.09999999999999998,0.09999999999999998,157,198,9931,1,,1.0,The response correctly answers all three parts of the question.,training
4.2_LM_v1.0.694,amem_full,amem,full,order_1,score,succeeded,1.0,1.0,0.0,0.0,0.0,0.0,4838,4882,15203,1,,1.0,"The response correctly explains the definition of frame bursting, including an advantage and a disadvantage.",training
4.2_LM_v1.0.1654,no_memory,none,full,order_1,score,succeeded,0.9,1.0,-0.09999999999999998,0.09999999999999998,-0.09999999999999998,0.09999999999999998,175,226,13585,1,,1.0,The response answers all parts of the question correctly.,training
4.2_LM_v1.0.640,amem_full,amem,full,order_1,score,succeeded,0.75,0.5,0.25,0.25,0.25,0.25,3870,3922,12188,1,,0.5,"The response answers the advantage and disadvantage part correctly. However, the definition is incorrect as it contains details, such as a maximal burst of three packets and a recommendation not to use it with more than 3 clients, that do not hold for frame bursting in general.",training
4.2_LM_v1.0.1601,retrieval_full,retrieval,full,order_1,score,succeeded,1.0,1.0,0.0,0.0,0.0,0.0,3996,4027,10009,1,,1.0,"The response correctly states the frame bursting definition, its advantage and disadvantage.",training
4.2_LM_v1.0.1320,retrieval_full,retrieval,full,order_1,score,succeeded,1.0,1.0,0.0,0.0,0.0,0.0,3824,3855,9499,1,,1.0,"The response gives the frame bursting definition, its advantage and disadvantage correctly.",training
4.2_LM_v1.0.40,retrieval_full,retrieval,full,order_1,score,succeeded,1.0,1.0,0.0,0.0,0.0,0.0,3763,3787,11542,1,,1.0,The response correctly answers all three parts of the question.,training
4.2_LM_v1.0.640,no_memory,none,full,order_2,score,succeeded,0.8,0.5,0.30000000000000004,0.30000000000000004,0.30000000000000004,0.30000000000000004,207,250,9190,1,,0.5,"The response answers the advantage and disadvantage part correctly. However, the definition is incorrect as it contains details, such as a maximal burst of three packets and a recommendation not to use it with more than 3 clients, that do not hold for frame bursting in general.",training
4.2_LM_v1.0.1816,mem0_full,mem0,full,order_1,score,succeeded,0.85,1.0,-0.15000000000000002,0.15000000000000002,-0.15000000000000002,0.15000000000000002,517,563,11032,1,,1.0,The response answers all three parts of the question correctly.,training
4.2_LM_v1.0.2067,amem_full,amem,full,order_1,score,succeeded,0.75,1.0,-0.25,0.25,-0.25,0.25,4264,4316,14916,1,,1.0,The response answers all three parts of the question correctly.,training
4.2_LM_v1.0.1271,retrieval_full,retrieval,full,order_2,score,succeeded,1.0,1.0,0.0,0.0,0.0,0.0,643,670,8830,1,,1.0,The response answers the question requirements correctly.,training
4.2_LM_v1.0.1984,mem0_full,mem0,full,order_1,score,succeeded,0.9,1.0,-0.09999999999999998,0.09999999999999998,-0.09999999999999998,0.09999999999999998,492,541,10106,1,,1.0,"The response correctly answers the frame bursting definition, its advantage and disadvantage.",training
4.2_LM_v1.0.1315,no_memory,none,full,order_1,score,succeeded,1.0,1.0,0.0,0.0,0.0,0.0,341,371,9060,1,,1.0,"The response correctly explains the concept of frame bursting, its advantages and disadvantages.",training
4.2_LM_v1.0.918,retrieval_full,retrieval,full,order_1,score,succeeded,1.0,1.0,0.0,0.0,0.0,0.0,3810,3836,10763,1,,1.0,"The response answer is correct as it contains an appropriate definition, advantage and disadvantage.",training
4.2_LM_v1.0.1447,retrieval_full,retrieval,full,order_1,score,succeeded,1.0,1.0,0.0,0.0,0.0,0.0,3931,3961,11562,1,,1.0,The response correctly answers all three parts of the question.,training
4.2_LM_v1.0.1271,mem0_full,mem0,full,order_1,score,succeeded,0.9,1.0,-0.09999999999999998,0.09999999999999998,-0.09999999999999998,0.09999999999999998,441,479,10993,1,,1.0,The response answers the question requirements correctly.,training
4.2_LM_v1.0.446,amem_full,amem,full,order_3,score,succeeded,1.0,1.0,0.0,0.0,0.0,0.0,8912,8947,14795,1,,1.0,"The response correctly explains the frame bursting definition, its advantage and disadvantage.",training
4.2_LM_v1.0.881,mem0_full,mem0,full,order_1,score,succeeded,0.95,1.0,-0.050000000000000044,0.050000000000000044,-0.050000000000000044,0.050000000000000044,480,523,10067,1,,1.0,"The response is correct as it correctly explains the concept of frame bursting, its advantage and disadvantage.",training
4.2_LM_v1.0.446,no_memory,none,full,order_1,score,succeeded,0.95,1.0,-0.050000000000000044,0.050000000000000044,-0.050000000000000044,0.050000000000000044,244,292,10495,1,,1.0,"The response correctly explains the frame bursting definition, its advantage and disadvantage.",training
4.2_LM_v1.0.1271,no_memory,none,full,order_2,score,succeeded,1.0,1.0,0.0,0.0,0.0,0.0,155,192,10568,1,,1.0,The response answers the question requirements correctly.,training
4.2_LM_v1.0.1320,retrieval_full,retrieval,full,order_2,score,succeeded,1.0,1.0,0.0,0.0,0.0,0.0,505,535,8696,1,,1.0,"The response gives the frame bursting definition, its advantage and disadvantage correctly.",training
4.2_LM_v1.0.1447,retrieval_full,retrieval,full,order_2,score,succeeded,1.0,1.0,0.0,0.0,0.0,0.0,1315,1349,9519,1,,1.0,The response correctly answers all three parts of the question.,training
4.2_LM_v1.0.40,retrieval_full,retrieval,full,order_2,score,succeeded,0.85,1.0,-0.15000000000000002,0.15000000000000002,-0.15000000000000002,0.15000000000000002,158,199,9024,1,,1.0,The response correctly answers all three parts of the question.,training
4.2_LM_v1.0.115,no_memory,none,full,order_2,score,succeeded,1.0,1.0,0.0,0.0,0.0,0.0,196,218,11140,1,,1.0,The response correctly answers all three parts of the question.,training
4.2_LM_v1.0.1447,no_memory,none,full,order_2,score,succeeded,1.0,1.0,0.0,0.0,0.0,0.0,210,240,10048,1,,1.0,The response correctly answers all three parts of the question.,training
4.2_LM_v1.0.1926,retrieval_full,retrieval,full,order_2,score,succeeded,1.0,1.0,0.0,0.0,0.0,0.0,1125,1151,8450,1,,1.0,The response answers all three parts of the question correctly.,training
4.2_LM_v1.0.446,retrieval_full,retrieval,full,order_2,score,succeeded,1.0,1.0,0.0,0.0,0.0,0.0,1541,1571,10681,1,,1.0,"The response correctly explains the frame bursting definition, its advantage and disadvantage.",training
4.2_LM_v1.0.2067,retrieval_full,retrieval,full,order_2,score,succeeded,1.0,1.0,0.0,0.0,0.0,0.0,2260,2282,8745,1,,1.0,The response answers all three parts of the question correctly.,training
4.2_LM_v1.0.1427,mem0_full,mem0,full,order_1,score,succeeded,1.0,1.0,0.0,0.0,0.0,0.0,505,535,10752,1,,1.0,"The response is correctly answers frame bursting definition, its advantage and disadvantage.",training
4.2_LM_v1.0.1441,mem0_full,mem0,full,order_1,score,succeeded,0.85,1.0,-0.15000000000000002,0.15000000000000002,-0.15000000000000002,0.15000000000000002,548,601,11351,1,,1.0,The response correctly explains what frame bursting is and also provides the accurate advantage and disadvantage of it.,training
4.2_LM_v1.0.1753,amem_full,amem,full,order_3,score,succeeded,1.0,1.0,0.0,0.0,0.0,0.0,7894,7941,17352,1,,1.0,"The response correctly answers the definition of frame bursting, its advantage and disadvantage.",training
4.2_LM_v1.0.694,retrieval_full,retrieval,full,order_2,score,succeeded,1.0,1.0,0.0,0.0,0.0,0.0,2789,2817,8338,1,,1.0,"The response correctly explains the definition of frame bursting, including an advantage and a disadvantage.",training
4.2_LM_v1.0.108,amem_full,amem,full,order_1,score,succeeded,0.9,1.0,-0.09999999999999998,0.09999999999999998,-0.09999999999999998,0.09999999999999998,8767,8816,14307,1,,1.0,"The response correctly states the definition of frame bursting, including its pros and cons.",unseen_answers
4.2_LM_v1.0.252,amem_no_feedback,amem,no_feedback,order_1,score,succeeded,1.0,1.0,0.0,0.0,0.0,0.0,1777,1809,18420,1,,1.0,The response correctly explains the frame busting concept as well as its advantage and disadvantage.,training
4.2_LM_v1.0.143,retrieval_full,retrieval,full,order_2,score,succeeded,1.0,1.0,0.0,0.0,0.0,0.0,794,821,8002,1,,1.0,"The response gives the correct definition of frame bursting, including an advantage and a disadvantage.",training
4.2_LM_v1.0.370,mem0_full,mem0,full,order_1,score,succeeded,0.95,1.0,-0.050000000000000044,0.050000000000000044,-0.050000000000000044,0.050000000000000044,473,510,9513,1,,1.0,The response correctly answers all three parts of the question.,training
4.2_LM_v1.0.654,mem0_full,mem0,full,order_1,score,succeeded,0.9,1.0,-0.09999999999999998,0.09999999999999998,-0.09999999999999998,0.09999999999999998,488,527,10526,1,,1.0,"The response correctly explains the frame bursting concept, an advantage and a disadvantage.",training
4.2_LM_v1.0.2067,no_memory,none,full,order_2,score,succeeded,0.65,1.0,-0.35,0.35,-0.35,0.35,188,242,10045,1,,1.0,The response answers all three parts of the question correctly.,training
4.2_LM_v1.0.1029,retrieval_full,retrieval,full,order_2,score,succeeded,1.0,1.0,0.0,0.0,0.0,0.0,980,1010,11530,1,,1.0,The response answers all three parts of the question correctly.,training
4.2_LM_v1.0.446,no_memory,none,full,order_2,score,succeeded,1.0,1.0,0.0,0.0,0.0,0.0,244,283,10077,1,,1.0,"The response correctly explains the frame bursting definition, its advantage and disadvantage.",training
4.2_LM_v1.0.277,amem_full,amem,full,order_1,score,succeeded,1.0,1.0,0.0,0.0,0.0,0.0,5665,5697,10694,1,,1.0,"The response correctly explains the frame bursting concept, including its advantage and disadvantage.",training
4.2_LM_v1.0.277,no_memory,none,full,order_2,score,succeeded,1.0,1.0,0.0,0.0,0.0,0.0,286,318,8522,1,,1.0,"The response correctly explains the frame bursting concept, including its advantage and disadvantage.",training
4.2_LM_v1.0.1654,retrieval_full,retrieval,full,order_2,score,succeeded,1.0,1.0,0.0,0.0,0.0,0.0,3507,3533,8660,1,,1.0,The response answers all parts of the question correctly.,training
4.2_LM_v1.0.370,retrieval_full,retrieval,full,order_2,score,succeeded,1.0,1.0,0.0,0.0,0.0,0.0,3674,3706,11759,1,,1.0,The response correctly answers all three parts of the question.,training
4.2_LM_v1.0.1630,no_memory,none,full,order_2,score,succeeded,1.0,1.0,0.0,0.0,0.0,0.0,250,286,9861,1,,1.0,The response answers all the three parts of the question correctly.,training
4.2_LM_v1.0.713,mem0_full,mem0,full,order_1,score,succeeded,0.7,0.75,-0.050000000000000044,0.050000000000000044,-0.050000000000000044,0.050000000000000044,478,526,10083,1,,0.75,"The disadvantage given is correct for frame bursting in general. However, if you use it as a substitution for carrier extension, the goal is to reach the minimum frame length/transmission time needed for collisions to be detectable. Therefore, increasing transmission time is not a disadvantage in this case. Apart from that, the answer is correct.",training
4.2_LM_v1.0.115,retrieval_full,retrieval,full,order_2,score,succeeded,1.0,1.0,0.0,0.0,0.0,0.0,2094,2121,8579,1,,1.0,The response correctly answers all three parts of the question.,training
4.2_LM_v1.0.1630,mem0_full,mem0,full,order_1,score,succeeded,0.95,1.0,-0.050000000000000044,0.050000000000000044,-0.050000000000000044,0.050000000000000044,536,586,13235,1,,1.0,The response answers all the three parts of the question correctly.,training
4.2_LM_v1.0.277,retrieval_full,retrieval,full,order_2,score,succeeded,1.0,1.0,0.0,0.0,0.0,0.0,3349,3380,8554,1,,1.0,"The response correctly explains the frame bursting concept, including its advantage and disadvantage.",training
4.2_LM_v1.0.1970,retrieval_full,retrieval,full,order_2,score,succeeded,1.0,0.75,0.25,0.25,0.25,0.25,4130,4166,12474,1,,0.75,The response answers the frame bursting definition and its advantage correctly. But the disadvantage part is not completely accurate as it states frame bursting can't be used if there are no frames in queue. The sender may need to wait in case there are not enough frames which will cause additional delay.,training
4.2_LM_v1.0.1427,no_memory,none,full,order_2,score,succeeded,1.0,1.0,0.0,0.0,0.0,0.0,219,249,9605,1,,1.0,"The response is correctly answers frame bursting definition, its advantage and disadvantage.",training
4.2_LM_v1.0.918,retrieval_full,retrieval,full,order_2,score,succeeded,1.0,1.0,0.0,0.0,0.0,0.0,1913,1939,9898,1,,1.0,"The response answer is correct as it contains an appropriate definition, advantage and disadvantage.",training
4.2_LM_v1.0.1601,no_memory,none,full,order_2,score,succeeded,0.8,1.0,-0.19999999999999996,0.19999999999999996,-0.19999999999999996,0.19999999999999996,234,289,9369,1,,1.0,"The response correctly states the frame bursting definition, its advantage and disadvantage.",training
4.2_LM_v1.0.1654,no_memory,none,full,order_2,score,succeeded,0.9,1.0,-0.09999999999999998,0.09999999999999998,-0.09999999999999998,0.09999999999999998,175,219,12648,1,,1.0,The response answers all parts of the question correctly.,training
4.2_LM_v1.0.333,retrieval_full,retrieval,full,order_2,score,succeeded,1.0,1.0,0.0,0.0,0.0,0.0,3927,3956,8634,1,,1.0,"The response correctly states the frame bursting definition, its advantage and disadvantage.",training
4.2_LM_v1.0.1315,no_memory,none,full,order_2,score,succeeded,0.95,1.0,-0.050000000000000044,0.050000000000000044,-0.050000000000000044,0.050000000000000044,341,386,9763,1,,1.0,"The response correctly explains the concept of frame bursting, its advantages and disadvantages.",training
4.2_LM_v1.0.87,no_memory,none,full,order_2,score,succeeded,0.85,1.0,-0.15000000000000002,0.15000000000000002,-0.15000000000000002,0.15000000000000002,209,261,12919,1,,1.0,"The response correctly explains the frame bursting concept, its advantage and disadvantage.",training
4.2_LM_v1.0.1427,amem_full,amem,full,order_1,score,succeeded,1.0,1.0,0.0,0.0,0.0,0.0,7925,7956,11304,1,,1.0,"The response is correctly answers frame bursting definition, its advantage and disadvantage.",training
4.2_LM_v1.0.333,mem0_full,mem0,full,order_1,score,succeeded,0.85,1.0,-0.15000000000000002,0.15000000000000002,-0.15000000000000002,0.15000000000000002,461,513,11207,1,,1.0,"The response correctly states the frame bursting definition, its advantage and disadvantage.",training
4.2_LM_v1.0.1525,mem0_full,mem0,full,order_1,score,succeeded,0.65,0.75,-0.09999999999999998,0.09999999999999998,-0.09999999999999998,0.09999999999999998,445,482,10445,1,,0.75,"The response only states the frame bursting definition and its advantage, but is missing a disadvantage. There is a drawback when using frame bursting which is end to end delay. The sender may need to wait for a certain amount of frames to be collected and concatenated to a sequence of minimum length.",training
4.2_LM_v1.0.388,retrieval_full,retrieval,full,order_2,score,succeeded,1.0,1.0,0.0,0.0,0.0,0.0,3037,3066,9314,1,,1.0,"The response correctly answers all three parts of the question with an example. However, the answer also states the 9% efficiency of carrier extension which is only valid in worst case scenario. The efficiency can be better based on how much data we are sending which can vary between 46-1500 bytes.",training
4.2_LM_v1.0.1190,no_memory,none,full,order_2,score,succeeded,0.9,1.0,-0.09999999999999998,0.09999999999999998,-0.09999999999999998,0.09999999999999998,192,247,8480,1,,1.0,"The response correctly states the frame bursting definition, advantage and disadvantage.",training
4.2_LM_v1.0.1630,retrieval_full,retrieval,full,order_2,score,succeeded,1.0,1.0,0.0,0.0,0.0,0.0,4079,4108,8223,1,,1.0,The response answers all the three parts of the question correctly.,training
4.2_LM_v1.0.1190,amem_full,amem,full,order_1,score,succeeded,0.75,1.0,-0.25,0.25,-0.25,0.25,6456,6503,15004,1,,1.0,"The response correctly states the frame bursting definition, advantage and disadvantage.",training
4.2_LM_v1.0.1190,retrieval_full,retrieval,full,order_2,score,succeeded,0.5,1.0,-0.5,0.5,-0.5,0.5,3847,3891,9900,1,,1.0,"The response correctly states the frame bursting definition, advantage and disadvantage.",training
4.2_LM_v1.0.1753,no_memory,none,full,order_2,score,succeeded,0.9,1.0,-0.09999999999999998,0.09999999999999998,-0.09999999999999998,0.09999999999999998,270,308,10886,1,,1.0,"The response correctly answers the definition of frame bursting, its advantage and disadvantage.",training
4.2_LM_v1.0.1601,mem0_full,mem0,full,order_1,score,succeeded,0.65,1.0,-0.35,0.35,-0.35,0.35,520,584,12658,1,,1.0,"The response correctly states the frame bursting definition, its advantage and disadvantage.",training
4.2_LM_v1.0.1029,mem0_full,mem0,full,order_1,score,succeeded,0.85,1.0,-0.15000000000000002,0.15000000000000002,-0.15000000000000002,0.15000000000000002,487,538,10681,1,,1.0,The response answers all three parts of the question correctly.,training
4.2_LM_v1.0.1926,mem0_full,mem0,full,order_1,score,succeeded,0.9,1.0,-0.09999999999999998,0.09999999999999998,-0.09999999999999998,0.09999999999999998,453,498,9312,1,,1.0,The response answers all three parts of the question correctly.,training
4.2_LM_v1.0.1315,amem_no_feedback,amem,no_feedback,order_2,score,succeeded,0.9,1.0,-0.09999999999999998,0.09999999999999998,-0.09999999999999998,0.09999999999999998,7606,7651,17512,1,,1.0,"The response correctly explains the concept of frame bursting, its advantages and disadvantages.",training
4.2_LM_v1.0.1970,no_memory,none,full,order_2,score,succeeded,1.0,0.75,0.25,0.25,0.25,0.25,233,259,9147,1,,0.75,The response answers the frame bursting definition and its advantage correctly. But the disadvantage part is not completely accurate as it states frame bursting can't be used if there are no frames in queue. The sender may need to wait in case there are not enough frames which will cause additional delay.,training
4.2_LM_v1.0.1654,mem0_full,mem0,full,order_1,score,succeeded,0.9,1.0,-0.09999999999999998,0.09999999999999998,-0.09999999999999998,0.09999999999999998,461,507,10094,1,,1.0,The response answers all parts of the question correctly.,training
4.2_LM_v1.0.654,retrieval_full,retrieval,full,order_2,score,succeeded,1.0,1.0,0.0,0.0,0.0,0.0,4048,4079,10209,1,,1.0,"The response correctly explains the frame bursting concept, an advantage and a disadvantage.",training
4.2_LM_v1.0.1753,retrieval_full,retrieval,full,order_2,score,succeeded,1.0,1.0,0.0,0.0,0.0,0.0,4014,4058,10832,1,,1.0,"The response correctly answers the definition of frame bursting, its advantage and disadvantage.",training
4.2_LM_v1.0.1315,retrieval_full,retrieval,full,order_2,score,succeeded,0.9,1.0,-0.09999999999999998,0.09999999999999998,-0.09999999999999998,0.09999999999999998,4470,4520,11129,1,,1.0,"The response correctly explains the concept of frame bursting, its advantages and disadvantages.",training
4.2_LM_v1.0.333,no_memory,none,full,order_2,score,succeeded,0.8,1.0,-0.19999999999999996,0.19999999999999996,-0.19999999999999996,0.19999999999999996,175,225,12854,1,,1.0,"The response correctly states the frame bursting definition, its advantage and disadvantage.",training
4.2_LM_v1.0.1304,retrieval_full,retrieval,full,order_2,score,succeeded,1.0,0.75,0.25,0.25,0.25,0.25,4333,4359,8210,1,,0.75,"The response answers the advantage and disadvantage of frame bursting correctly. However, the definition part is partially correct as it mentions that there are 10 packets to be sent together, which is not true as there is no specification for the number of packets in a frame. Frame bursting is used to concatenate a sequence of multiple frames and transmitting them in one single transmission.",training
4.2_LM_v1.0.881,no_memory,none,full,order_2,score,succeeded,0.9,1.0,-0.09999999999999998,0.09999999999999998,-0.09999999999999998,0.09999999999999998,194,226,10029,1,,1.0,"The response is correct as it correctly explains the concept of frame bursting, its advantage and disadvantage.",training
4.2_LM_v1.0.1984,no_memory,none,full,order_2,score,succeeded,1.0,1.0,0.0,0.0,0.0,0.0,206,236,8998,1,,1.0,"The response correctly answers the frame bursting definition, its advantage and disadvantage.",training
4.2_LM_v1.0.252,retrieval_full,retrieval,full,order_2,score,succeeded,0.95,1.0,-0.050000000000000044,0.050000000000000044,-0.050000000000000044,0.050000000000000044,4341,4395,11269,1,,1.0,The response correctly explains the frame busting concept as well as its advantage and disadvantage.,training
4.2_LM_v1.0.87,retrieval_full,retrieval,full,order_2,score,succeeded,1.0,1.0,0.0,0.0,0.0,0.0,4309,4336,9814,1,,1.0,"The response correctly explains the frame bursting concept, its advantage and disadvantage.",training
4.2_LM_v1.0.1427,retrieval_full,retrieval,full,order_2,score,succeeded,1.0,1.0,0.0,0.0,0.0,0.0,4183,4223,8975,1,,1.0,"The response is correctly answers frame bursting definition, its advantage and disadvantage.",training
4.2_LM_v1.0.1984,retrieval_full,retrieval,full,order_2,score,succeeded,1.0,1.0,0.0,0.0,0.0,0.0,4348,4379,9518,1,,1.0,"The response correctly answers the frame bursting definition, its advantage and disadvantage.",training
4.2_LM_v1.0.252,no_memory,none,full,order_2,score,succeeded,1.0,1.0,0.0,0.0,0.0,0.0,260,286,9517,1,,1.0,The response correctly explains the frame busting concept as well as its advantage and disadvantage.,training
4.2_LM_v1.0.2047,retrieval_full,retrieval,full,order_2,score,succeeded,1.0,1.0,0.0,0.0,0.0,0.0,3825,3852,11662,1,,1.0,The response answers all three parts of the question accurately.,training
4.2_LM_v1.0.16,no_memory,none,full,order_2,score,succeeded,0.9,1.0,-0.09999999999999998,0.09999999999999998,-0.09999999999999998,0.09999999999999998,168,216,9362,1,,1.0,The response answers all three parts of the question correctly.,training
4.2_LM_v1.0.332,amem_full,amem,full,order_1,score,succeeded,1.0,1.0,0.0,0.0,0.0,0.0,7822,7873,16974,1,,1.0,"The response is correct. However, to substitute carrier extension, frame bursting with frame aggregation has to be used. In this case, frames are directly concatenated without waiting for acknowledgments in between.",unseen_answers
4.2_LM_v1.0.1385,retrieval_no_feedback,retrieval,no_feedback,order_1,score,succeeded,1.0,1.0,0.0,0.0,0.0,0.0,1660,1693,12927,1,,1.0,"The response states the correct definition of frame bursting, including its advantage and disadvantage.",training
4.2_LM_v1.0.316,mem0_full,mem0,full,order_1,score,succeeded,0.85,1.0,-0.15000000000000002,0.15000000000000002,-0.15000000000000002,0.15000000000000002,484,527,9359,1,,1.0,The response answers the question requirements correctly.,training
4.2_LM_v1.0.1304,no_memory,none,full,order_2,score,succeeded,0.95,0.75,0.19999999999999996,0.19999999999999996,0.19999999999999996,0.19999999999999996,297,346,11148,1,,0.75,"The response answers the advantage and disadvantage of frame bursting correctly. However, the definition part is partially correct as it mentions that there are 10 packets to be sent together, which is not true as there is no specification for the number of packets in a frame. Frame bursting is used to concatenate a sequence of multiple frames and transmitting them in one single transmission.",training
4.2_LM_v1.0.1753,mem0_full,mem0,full,order_1,score,succeeded,0.85,1.0,-0.15000000000000002,0.15000000000000002,-0.15000000000000002,0.15000000000000002,556,607,11865,1,,1.0,"The response correctly answers the definition of frame bursting, its advantage and disadvantage.",training
4.2_LM_v1.0.2040,retrieval_full,retrieval,full,order_2,score,succeeded,0.5,0.5,0.0,0.0,0.0,0.0,3686,3712,10775,1,,0.5,"The response correctly states the advantage and the disadvantage of frame bursting. However, it does not contain a definition. Frame bursting reduces the overhead of transmitting small frames by concatenating a sequence of multiple frames in one single transmission.",training
4.2_LM_v1.0.918,mem0_full,mem0,full,order_1,score,succeeded,0.9,1.0,-0.09999999999999998,0.09999999999999998,-0.09999999999999998,0.09999999999999998,450,489,11758,1,,1.0,"The response answer is correct as it contains an appropriate definition, advantage and disadvantage.",training
4.2_LM_v1.0.654,no_memory,none,full,order_2,score,succeeded,0.9,1.0,-0.09999999999999998,0.09999999999999998,-0.09999999999999998,0.09999999999999998,202,249,9098,1,,1.0,"The response correctly explains the frame bursting concept, an advantage and a disadvantage.",training
4.2_LM_v1.0.881,amem_full,amem,full,order_1,score,succeeded,1.0,1.0,0.0,0.0,0.0,0.0,7325,7348,12370,1,,1.0,"The response is correct as it correctly explains the concept of frame bursting, its advantage and disadvantage.",training
4.2_LM_v1.0.1441,no_memory,none,full,order_2,score,succeeded,0.9,1.0,-0.09999999999999998,0.09999999999999998,-0.09999999999999998,0.09999999999999998,262,311,11786,1,,1.0,The response correctly explains what frame bursting is and also provides the accurate advantage and disadvantage of it.,training
4.2_LM_v1.0.2047,no_memory,none,full,order_2,score,succeeded,0.9,1.0,-0.09999999999999998,0.09999999999999998,-0.09999999999999998,0.09999999999999998,157,191,10827,1,,1.0,The response answers all three parts of the question accurately.,training
4.2_LM_v1.0.16,retrieval_full,retrieval,full,order_2,score,succeeded,1.0,1.0,0.0,0.0,0.0,0.0,3882,3909,10116,1,,1.0,The response answers all three parts of the question correctly.,training
4.2_LM_v1.0.1385,no_memory,none,full,order_2,score,succeeded,1.0,1.0,0.0,0.0,0.0,0.0,250,280,11646,1,,1.0,"The response states the correct definition of frame bursting, including its advantage and disadvantage.",training
4.2_LM_v1.0.1525,retrieval_full,retrieval,full,order_3,score,succeeded,0.7,0.75,-0.050000000000000044,0.050000000000000044,-0.050000000000000044,0.050000000000000044,160,198,11977,1,,0.75,"The response only states the frame bursting definition and its advantage, but is missing a disadvantage. There is a drawback when using frame bursting which is end to end delay. The sender may need to wait for a certain amount of frames to be collected and concatenated to a sequence of minimum length.",training
4.2_LM_v1.0.881,no_memory,none,full,order_3,score,succeeded,1.0,1.0,0.0,0.0,0.0,0.0,194,216,8999,1,,1.0,"The response is correct as it correctly explains the concept of frame bursting, its advantage and disadvantage.",training
4.2_LM_v1.0.1441,retrieval_full,retrieval,full,order_2,score,succeeded,1.0,1.0,0.0,0.0,0.0,0.0,4460,4486,8911,1,,1.0,The response correctly explains what frame bursting is and also provides the accurate advantage and disadvantage of it.,training
4.2_LM_v1.0.1320,mem0_full,mem0,full,order_1,score,succeeded,0.8,1.0,-0.19999999999999996,0.19999999999999996,-0.19999999999999996,0.19999999999999996,469,524,9926,1,,1.0,"The response gives the frame bursting definition, its advantage and disadvantage correctly.",training
4.2_LM_v1.0.40,mem0_full,mem0,full,order_1,score,succeeded,0.75,1.0,-0.25,0.25,-0.25,0.25,443,491,10364,1,,1.0,The response correctly answers all three parts of the question.,training
4.2_LM_v1.0.332,mem0_full,mem0,full,order_1,score,succeeded,0.45,1.0,-0.55,0.55,-0.55,0.55,515,577,10148,1,,1.0,"The response is correct. However, to substitute carrier extension, frame bursting with frame aggregation has to be used. In this case, frames are directly concatenated without waiting for acknowledgments in between.",unseen_answers
4.2_LM_v1.0.1385,retrieval_full,retrieval,full,order_2,score,succeeded,1.0,1.0,0.0,0.0,0.0,0.0,3904,3934,10082,1,,1.0,"The response states the correct definition of frame bursting, including its advantage and disadvantage.",training
4.2_LM_v1.0.713,no_memory,none,full,order_2,score,succeeded,1.0,0.75,0.25,0.25,0.25,0.25,195,227,11311,1,,0.75,"The disadvantage given is correct for frame bursting in general. However, if you use it as a substitution for carrier extension, the goal is to reach the minimum frame length/transmission time needed for collisions to be detectable. Therefore, increasing transmission time is not a disadvantage in this case. Apart from that, the answer is correct.",training
4.2_LM_v1.0.108,mem0_full,mem0,full,order_1,score,succeeded,0.78,1.0,-0.21999999999999997,0.21999999999999997,-0.21999999999999997,0.21999999999999997,611,659,9701,1,,1.0,"The response correctly states the definition of frame bursting, including its pros and cons.",unseen_answers
4.2_LM_v1.0.351,amem_full,amem,full,order_1,score,succeeded,1.0,1.0,0.0,0.0,0.0,0.0,7941,7972,10127,1,,1.0,"The response correctly answers all three parts, the frame bursting definition, its advantage and disadvantage.",unseen_answers
4.2_LM_v1.0.213,mem0_full,mem0,full,order_1,score,succeeded,0.8,1.0,-0.19999999999999996,0.19999999999999996,-0.19999999999999996,0.19999999999999996,487,534,15361,1,,1.0,The response correctly answers all three parts of the question.,unseen_answers
4.2_LM_v1.0.39,mem0_full,mem0,full,order_1,score,succeeded,0.9,1.0,-0.09999999999999998,0.09999999999999998,-0.09999999999999998,0.09999999999999998,542,590,11815,1,,1.0,"The response gives a correct definition of frame bursting, including its benefits and drawbacks.",unseen_answers
4.2_LM_v1.0.881,retrieval_full,retrieval,full,order_3,score,succeeded,1.0,1.0,0.0,0.0,0.0,0.0,380,422,10088,1,,1.0,"The response is correct as it correctly explains the concept of frame bursting, its advantage and disadvantage.",training
4.2_LM_v1.0.370,amem_full,amem,full,order_1,score,succeeded,1.0,1.0,0.0,0.0,0.0,0.0,8373,8405,10802,1,,1.0,The response correctly answers all three parts of the question.,training
4.2_LM_v1.0.359,mem0_full,mem0,full,order_1,score,succeeded,0.85,1.0,-0.15000000000000002,0.15000000000000002,-0.15000000000000002,0.15000000000000002,447,499,11382,1,,1.0,"The response gives a correct definition of frame bursting, its advantage and disadvantage.",unseen_answers
4.2_LM_v1.0.351,retrieval_full,retrieval,full,order_1,score,succeeded,1.0,1.0,0.0,0.0,0.0,0.0,4239,4265,9691,1,,1.0,"The response correctly answers all three parts, the frame bursting definition, its advantage and disadvantage.",unseen_answers
4.2_LM_v1.0.713,retrieval_full,retrieval,full,order_2,score,succeeded,1.0,0.75,0.25,0.25,0.25,0.25,3699,3737,12606,1,,0.75,"The disadvantage given is correct for frame bursting in general. However, if you use it as a substitution for carrier extension, the goal is to reach the minimum frame length/transmission time needed for collisions to be detectable. Therefore, increasing transmission time is not a disadvantage in this case. Apart from that, the answer is correct.",training
4.2_LM_v1.0.40,retrieval_full,retrieval,full,order_3,score,succeeded,1.0,1.0,0.0,0.0,0.0,0.0,524,553,10765,1,,1.0,The response correctly answers all three parts of the question.,training
4.2_LM_v1.0.918,retrieval_full,retrieval,full,order_3,score,succeeded,1.0,1.0,0.0,0.0,0.0,0.0,798,823,9173,1,,1.0,"The response answer is correct as it contains an appropriate definition, advantage and disadvantage.",training
4.2_LM_v1.0.359,amem_full,amem,full,order_1,score,succeeded,1.0,1.0,0.0,0.0,0.0,0.0,7673,7704,10816,1,,1.0,"The response gives a correct definition of frame bursting, its advantage and disadvantage.",unseen_answers
4.2_LM_v1.0.180,retrieval_full,retrieval,full,order_1,score,succeeded,1.0,1.0,0.0,0.0,0.0,0.0,4216,4249,12941,1,,1.0,The response answers all three parts of the question correctly.,unseen_answers
4.2_LM_v1.0.1190,retrieval_no_feedback,retrieval,no_feedback,order_2,score,succeeded,1.0,1.0,0.0,0.0,0.0,0.0,3356,3387,16098,1,,1.0,"The response correctly states the frame bursting definition, advantage and disadvantage.",training
4.2_LM_v1.0.87,mem0_full,mem0,full,order_1,score,succeeded,0.85,1.0,-0.15000000000000002,0.15000000000000002,-0.15000000000000002,0.15000000000000002,495,545,11281,1,,1.0,"The response correctly explains the frame bursting concept, its advantage and disadvantage.",training
4.2_LM_v1.0.316,amem_no_feedback,amem,no_feedback,order_2,score,succeeded,1.0,1.0,0.0,0.0,0.0,0.0,7531,7558,12594,1,,1.0,The response answers the question requirements correctly.,training
4.2_LM_v1.0.1447,mem0_full,mem0,full,order_1,score,succeeded,0.9,1.0,-0.09999999999999998,0.09999999999999998,-0.09999999999999998,0.09999999999999998,496,539,12657,1,,1.0,The response correctly answers all three parts of the question.,training
4.2_LM_v1.0.1271,no_memory,none,full,order_3,score,succeeded,1.0,1.0,0.0,0.0,0.0,0.0,155,182,9856,1,,1.0,The response answers the question requirements correctly.,training
4.2_LM_v1.0.1630,retrieval_no_feedback,retrieval,no_feedback,order_2,score,succeeded,1.0,1.0,0.0,0.0,0.0,0.0,3572,3600,11615,1,,1.0,The response answers all the three parts of the question correctly.,training
4.2_LM_v1.0.918,no_memory,none,full,order_3,score,succeeded,1.0,1.0,0.0,0.0,0.0,0.0,164,191,8114,1,,1.0,"The response answer is correct as it contains an appropriate definition, advantage and disadvantage.",training
4.2_LM_v1.0.351,mem0_full,mem0,full,order_1,score,succeeded,1.0,1.0,0.0,0.0,0.0,0.0,494,522,12177,1,,1.0,"The response correctly answers all three parts, the frame bursting definition, its advantage and disadvantage.",unseen_answers
4.2_LM_v1.0.1970,retrieval_no_feedback,retrieval,no_feedback,order_1,score,succeeded,1.0,0.75,0.25,0.25,0.25,0.25,812,838,12203,1,,0.75,The response answers the frame bursting definition and its advantage correctly. But the disadvantage part is not completely accurate as it states frame bursting can't be used if there are no frames in queue. The sender may need to wait in case there are not enough frames which will cause additional delay.,training
4.2_LM_v1.0.16,retrieval_no_feedback,retrieval,no_feedback,order_1,score,succeeded,1.0,1.0,0.0,0.0,0.0,0.0,748,775,11475,1,,1.0,The response answers all three parts of the question correctly.,training
4.2_LM_v1.0.252,retrieval_no_feedback,retrieval,no_feedback,order_1,score,succeeded,1.0,1.0,0.0,0.0,0.0,0.0,970,999,12749,1,,1.0,The response correctly explains the frame busting concept as well as its advantage and disadvantage.,training
4.2_LM_v1.0.1271,retrieval_full,retrieval,full,order_3,score,succeeded,1.0,1.0,0.0,0.0,0.0,0.0,657,684,10747,1,,1.0,The response answers the question requirements correctly.,training
4.2_LM_v1.0.180,mem0_full,mem0,full,order_1,score,succeeded,0.8,1.0,-0.19999999999999996,0.19999999999999996,-0.19999999999999996,0.19999999999999996,513,575,13286,1,,1.0,The response answers all three parts of the question correctly.,unseen_answers
4.2_LM_v1.0.213,amem_full,amem,full,order_1,score,succeeded,1.0,1.0,0.0,0.0,0.0,0.0,7759,7787,12216,1,,1.0,The response correctly answers all three parts of the question.,unseen_answers
4.2_LM_v1.0.298,mem0_full,mem0,full,order_1,score,succeeded,0.9,1.0,-0.09999999999999998,0.09999999999999998,-0.09999999999999998,0.09999999999999998,507,556,12664,1,,1.0,The response is answering all three parts of the question correctly.,unseen_answers
4.2_LM_v1.0.179,amem_full,amem,full,order_1,score,succeeded,1.0,1.0,0.0,0.0,0.0,0.0,7667,7698,11771,1,,1.0,"The response answers the correct definition of frame bursting, its advantage and disadvantage.",unseen_answers
4.2_LM_v1.0.108,retrieval_full,retrieval,full,order_2,score,succeeded,1.0,1.0,0.0,0.0,0.0,0.0,4386,4415,8629,1,,1.0,"The response correctly states the definition of frame bursting, including its pros and cons.",unseen_answers
4.2_LM_v1.0.87,amem_no_feedback,amem,no_feedback,order_2,score,succeeded,1.0,1.0,0.0,0.0,0.0,0.0,8007,8040,14276,1,,1.0,"The response correctly explains the frame bursting concept, its advantage and disadvantage.",training
4.2_LM_v1.0.40,amem_full,amem,full,order_2,score,succeeded,0.85,1.0,-0.15000000000000002,0.15000000000000002,-0.15000000000000002,0.15000000000000002,158,191,9353,1,,1.0,The response correctly answers all three parts of the question.,training
4.2_LM_v1.0.654,amem_full,amem,full,order_1,score,succeeded,1.0,1.0,0.0,0.0,0.0,0.0,8164,8200,12314,1,,1.0,"The response correctly explains the frame bursting concept, an advantage and a disadvantage.",training
4.2_LM_v1.0.180,amem_full,amem,full,order_1,score,succeeded,1.0,1.0,0.0,0.0,0.0,0.0,8600,8629,9708,1,,1.0,The response answers all three parts of the question correctly.,unseen_answers
4.2_LM_v1.0.298,retrieval_full,retrieval,full,order_1,score,succeeded,1.0,1.0,0.0,0.0,0.0,0.0,4406,4437,9599,1,,1.0,The response is answering all three parts of the question correctly.,unseen_answers
4.2_LM_v1.0.332,retrieval_full,retrieval,full,order_2,score,succeeded,1.0,1.0,0.0,0.0,0.0,0.0,3842,3874,10364,1,,1.0,"The response is correct. However, to substitute carrier extension, frame bursting with frame aggregation has to be used. In this case, frames are directly concatenated without waiting for acknowledgments in between.",unseen_answers
4.2_LM_v1.0.332,mem0_full,mem0,full,order_2,score,succeeded,0.8,1.0,-0.19999999999999996,0.19999999999999996,-0.19999999999999996,0.19999999999999996,490,543,14652,1,,1.0,"The response is correct. However, to substitute carrier extension, frame bursting with frame aggregation has to be used. In this case, frames are directly concatenated without waiting for acknowledgments in between.",unseen_answers
4.2_LM_v1.0.108,amem_full,amem,full,order_2,score,succeeded,0.9,1.0,-0.09999999999999998,0.09999999999999998,-0.09999999999999998,0.09999999999999998,8812,8866,11757,1,,1.0,"The response correctly states the definition of frame bursting, including its pros and cons.",unseen_answers
4.2_LM_v1.0.359,mem0_full,mem0,full,order_2,score,succeeded,0.75,1.0,-0.25,0.25,-0.25,0.25,422,476,12765,1,,1.0,"The response gives a correct definition of frame bursting, its advantage and disadvantage.",unseen_answers
4.2_LM_v1.0.2067,mem0_no_feedback,mem0,no_feedback,order_2,score,succeeded,0.7,1.0,-0.30000000000000004,0.30000000000000004,-0.30000000000000004,0.30000000000000004,453,510,14418,1,,1.0,The response answers all three parts of the question correctly.,training
4.2_LM_v1.0.1984,retrieval_full,retrieval,full,order_3,score,succeeded,1.0,1.0,0.0,0.0,0.0,0.0,987,1020,8644,1,,1.0,"The response correctly answers the frame bursting definition, its advantage and disadvantage.",training
4.2_LM_v1.0.1304,retrieval_full,retrieval,full,order_3,score,succeeded,1.0,0.75,0.25,0.25,0.25,0.25,1269,1295,11557,1,,0.75,"The response answers the advantage and disadvantage of frame bursting correctly. However, the definition part is partially correct as it mentions that there are 10 packets to be sent together, which is not true as there is no specification for the number of packets in a frame. Frame bursting is used to concatenate a sequence of multiple frames and transmitting them in one single transmission.",training
4.2_LM_v1.0.1630,retrieval_full,retrieval,full,order_3,score,succeeded,1.0,1.0,0.0,0.0,0.0,0.0,1559,1589,7824,1,,1.0,The response answers all the three parts of the question correctly.,training
4.2_LM_v1.0.1304,no_memory,none,full,order_3,score,succeeded,0.9,0.75,0.15000000000000002,0.15000000000000002,0.15000000000000002,0.15000000000000002,297,328,9471,1,,0.75,"The response answers the advantage and disadvantage of frame bursting correctly. However, the definition part is partially correct as it mentions that there are 10 packets to be sent together, which is not true as there is no specification for the number of packets in a frame. Frame bursting is used to concatenate a sequence of multiple frames and transmitting them in one single transmission.",training
4.2_LM_v1.0.1630,no_memory,none,full,order_3,score,succeeded,1.0,1.0,0.0,0.0,0.0,0.0,250,280,10607,1,,1.0,The response answers all the three parts of the question correctly.,training
4.2_LM_v1.0.1385,retrieval_no_feedback,retrieval,no_feedback,order_3,score,succeeded,1.0,1.0,0.0,0.0,0.0,0.0,3246,3276,14905,1,,1.0,"The response states the correct definition of frame bursting, including its advantage and disadvantage.",training
4.2_LM_v1.0.1654,no_memory,none,full,order_3,score,succeeded,1.0,1.0,0.0,0.0,0.0,0.0,175,202,10541,1,,1.0,The response answers all parts of the question correctly.,training
4.2_LM_v1.0.694,no_memory,none,full,order_3,score,succeeded,1.0,1.0,0.0,0.0,0.0,0.0,331,361,8358,1,,1.0,"The response correctly explains the definition of frame bursting, including an advantage and a disadvantage.",training
4.2_LM_v1.0.370,no_memory,none,full,order_3,score,succeeded,1.0,1.0,0.0,0.0,0.0,0.0,187,217,9814,1,,1.0,The response correctly answers all three parts of the question.,training
4.2_LM_v1.0.654,no_memory,none,full,order_3,score,succeeded,0.85,1.0,-0.15000000000000002,0.15000000000000002,-0.15000000000000002,0.15000000000000002,202,251,12757,1,,1.0,"The response correctly explains the frame bursting concept, an advantage and a disadvantage.",training
4.2_LM_v1.0.1601,no_memory,none,full,order_3,score,succeeded,0.8,1.0,-0.19999999999999996,0.19999999999999996,-0.19999999999999996,0.19999999999999996,234,288,11377,1,,1.0,"The response correctly states the frame bursting definition, its advantage and disadvantage.",training
4.2_LM_v1.0.298,amem_full,amem,full,order_1,score,succeeded,1.0,1.0,0.0,0.0,0.0,0.0,8437,8467,9815,1,,1.0,The response is answering all three parts of the question correctly.,unseen_answers
4.2_LM_v1.0.179,mem0_full,mem0,full,order_1,score,succeeded,0.9,1.0,-0.09999999999999998,0.09999999999999998,-0.09999999999999998,0.09999999999999998,477,517,9879,1,,1.0,"The response answers the correct definition of frame bursting, its advantage and disadvantage.",unseen_answers
4.2_LM_v1.0.446,mem0_full,mem0,full,order_1,score,succeeded,0.9,1.0,-0.09999999999999998,0.09999999999999998,-0.09999999999999998,0.09999999999999998,530,580,14415,1,,1.0,"The response correctly explains the frame bursting definition, its advantage and disadvantage.",training
4.2_LM_v1.0.1525,mem0_full,mem0,full,order_2,score,succeeded,0.6,0.75,-0.15000000000000002,0.15000000000000002,-0.15000000000000002,0.15000000000000002,420,458,10651,1,,0.75,"The response only states the frame bursting definition and its advantage, but is missing a disadvantage. There is a drawback when using frame bursting which is end to end delay. The sender may need to wait for a certain amount of frames to be collected and concatenated to a sequence of minimum length.",training
4.2_LM_v1.0.179,retrieval_full,retrieval,full,order_1,score,succeeded,1.0,1.0,0.0,0.0,0.0,0.0,3751,3778,10356,1,,1.0,"The response answers the correct definition of frame bursting, its advantage and disadvantage.",unseen_answers
4.2_LM_v1.0.1304,retrieval_no_feedback,retrieval,no_feedback,order_1,score,succeeded,1.0,0.75,0.25,0.25,0.25,0.25,1229,1257,13890,1,,0.75,"The response answers the advantage and disadvantage of frame bursting correctly. However, the definition part is partially correct as it mentions that there are 10 packets to be sent together, which is not true as there is no specification for the number of packets in a frame. Frame bursting is used to concatenate a sequence of multiple frames and transmitting them in one single transmission.",training
4.2_LM_v1.0.2040,retrieval_no_feedback,retrieval,no_feedback,order_1,score,succeeded,0.67,0.5,0.17000000000000004,0.17000000000000004,0.17000000000000004,0.17000000000000004,1329,1366,13281,1,,0.5,"The response correctly states the advantage and the disadvantage of frame bursting. However, it does not contain a definition. Frame bursting reduces the overhead of transmitting small frames by concatenating a sequence of multiple frames in one single transmission.",training
4.2_LM_v1.0.1654,retrieval_full,retrieval,full,order_3,score,succeeded,1.0,1.0,0.0,0.0,0.0,0.0,1715,1741,9979,1,,1.0,The response answers all parts of the question correctly.,training
4.2_LM_v1.0.694,retrieval_full,retrieval,full,order_3,score,succeeded,1.0,1.0,0.0,0.0,0.0,0.0,2024,2051,9672,1,,1.0,"The response correctly explains the definition of frame bursting, including an advantage and a disadvantage.",training
4.2_LM_v1.0.370,retrieval_full,retrieval,full,order_3,score,succeeded,1.0,1.0,0.0,0.0,0.0,0.0,2440,2470,9714,1,,1.0,The response correctly answers all three parts of the question.,training
4.2_LM_v1.0.654,retrieval_full,retrieval,full,order_3,score,succeeded,1.0,1.0,0.0,0.0,0.0,0.0,2623,2650,13246,1,,1.0,"The response correctly explains the frame bursting concept, an advantage and a disadvantage.",training
4.2_LM_v1.0.26,mem0_full,mem0,full,order_1,score,succeeded,0.95,1.0,-0.050000000000000044,0.050000000000000044,-0.050000000000000044,0.050000000000000044,475,520,13241,1,,1.0,The response answers all three parts of the question correctly.,unseen_answers
4.2_LM_v1.0.332,amem_full,amem,full,order_2,score,succeeded,0.75,1.0,-0.25,0.25,-0.25,0.25,7932,7975,20039,1,,1.0,"The response is correct. However, to substitute carrier extension, frame bursting with frame aggregation has to be used. In this case, frames are directly concatenated without waiting for acknowledgments in between.",unseen_answers
4.2_LM_v1.0.39,retrieval_full,retrieval,full,order_2,score,succeeded,1.0,1.0,0.0,0.0,0.0,0.0,4144,4176,8619,1,,1.0,"The response gives a correct definition of frame bursting, including its benefits and drawbacks.",unseen_answers
4.2_LM_v1.0.1601,retrieval_full,retrieval,full,order_3,score,succeeded,1.0,1.0,0.0,0.0,0.0,0.0,2839,2869,8454,1,,1.0,"The response correctly states the frame bursting definition, its advantage and disadvantage.",training
4.2_LM_v1.0.2040,retrieval_full,retrieval,full,order_3,score,succeeded,0.75,0.5,0.25,0.25,0.25,0.25,3133,3156,9199,1,,0.5,"The response correctly states the advantage and the disadvantage of frame bursting. However, it does not contain a definition. Frame bursting reduces the overhead of transmitting small frames by concatenating a sequence of multiple frames in one single transmission.",training
4.2_LM_v1.0.388,retrieval_full,retrieval,full,order_3,score,succeeded,1.0,1.0,0.0,0.0,0.0,0.0,3410,3447,9961,1,,1.0,"The response correctly answers all three parts of the question with an example. However, the answer also states the 9% efficiency of carrier extension which is only valid in worst case scenario. The efficiency can be better based on how much data we are sending which can vary between 46-1500 bytes.",training
4.2_LM_v1.0.1190,retrieval_full,retrieval,full,order_3,score,succeeded,1.0,1.0,0.0,0.0,0.0,0.0,3628,3674,10914,1,,1.0,"The response correctly states the frame bursting definition, advantage and disadvantage.",training
4.2_LM_v1.0.2067,retrieval_full,retrieval,full,order_3,score,succeeded,1.0,1.0,0.0,0.0,0.0,0.0,3800,3828,10249,1,,1.0,The response answers all three parts of the question correctly.,training
4.2_LM_v1.0.2047,retrieval_full,retrieval,full,order_3,score,succeeded,1.0,1.0,0.0,0.0,0.0,0.0,4129,4156,9560,1,,1.0,The response answers all three parts of the question accurately.,training
4.2_LM_v1.0.1320,mem0_full,mem0,full,order_2,score,succeeded,0.85,1.0,-0.15000000000000002,0.15000000000000002,-0.15000000000000002,0.15000000000000002,444,484,9247,1,,1.0,"The response gives the frame bursting definition, its advantage and disadvantage correctly.",training
4.2_LM_v1.0.1271,mem0_full,mem0,full,order_2,score,succeeded,0.8,1.0,-0.19999999999999996,0.19999999999999996,-0.19999999999999996,0.19999999999999996,416,462,11089,1,,1.0,The response answers the question requirements correctly.,training
4.2_LM_v1.0.1029,mem0_full,mem0,full,order_2,score,succeeded,0.75,1.0,-0.25,0.25,-0.25,0.25,459,511,9589,1,,1.0,The response answers all three parts of the question correctly.,training
4.2_LM_v1.0.143,mem0_full,mem0,full,order_2,score,succeeded,0.9,1.0,-0.09999999999999998,0.09999999999999998,-0.09999999999999998,0.09999999999999998,435,464,11871,1,,1.0,"The response gives the correct definition of frame bursting, including an advantage and a disadvantage.",training
4.2_LM_v1.0.1630,amem_full,amem,full,order_1,score,succeeded,1.0,1.0,0.0,0.0,0.0,0.0,8479,8518,10520,1,,1.0,The response answers all the three parts of the question correctly.,training
4.2_LM_v1.0.1029,amem_full,amem,full,order_1,score,succeeded,0.9,1.0,-0.09999999999999998,0.09999999999999998,-0.09999999999999998,0.09999999999999998,7956,7996,14549,1,,1.0,The response answers all three parts of the question correctly.,training
4.2_LM_v1.0.694,mem0_full,mem0,full,order_2,score,succeeded,1.0,1.0,0.0,0.0,0.0,0.0,592,622,10658,1,,1.0,"The response correctly explains the definition of frame bursting, including an advantage and a disadvantage.",training
4.2_LM_v1.0.1525,amem_full,amem,full,order_1,score,succeeded,0.67,0.75,-0.07999999999999996,0.07999999999999996,-0.07999999999999996,0.07999999999999996,7871,7910,11447,1,,0.75,"The response only states the frame bursting definition and its advantage, but is missing a disadvantage. There is a drawback when using frame bursting which is end to end delay. The sender may need to wait for a certain amount of frames to be collected and concatenated to a sequence of minimum length.",training
4.2_LM_v1.0.351,no_memory,none,none,order_1,score,succeeded,1.0,1.0,0.0,0.0,0.0,0.0,208,234,10593,1,,1.0,"The response correctly answers all three parts, the frame bursting definition, its advantage and disadvantage.",unseen_answers
4.2_LM_v1.0.388,no_memory,none,full,order_3,score,succeeded,1.0,1.0,0.0,0.0,0.0,0.0,263,294,12704,1,,1.0,"The response correctly answers all three parts of the question with an example. However, the answer also states the 9% efficiency of carrier extension which is only valid in worst case scenario. The efficiency can be better based on how much data we are sending which can vary between 46-1500 bytes.",training
4.2_LM_v1.0.1190,no_memory,none,full,order_3,score,succeeded,0.8,1.0,-0.19999999999999996,0.19999999999999996,-0.19999999999999996,0.19999999999999996,192,244,11964,1,,1.0,"The response correctly states the frame bursting definition, advantage and disadvantage.",training
4.2_LM_v1.0.2067,no_memory,none,full,order_3,score,succeeded,0.75,1.0,-0.25,0.25,-0.25,0.25,188,239,10889,1,,1.0,The response answers all three parts of the question correctly.,training
4.2_LM_v1.0.2047,no_memory,none,full,order_3,score,succeeded,0.9,1.0,-0.09999999999999998,0.09999999999999998,-0.09999999999999998,0.09999999999999998,157,186,9159,1,,1.0,The response answers all three parts of the question accurately.,training
4.2_LM_v1.0.1441,no_memory,none,full,order_3,score,succeeded,0.9,1.0,-0.09999999999999998,0.09999999999999998,-0.09999999999999998,0.09999999999999998,262,312,13589,1,,1.0,The response correctly explains what frame bursting is and also provides the accurate advantage and disadvantage of it.,training
4.2_LM_v1.0.333,no_memory,none,full,order_3,score,succeeded,0.9,1.0,-0.09999999999999998,0.09999999999999998,-0.09999999999999998,0.09999999999999998,175,227,10524,1,,1.0,"The response correctly states the frame bursting definition, its advantage and disadvantage.",training
4.2_LM_v1.0.1320,no_memory,none,full,order_3,score,succeeded,1.0,1.0,0.0,0.0,0.0,0.0,183,210,11584,1,,1.0,"The response gives the frame bursting definition, its advantage and disadvantage correctly.",training
4.2_LM_v1.0.713,no_memory,none,full,order_3,score,succeeded,1.0,0.75,0.25,0.25,0.25,0.25,195,225,12012,1,,0.75,"The disadvantage given is correct for frame bursting in general. However, if you use it as a substitution for carrier extension, the goal is to reach the minimum frame length/transmission time needed for collisions to be detectable. Therefore, increasing transmission time is not a disadvantage in this case. Apart from that, the answer is correct.",training
4.2_LM_v1.0.640,no_memory,none,full,order_3,score,succeeded,0.7,0.5,0.19999999999999996,0.19999999999999996,0.19999999999999996,0.19999999999999996,207,260,9840,1,,0.5,"The response answers the advantage and disadvantage part correctly. However, the definition is incorrect as it contains details, such as a maximal burst of three packets and a recommendation not to use it with more than 3 clients, that do not hold for frame bursting in general.",training
4.2_LM_v1.0.1427,no_memory,none,full,order_3,score,succeeded,1.0,1.0,0.0,0.0,0.0,0.0,219,255,8782,1,,1.0,"The response is correctly answers frame bursting definition, its advantage and disadvantage.",training
4.2_LM_v1.0.115,no_memory,none,full,order_3,score,succeeded,1.0,1.0,0.0,0.0,0.0,0.0,196,226,10478,1,,1.0,The response correctly answers all three parts of the question.,training
4.2_LM_v1.0.1753,retrieval_no_feedback,retrieval,no_feedback,order_3,score,succeeded,1.0,1.0,0.0,0.0,0.0,0.0,3431,3471,12342,1,,1.0,"The response correctly answers the definition of frame bursting, its advantage and disadvantage.",training
4.2_LM_v1.0.333,mem0_no_feedback,mem0,no_feedback,order_2,score,succeeded,0.85,1.0,-0.15000000000000002,0.15000000000000002,-0.15000000000000002,0.15000000000000002,440,489,43439,1,,1.0,"The response correctly states the frame bursting definition, its advantage and disadvantage.",training
4.2_LM_v1.0.1441,retrieval_full,retrieval,full,order_3,score,succeeded,1.0,1.0,0.0,0.0,0.0,0.0,4198,4226,9355,1,,1.0,The response correctly explains what frame bursting is and also provides the accurate advantage and disadvantage of it.,training
4.2_LM_v1.0.333,retrieval_full,retrieval,full,order_3,score,succeeded,1.0,1.0,0.0,0.0,0.0,0.0,3967,3998,9109,1,,1.0,"The response correctly states the frame bursting definition, its advantage and disadvantage.",training
4.2_LM_v1.0.1970,retrieval_full,retrieval,full,order_3,score,succeeded,1.0,0.75,0.25,0.25,0.25,0.25,3988,4019,10756,1,,0.75,The response answers the frame bursting definition and its advantage correctly. But the disadvantage part is not completely accurate as it states frame bursting can't be used if there are no frames in queue. The sender may need to wait in case there are not enough frames which will cause additional delay.,training
4.2_LM_v1.0.1320,retrieval_full,retrieval,full,order_3,score,succeeded,1.0,1.0,0.0,0.0,0.0,0.0,3997,4023,9888,1,,1.0,"The response gives the frame bursting definition, its advantage and disadvantage correctly.",training
4.2_LM_v1.0.1926,mem0_full,mem0,full,order_2,score,succeeded,0.75,1.0,-0.25,0.25,-0.25,0.25,428,483,12229,1,,1.0,The response answers all three parts of the question correctly.,training
4.2_LM_v1.0.1447,mem0_full,mem0,full,order_2,score,succeeded,0.9,1.0,-0.09999999999999998,0.09999999999999998,-0.09999999999999998,0.09999999999999998,471,506,12012,1,,1.0,The response correctly answers all three parts of the question.,training
4.2_LM_v1.0.713,retrieval_full,retrieval,full,order_3,score,succeeded,1.0,0.75,0.25,0.25,0.25,0.25,3820,3856,11093,1,,0.75,"The disadvantage given is correct for frame bursting in general. However, if you use it as a substitution for carrier extension, the goal is to reach the minimum frame length/transmission time needed for collisions to be detectable. Therefore, increasing transmission time is not a disadvantage in this case. Apart from that, the answer is correct.",training
4.2_LM_v1.0.16,amem_no_feedback,amem,no_feedback,order_2,score,succeeded,1.0,1.0,0.0,0.0,0.0,0.0,7278,7305,19483,1,,1.0,The response answers all three parts of the question correctly.,training
4.2_LM_v1.0.1601,mem0_no_feedback,mem0,no_feedback,order_2,score,succeeded,0.75,1.0,-0.25,0.25,-0.25,0.25,499,557,15417,1,,1.0,"The response correctly states the frame bursting definition, its advantage and disadvantage.",training
4.2_LM_v1.0.694,mem0_no_feedback,mem0,no_feedback,order_2,score,succeeded,1.0,1.0,0.0,0.0,0.0,0.0,596,627,15905,1,,1.0,"The response correctly explains the definition of frame bursting, including an advantage and a disadvantage.",training
4.2_LM_v1.0.640,retrieval_full,retrieval,full,order_3,score,succeeded,0.75,0.5,0.25,0.25,0.25,0.25,3858,3911,13162,1,,0.5,"The response answers the advantage and disadvantage part correctly. However, the definition is incorrect as it contains details, such as a maximal burst of three packets and a recommendation not to use it with more than 3 clients, that do not hold for frame bursting in general.",training
4.2_LM_v1.0.1427,retrieval_full,retrieval,full,order_3,score,succeeded,1.0,1.0,0.0,0.0,0.0,0.0,4013,4043,8357,1,,1.0,"The response is correctly answers frame bursting definition, its advantage and disadvantage.",training
4.2_LM_v1.0.446,mem0_full,mem0,full,order_2,score,succeeded,0.9,1.0,-0.09999999999999998,0.09999999999999998,-0.09999999999999998,0.09999999999999998,505,554,9311,1,,1.0,"The response correctly explains the frame bursting definition, its advantage and disadvantage.",training
4.2_LM_v1.0.1304,amem_no_feedback,amem,no_feedback,order_3,score,succeeded,0.9,0.75,0.15000000000000002,0.15000000000000002,0.15000000000000002,0.15000000000000002,2138,2184,24166,1,,0.75,"The response answers the advantage and disadvantage of frame bursting correctly. However, the definition part is partially correct as it mentions that there are 10 packets to be sent together, which is not true as there is no specification for the number of packets in a frame. Frame bursting is used to concatenate a sequence of multiple frames and transmitting them in one single transmission.",training
4.2_LM_v1.0.316,amem_no_feedback,amem,no_feedback,order_1,score,succeeded,1.0,1.0,0.0,0.0,0.0,0.0,7994,8031,16240,1,,1.0,The response answers the question requirements correctly.,training
4.2_LM_v1.0.388,mem0_no_feedback,mem0,no_feedback,order_2,score,succeeded,0.9,1.0,-0.09999999999999998,0.09999999999999998,-0.09999999999999998,0.09999999999999998,525,575,13706,1,,1.0,"The response correctly answers all three parts of the question with an example. However, the answer also states the 9% efficiency of carrier extension which is only valid in worst case scenario. The efficiency can be better based on how much data we are sending which can vary between 46-1500 bytes.",training
4.2_LM_v1.0.654,amem_no_feedback,amem,no_feedback,order_3,score,succeeded,1.0,1.0,0.0,0.0,0.0,0.0,4517,4556,13584,1,,1.0,"The response correctly explains the frame bursting concept, an advantage and a disadvantage.",training
4.2_LM_v1.0.1447,retrieval_full,retrieval,full,order_3,score,succeeded,1.0,1.0,0.0,0.0,0.0,0.0,3943,3973,10093,1,,1.0,The response correctly answers all three parts of the question.,training
4.2_LM_v1.0.1816,retrieval_full,retrieval,full,order_3,score,succeeded,1.0,1.0,0.0,0.0,0.0,0.0,4035,4065,10064,1,,1.0,The response answers all three parts of the question correctly.,training
4.2_LM_v1.0.1447,no_memory,none,full,order_3,score,succeeded,0.9,1.0,-0.09999999999999998,0.09999999999999998,-0.09999999999999998,0.09999999999999998,210,249,10481,1,,1.0,The response correctly answers all three parts of the question.,training
4.2_LM_v1.0.316,amem_no_feedback,amem,no_feedback,order_3,score,succeeded,1.0,1.0,0.0,0.0,0.0,0.0,5140,5171,16477,1,,1.0,The response answers the question requirements correctly.,training
4.2_LM_v1.0.1816,no_memory,none,full,order_3,score,succeeded,1.0,1.0,0.0,0.0,0.0,0.0,231,261,8956,1,,1.0,The response answers all three parts of the question correctly.,training
4.2_LM_v1.0.1753,retrieval_no_feedback,retrieval,no_feedback,order_2,score,succeeded,1.0,1.0,0.0,0.0,0.0,0.0,3512,3542,11007,1,,1.0,"The response correctly answers the definition of frame bursting, its advantage and disadvantage.",training
4.2_LM_v1.0.277,mem0_no_feedback,mem0,no_feedback,order_2,score,succeeded,1.0,1.0,0.0,0.0,0.0,0.0,551,581,12087,1,,1.0,"The response correctly explains the frame bursting concept, including its advantage and disadvantage.",training
4.2_LM_v1.0.1601,amem_no_feedback,amem,no_feedback,order_1,score,succeeded,1.0,1.0,0.0,0.0,0.0,0.0,7721,7752,13467,1,,1.0,"The response correctly states the frame bursting definition, its advantage and disadvantage.",training
4.2_LM_v1.0.1753,amem_no_feedback,amem,no_feedback,order_1,score,succeeded,1.0,1.0,0.0,0.0,0.0,0.0,7707,7743,15092,1,,1.0,"The response correctly answers the definition of frame bursting, its advantage and disadvantage.",training
4.2_LM_v1.0.388,amem_no_feedback,amem,no_feedback,order_3,score,succeeded,1.0,1.0,0.0,0.0,0.0,0.0,5784,5826,13788,1,,1.0,"The response correctly answers all three parts of the question with an example. However, the answer also states the 9% efficiency of carrier extension which is only valid in worst case scenario. The efficiency can be better based on how much data we are sending which can vary between 46-1500 bytes.",training
4.2_LM_v1.0.2067,amem_no_feedback,amem,no_feedback,order_3,score,succeeded,0.75,1.0,-0.25,0.25,-0.25,0.25,6503,6561,17444,1,,1.0,The response answers all three parts of the question correctly.,training
4.2_LM_v1.0.252,no_memory,none,full,order_1,score,succeeded,1.0,1.0,0.0,0.0,0.0,0.0,260,291,10986,1,,1.0,The response correctly explains the frame busting concept as well as its advantage and disadvantage.,training
4.2_LM_v1.0.1304,no_memory,none,full,order_1,score,succeeded,0.9,0.75,0.15000000000000002,0.15000000000000002,0.15000000000000002,0.15000000000000002,297,350,9300,1,,0.75,"The response answers the advantage and disadvantage of frame bursting correctly. However, the definition part is partially correct as it mentions that there are 10 packets to be sent together, which is not true as there is no specification for the number of packets in a frame. Frame bursting is used to concatenate a sequence of multiple frames and transmitting them in one single transmission.",training
4.2_LM_v1.0.2040,no_memory,none,full,order_1,score,succeeded,0.67,0.5,0.17000000000000004,0.17000000000000004,0.17000000000000004,0.17000000000000004,138,161,10524,1,,0.5,"The response correctly states the advantage and the disadvantage of frame bursting. However, it does not contain a definition. Frame bursting reduces the overhead of transmitting small frames by concatenating a sequence of multiple frames in one single transmission.",training
4.2_LM_v1.0.640,mem0_full,mem0,full,order_2,score,succeeded,0.7,0.5,0.19999999999999996,0.19999999999999996,0.19999999999999996,0.19999999999999996,468,517,12737,1,,0.5,"The response answers the advantage and disadvantage part correctly. However, the definition is incorrect as it contains details, such as a maximal burst of three packets and a recommendation not to use it with more than 3 clients, that do not hold for frame bursting in general.",training
4.2_LM_v1.0.918,mem0_full,mem0,full,order_2,score,succeeded,0.85,1.0,-0.15000000000000002,0.15000000000000002,-0.15000000000000002,0.15000000000000002,425,468,9174,1,,1.0,"The response answer is correct as it contains an appropriate definition, advantage and disadvantage.",training
4.2_LM_v1.0.640,retrieval_no_feedback,retrieval,no_feedback,order_1,score,succeeded,0.75,0.5,0.25,0.25,0.25,0.25,1833,1887,10767,1,,0.5,"The response answers the advantage and disadvantage part correctly. However, the definition is incorrect as it contains details, such as a maximal burst of three packets and a recommendation not to use it with more than 3 clients, that do not hold for frame bursting in general.",training
4.2_LM_v1.0.1654,mem0_no_feedback,mem0,no_feedback,order_2,score,succeeded,0.9,1.0,-0.09999999999999998,0.09999999999999998,-0.09999999999999998,0.09999999999999998,440,484,12676,1,,1.0,The response answers all parts of the question correctly.,training
4.2_LM_v1.0.1926,retrieval_full,retrieval,full,order_3,score,succeeded,1.0,1.0,0.0,0.0,0.0,0.0,3712,3738,8666,1,,1.0,The response answers all three parts of the question correctly.,training
4.2_LM_v1.0.143,retrieval_full,retrieval,full,order_3,score,succeeded,1.0,1.0,0.0,0.0,0.0,0.0,3627,3654,8216,1,,1.0,"The response gives the correct definition of frame bursting, including an advantage and a disadvantage.",training
4.2_LM_v1.0.277,retrieval_full,retrieval,full,order_3,score,succeeded,1.0,1.0,0.0,0.0,0.0,0.0,4146,4184,10333,1,,1.0,"The response correctly explains the frame bursting concept, including its advantage and disadvantage.",training
4.2_LM_v1.0.1029,retrieval_full,retrieval,full,order_3,score,succeeded,1.0,1.0,0.0,0.0,0.0,0.0,3732,3765,8981,1,,1.0,The response answers all three parts of the question correctly.,training
4.2_LM_v1.0.16,retrieval_full,retrieval,full,order_3,score,succeeded,1.0,1.0,0.0,0.0,0.0,0.0,3965,3992,9968,1,,1.0,The response answers all three parts of the question correctly.,training
4.2_LM_v1.0.1926,no_memory,none,full,order_3,score,succeeded,0.95,1.0,-0.050000000000000044,0.050000000000000044,-0.050000000000000044,0.050000000000000044,167,207,9947,1,,1.0,The response answers all three parts of the question correctly.,training
4.2_LM_v1.0.143,no_memory,none,full,order_3,score,succeeded,0.9,1.0,-0.09999999999999998,0.09999999999999998,-0.09999999999999998,0.09999999999999998,174,218,8579,1,,1.0,"The response gives the correct definition of frame bursting, including an advantage and a disadvantage.",training
4.2_LM_v1.0.1315,no_memory,none,full,order_3,score,succeeded,0.9,1.0,-0.09999999999999998,0.09999999999999998,-0.09999999999999998,0.09999999999999998,341,379,9779,1,,1.0,"The response correctly explains the concept of frame bursting, its advantages and disadvantages.",training
4.2_LM_v1.0.1970,retrieval_no_feedback,retrieval,no_feedback,order_2,score,succeeded,1.0,0.75,0.25,0.25,0.25,0.25,3659,3689,14833,1,,0.75,The response answers the frame bursting definition and its advantage correctly. But the disadvantage part is not completely accurate as it states frame bursting can't be used if there are no frames in queue. The sender may need to wait in case there are not enough frames which will cause additional delay.,training
4.2_LM_v1.0.115,mem0_full,mem0,full,order_2,score,succeeded,1.0,1.0,0.0,0.0,0.0,0.0,457,489,12100,1,,1.0,The response correctly answers all three parts of the question.,training
4.2_LM_v1.0.2047,amem_no_feedback,amem,no_feedback,order_3,score,succeeded,1.0,1.0,0.0,0.0,0.0,0.0,7130,7157,18912,1,,1.0,The response answers all three parts of the question accurately.,training
4.2_LM_v1.0.2067,mem0_full,mem0,full,order_2,score,succeeded,0.75,1.0,-0.25,0.25,-0.25,0.25,446,501,15486,1,,1.0,The response answers all three parts of the question correctly.,training
4.2_LM_v1.0.1029,no_memory,none,full,order_3,score,succeeded,0.9,1.0,-0.09999999999999998,0.09999999999999998,-0.09999999999999998,0.09999999999999998,201,249,11336,1,,1.0,The response answers all three parts of the question correctly.,training
4.2_LM_v1.0.16,no_memory,none,full,order_3,score,succeeded,0.85,1.0,-0.15000000000000002,0.15000000000000002,-0.15000000000000002,0.15000000000000002,168,210,9157,1,,1.0,The response answers all three parts of the question correctly.,training
4.2_LM_v1.0.446,no_memory,none,full,order_3,score,succeeded,1.0,1.0,0.0,0.0,0.0,0.0,244,280,9052,1,,1.0,"The response correctly explains the frame bursting definition, its advantage and disadvantage.",training
4.2_LM_v1.0.1753,no_memory,none,full,order_3,score,succeeded,1.0,1.0,0.0,0.0,0.0,0.0,270,297,10578,1,,1.0,"The response correctly answers the definition of frame bursting, its advantage and disadvantage.",training
4.2_LM_v1.0.332,no_memory,none,none,order_1,score,succeeded,0.75,1.0,-0.25,0.25,-0.25,0.25,229,290,10313,1,,1.0,"The response is correct. However, to substitute carrier extension, frame bursting with frame aggregation has to be used. In this case, frames are directly concatenated without waiting for acknowledgments in between.",unseen_answers
4.2_LM_v1.0.316,amem_full,amem,full,order_1,score,succeeded,1.0,1.0,0.0,0.0,0.0,0.0,7978,8019,10899,1,,1.0,The response answers the question requirements correctly.,training
4.2_LM_v1.0.332,no_memory,none,none,order_2,score,succeeded,0.8,1.0,-0.19999999999999996,0.19999999999999996,-0.19999999999999996,0.19999999999999996,229,292,13050,1,,1.0,"The response is correct. However, to substitute carrier extension, frame bursting with frame aggregation has to be used. In this case, frames are directly concatenated without waiting for acknowledgments in between.",unseen_answers
4.2_LM_v1.0.108,no_memory,none,none,order_2,score,succeeded,0.85,1.0,-0.15000000000000002,0.15000000000000002,-0.15000000000000002,0.15000000000000002,325,383,11370,1,,1.0,"The response correctly states the definition of frame bursting, including its pros and cons.",unseen_answers
4.2_LM_v1.0.446,retrieval_full,retrieval,full,order_3,score,succeeded,1.0,1.0,0.0,0.0,0.0,0.0,4679,4714,8302,1,,1.0,"The response correctly explains the frame bursting definition, its advantage and disadvantage.",training
4.2_LM_v1.0.1753,retrieval_full,retrieval,full,order_3,score,succeeded,1.0,1.0,0.0,0.0,0.0,0.0,3902,3931,10098,1,,1.0,"The response correctly answers the definition of frame bursting, its advantage and disadvantage.",training
4.2_LM_v1.0.108,no_memory,none,none,order_1,score,succeeded,0.8,1.0,-0.19999999999999996,0.19999999999999996,-0.19999999999999996,0.19999999999999996,325,376,10565,1,,1.0,"The response correctly states the definition of frame bursting, including its pros and cons.",unseen_answers
4.2_LM_v1.0.39,no_memory,none,none,order_1,score,succeeded,1.0,1.0,0.0,0.0,0.0,0.0,256,286,9973,1,,1.0,"The response gives a correct definition of frame bursting, including its benefits and drawbacks.",unseen_answers
4.2_LM_v1.0.388,mem0_full,mem0,full,order_2,score,succeeded,0.9,1.0,-0.09999999999999998,0.09999999999999998,-0.09999999999999998,0.09999999999999998,524,569,10823,1,,1.0,"The response correctly answers all three parts of the question with an example. However, the answer also states the 9% efficiency of carrier extension which is only valid in worst case scenario. The efficiency can be better based on how much data we are sending which can vary between 46-1500 bytes.",training
4.2_LM_v1.0.298,no_memory,none,none,order_1,score,succeeded,0.9,1.0,-0.09999999999999998,0.09999999999999998,-0.09999999999999998,0.09999999999999998,221,268,11088,1,,1.0,The response is answering all three parts of the question correctly.,unseen_answers
4.2_LM_v1.0.26,no_memory,none,none,order_1,score,succeeded,0.9,1.0,-0.09999999999999998,0.09999999999999998,-0.09999999999999998,0.09999999999999998,189,232,10601,1,,1.0,The response answers all three parts of the question correctly.,unseen_answers
4.2_LM_v1.0.1601,mem0_full,mem0,full,order_2,score,succeeded,0.8,1.0,-0.19999999999999996,0.19999999999999996,-0.19999999999999996,0.19999999999999996,495,554,11321,1,,1.0,"The response correctly states the frame bursting definition, its advantage and disadvantage.",training
4.2_LM_v1.0.26,no_memory,none,none,order_2,score,succeeded,1.0,1.0,0.0,0.0,0.0,0.0,189,218,11299,1,,1.0,The response answers all three parts of the question correctly.,unseen_answers
4.2_LM_v1.0.1601,amem_full,amem,full,order_1,score,succeeded,0.75,1.0,-0.25,0.25,-0.25,0.25,7942,7990,10751,1,,1.0,"The response correctly states the frame bursting definition, its advantage and disadvantage.",training
4.2_LM_v1.0.298,no_memory,none,none,order_2,score,succeeded,1.0,1.0,0.0,0.0,0.0,0.0,221,254,14389,1,,1.0,The response is answering all three parts of the question correctly.,unseen_answers
4.2_LM_v1.0.2067,retrieval_no_feedback,retrieval,no_feedback,order_1,score,succeeded,0.75,1.0,-0.25,0.25,-0.25,0.25,1983,2035,13146,1,,1.0,The response answers all three parts of the question correctly.,training
4.2_LM_v1.0.180,no_memory,none,none,order_1,score,succeeded,1.0,1.0,0.0,0.0,0.0,0.0,230,256,8344,1,,1.0,The response answers all three parts of the question correctly.,unseen_answers
4.2_LM_v1.0.277,mem0_full,mem0,full,order_2,score,succeeded,0.95,1.0,-0.050000000000000044,0.050000000000000044,-0.050000000000000044,0.050000000000000044,547,577,10990,1,,1.0,"The response correctly explains the frame bursting concept, including its advantage and disadvantage.",training
4.2_LM_v1.0.1654,mem0_full,mem0,full,order_2,score,succeeded,0.9,1.0,-0.09999999999999998,0.09999999999999998,-0.09999999999999998,0.09999999999999998,433,479,9615,1,,1.0,The response answers all parts of the question correctly.,training
4.2_LM_v1.0.1190,mem0_full,mem0,full,order_2,score,succeeded,0.85,1.0,-0.15000000000000002,0.15000000000000002,-0.15000000000000002,0.15000000000000002,453,494,9133,1,,1.0,"The response correctly states the frame bursting definition, advantage and disadvantage.",training
4.2_LM_v1.0.39,no_memory,none,none,order_2,score,succeeded,0.95,1.0,-0.050000000000000044,0.050000000000000044,-0.050000000000000044,0.050000000000000044,256,286,9597,1,,1.0,"The response gives a correct definition of frame bursting, including its benefits and drawbacks.",unseen_answers
4.2_LM_v1.0.179,no_memory,none,none,order_1,score,succeeded,1.0,1.0,0.0,0.0,0.0,0.0,191,216,10364,1,,1.0,"The response answers the correct definition of frame bursting, its advantage and disadvantage.",unseen_answers
4.2_LM_v1.0.370,mem0_full,mem0,full,order_2,score,succeeded,0.9,1.0,-0.09999999999999998,0.09999999999999998,-0.09999999999999998,0.09999999999999998,448,490,11300,1,,1.0,The response correctly answers all three parts of the question.,training
4.2_LM_v1.0.359,no_memory,none,none,order_2,score,succeeded,0.9,1.0,-0.09999999999999998,0.09999999999999998,-0.09999999999999998,0.09999999999999998,161,201,10864,1,,1.0,"The response gives a correct definition of frame bursting, its advantage and disadvantage.",unseen_answers
4.2_LM_v1.0.1630,mem0_full,mem0,full,order_2,score,succeeded,0.95,1.0,-0.050000000000000044,0.050000000000000044,-0.050000000000000044,0.050000000000000044,511,554,11186,1,,1.0,The response answers all the three parts of the question correctly.,training
4.2_LM_v1.0.332,no_memory,none,none,order_3,score,succeeded,0.75,1.0,-0.25,0.25,-0.25,0.25,229,280,14133,1,,1.0,"The response is correct. However, to substitute carrier extension, frame bursting with frame aggregation has to be used. In this case, frames are directly concatenated without waiting for acknowledgments in between.",unseen_answers
4.2_LM_v1.0.333,amem_no_feedback,amem,no_feedback,order_3,score,succeeded,1.0,1.0,0.0,0.0,0.0,0.0,6930,6958,12199,1,,1.0,"The response correctly states the frame bursting definition, its advantage and disadvantage.",training
4.2_LM_v1.0.351,no_memory,none,none,order_2,score,succeeded,1.0,1.0,0.0,0.0,0.0,0.0,208,234,8167,1,,1.0,"The response correctly answers all three parts, the frame bursting definition, its advantage and disadvantage.",unseen_answers
4.2_LM_v1.0.1753,amem_full,amem,full,order_1,score,succeeded,0.95,1.0,-0.050000000000000044,0.050000000000000044,-0.050000000000000044,0.050000000000000044,7707,7742,10324,1,,1.0,"The response correctly answers the definition of frame bursting, its advantage and disadvantage.",training
4.2_LM_v1.0.16,mem0_no_feedback,mem0,no_feedback,order_1,score,succeeded,0.9,1.0,-0.09999999999999998,0.09999999999999998,-0.09999999999999998,0.09999999999999998,454,495,12257,1,,1.0,The response answers all three parts of the question correctly.,training
4.2_LM_v1.0.252,mem0_no_feedback,mem0,no_feedback,order_1,score,succeeded,0.9,1.0,-0.09999999999999998,0.09999999999999998,-0.09999999999999998,0.09999999999999998,546,591,10596,1,,1.0,The response correctly explains the frame busting concept as well as its advantage and disadvantage.,training
4.2_LM_v1.0.1304,mem0_no_feedback,mem0,no_feedback,order_1,score,succeeded,0.85,0.75,0.09999999999999998,0.09999999999999998,0.09999999999999998,0.09999999999999998,583,632,11165,1,,0.75,"The response answers the advantage and disadvantage of frame bursting correctly. However, the definition part is partially correct as it mentions that there are 10 packets to be sent together, which is not true as there is no specification for the number of packets in a frame. Frame bursting is used to concatenate a sequence of multiple frames and transmitting them in one single transmission.",training
4.2_LM_v1.0.881,amem_no_feedback,amem,no_feedback,order_1,score,succeeded,1.0,1.0,0.0,0.0,0.0,0.0,7203,7231,16459,1,,1.0,"The response is correct as it correctly explains the concept of frame bursting, its advantage and disadvantage.",training
4.2_LM_v1.0.1816,amem_no_feedback,amem,no_feedback,order_1,score,succeeded,1.0,1.0,0.0,0.0,0.0,0.0,6766,6804,26537,1,,1.0,The response answers all three parts of the question correctly.,training
4.2_LM_v1.0.2040,mem0_no_feedback,mem0,no_feedback,order_1,score,succeeded,0.7,0.5,0.19999999999999996,0.19999999999999996,0.19999999999999996,0.19999999999999996,424,458,11834,1,,0.5,"The response correctly states the advantage and the disadvantage of frame bursting. However, it does not contain a definition. Frame bursting reduces the overhead of transmitting small frames by concatenating a sequence of multiple frames in one single transmission.",training
4.2_LM_v1.0.2047,mem0_no_feedback,mem0,no_feedback,order_1,score,succeeded,0.85,1.0,-0.15000000000000002,0.15000000000000002,-0.15000000000000002,0.15000000000000002,443,488,15792,1,,1.0,The response answers all three parts of the question accurately.,training
4.2_LM_v1.0.1320,amem_no_feedback,amem,no_feedback,order_3,score,succeeded,1.0,1.0,0.0,0.0,0.0,0.0,6899,6930,12872,1,,1.0,"The response gives the frame bursting definition, its advantage and disadvantage correctly.",training
4.2_LM_v1.0.1385,mem0_no_feedback,mem0,no_feedback,order_1,score,succeeded,0.95,1.0,-0.050000000000000044,0.050000000000000044,-0.050000000000000044,0.050000000000000044,536,576,16409,1,,1.0,"The response states the correct definition of frame bursting, including its advantage and disadvantage.",training
4.2_LM_v1.0.1271,retrieval_no_feedback,retrieval,no_feedback,order_1,score,succeeded,1.0,1.0,0.0,0.0,0.0,0.0,3450,3477,14368,1,,1.0,The response answers the question requirements correctly.,training
4.2_LM_v1.0.640,mem0_no_feedback,mem0,no_feedback,order_1,score,succeeded,0.6,0.5,0.09999999999999998,0.09999999999999998,0.09999999999999998,0.09999999999999998,493,545,15992,1,,0.5,"The response answers the advantage and disadvantage part correctly. However, the definition is incorrect as it contains details, such as a maximal burst of three packets and a recommendation not to use it with more than 3 clients, that do not hold for frame bursting in general.",training
4.2_LM_v1.0.370,retrieval_no_feedback,retrieval,no_feedback,order_1,score,succeeded,1.0,1.0,0.0,0.0,0.0,0.0,3781,3810,16526,1,,1.0,The response correctly answers all three parts of the question.,training
4.2_LM_v1.0.2067,mem0_no_feedback,mem0,no_feedback,order_1,score,succeeded,0.6,1.0,-0.4,0.4,-0.4,0.4,474,532,14763,1,,1.0,The response answers all three parts of the question correctly.,training
4.2_LM_v1.0.1630,retrieval_no_feedback,retrieval,no_feedback,order_1,score,succeeded,1.0,1.0,0.0,0.0,0.0,0.0,3996,4026,18100,1,,1.0,The response answers all the three parts of the question correctly.,training
4.2_LM_v1.0.333,retrieval_no_feedback,retrieval,no_feedback,order_1,score,succeeded,1.0,1.0,0.0,0.0,0.0,0.0,3546,3570,12210,1,,1.0,"The response correctly states the frame bursting definition, its advantage and disadvantage.",training
4.2_LM_v1.0.143,mem0_no_feedback,mem0,no_feedback,order_1,score,succeeded,1.0,1.0,0.0,0.0,0.0,0.0,460,489,19351,1,,1.0,"The response gives the correct definition of frame bursting, including an advantage and a disadvantage.",training
4.2_LM_v1.0.1654,retrieval_no_feedback,retrieval,no_feedback,order_1,score,succeeded,1.0,1.0,0.0,0.0,0.0,0.0,3394,3421,16739,1,,1.0,The response answers all parts of the question correctly.,training
4.2_LM_v1.0.316,retrieval_no_feedback,retrieval,no_feedback,order_1,score,succeeded,1.0,1.0,0.0,0.0,0.0,0.0,3622,3657,12145,1,,1.0,The response answers the question requirements correctly.,training
4.2_LM_v1.0.1984,mem0_no_feedback,mem0,no_feedback,order_1,score,succeeded,1.0,1.0,0.0,0.0,0.0,0.0,492,523,21969,1,,1.0,"The response correctly answers the frame bursting definition, its advantage and disadvantage.",training
4.2_LM_v1.0.1753,retrieval_no_feedback,retrieval,no_feedback,order_1,score,succeeded,1.0,1.0,0.0,0.0,0.0,0.0,3397,3425,15443,1,,1.0,"The response correctly answers the definition of frame bursting, its advantage and disadvantage.",training
4.2_LM_v1.0.1315,retrieval_no_feedback,retrieval,no_feedback,order_1,score,succeeded,1.0,1.0,0.0,0.0,0.0,0.0,3739,3771,15881,1,,1.0,"The response correctly explains the concept of frame bursting, its advantages and disadvantages.",training
4.2_LM_v1.0.277,mem0_no_feedback,mem0,no_feedback,order_1,score,succeeded,1.0,1.0,0.0,0.0,0.0,0.0,572,602,16376,1,,1.0,"The response correctly explains the frame bursting concept, including its advantage and disadvantage.",training
4.2_LM_v1.0.1190,mem0_no_feedback,mem0,no_feedback,order_2,score,succeeded,0.85,1.0,-0.15000000000000002,0.15000000000000002,-0.15000000000000002,0.15000000000000002,457,500,13497,1,,1.0,"The response correctly states the frame bursting definition, advantage and disadvantage.",training
4.2_LM_v1.0.1601,retrieval_no_feedback,retrieval,no_feedback,order_1,score,succeeded,1.0,1.0,0.0,0.0,0.0,0.0,3514,3559,20159,1,,1.0,"The response correctly states the frame bursting definition, its advantage and disadvantage.",training
4.2_LM_v1.0.654,retrieval_no_feedback,retrieval,no_feedback,order_2,score,succeeded,1.0,1.0,0.0,0.0,0.0,0.0,3486,3517,14508,1,,1.0,"The response correctly explains the frame bursting concept, an advantage and a disadvantage.",training
4.2_LM_v1.0.1190,mem0_no_feedback,mem0,no_feedback,order_1,score,succeeded,0.85,1.0,-0.15000000000000002,0.15000000000000002,-0.15000000000000002,0.15000000000000002,478,518,23239,1,,1.0,"The response correctly states the frame bursting definition, advantage and disadvantage.",training
4.2_LM_v1.0.918,retrieval_no_feedback,retrieval,no_feedback,order_1,score,succeeded,1.0,1.0,0.0,0.0,0.0,0.0,3273,3299,17089,1,,1.0,"The response answer is correct as it contains an appropriate definition, advantage and disadvantage.",training
4.2_LM_v1.0.2067,amem_no_feedback,amem,no_feedback,order_1,score,succeeded,0.75,1.0,-0.25,0.25,-0.25,0.25,4051,4100,17234,1,,1.0,The response answers all three parts of the question correctly.,training
4.2_LM_v1.0.1816,mem0_no_feedback,mem0,no_feedback,order_1,score,succeeded,0.9,1.0,-0.09999999999999998,0.09999999999999998,-0.09999999999999998,0.09999999999999998,517,551,23798,1,,1.0,The response answers all three parts of the question correctly.,training
4.2_LM_v1.0.40,retrieval_no_feedback,retrieval,no_feedback,order_2,score,succeeded,0.8,1.0,-0.19999999999999996,0.19999999999999996,-0.19999999999999996,0.19999999999999996,159,196,18380,1,,1.0,The response correctly answers all three parts of the question.,training
4.2_LM_v1.0.333,retrieval_no_feedback,retrieval,no_feedback,order_2,score,succeeded,1.0,1.0,0.0,0.0,0.0,0.0,3416,3442,18193,1,,1.0,"The response correctly states the frame bursting definition, its advantage and disadvantage.",training
4.2_LM_v1.0.881,mem0_no_feedback,mem0,no_feedback,order_1,score,succeeded,1.0,1.0,0.0,0.0,0.0,0.0,480,514,18026,1,,1.0,"The response is correct as it correctly explains the concept of frame bursting, its advantage and disadvantage.",training
4.2_LM_v1.0.1427,mem0_no_feedback,mem0,no_feedback,order_1,score,succeeded,1.0,1.0,0.0,0.0,0.0,0.0,502,541,12598,1,,1.0,"The response is correctly answers frame bursting definition, its advantage and disadvantage.",training
4.2_LM_v1.0.143,retrieval_no_feedback,retrieval,no_feedback,order_2,score,succeeded,1.0,1.0,0.0,0.0,0.0,0.0,679,706,12633,1,,1.0,"The response gives the correct definition of frame bursting, including an advantage and a disadvantage.",training
4.2_LM_v1.0.1271,mem0_no_feedback,mem0,no_feedback,order_1,score,succeeded,0.8,1.0,-0.19999999999999996,0.19999999999999996,-0.19999999999999996,0.19999999999999996,441,489,17867,1,,1.0,The response answers the question requirements correctly.,training
4.2_LM_v1.0.1441,mem0_no_feedback,mem0,no_feedback,order_1,score,succeeded,0.85,1.0,-0.15000000000000002,0.15000000000000002,-0.15000000000000002,0.15000000000000002,548,614,24720,1,,1.0,The response correctly explains what frame bursting is and also provides the accurate advantage and disadvantage of it.,training
4.2_LM_v1.0.1447,retrieval_no_feedback,retrieval,no_feedback,order_2,score,succeeded,1.0,1.0,0.0,0.0,0.0,0.0,1145,1182,20282,1,,1.0,The response correctly answers all three parts of the question.,training
4.2_LM_v1.0.1320,retrieval_no_feedback,retrieval,no_feedback,order_2,score,succeeded,0.9,1.0,-0.09999999999999998,0.09999999999999998,-0.09999999999999998,0.09999999999999998,425,464,15016,1,,1.0,"The response gives the frame bursting definition, its advantage and disadvantage correctly.",training
4.2_LM_v1.0.1630,mem0_no_feedback,mem0,no_feedback,order_2,score,succeeded,0.9,1.0,-0.09999999999999998,0.09999999999999998,-0.09999999999999998,0.09999999999999998,515,555,12623,1,,1.0,The response answers all the three parts of the question correctly.,training
4.2_LM_v1.0.1926,retrieval_no_feedback,retrieval,no_feedback,order_2,score,succeeded,1.0,1.0,0.0,0.0,0.0,0.0,972,1001,12753,1,,1.0,The response answers all three parts of the question correctly.,training
4.2_LM_v1.0.1753,mem0_no_feedback,mem0,no_feedback,order_2,score,succeeded,0.82,1.0,-0.18000000000000005,0.18000000000000005,-0.18000000000000005,0.18000000000000005,535,580,15199,1,,1.0,"The response correctly answers the definition of frame bursting, its advantage and disadvantage.",training
4.2_LM_v1.0.1447,amem_no_feedback,amem,no_feedback,order_1,score,succeeded,1.0,1.0,0.0,0.0,0.0,0.0,8110,8143,12383,1,,1.0,The response correctly answers all three parts of the question.,training
4.2_LM_v1.0.370,mem0_no_feedback,mem0,no_feedback,order_1,score,succeeded,1.0,1.0,0.0,0.0,0.0,0.0,473,511,19406,1,,1.0,The response correctly answers all three parts of the question.,training
4.2_LM_v1.0.640,retrieval_no_feedback,retrieval,no_feedback,order_2,score,succeeded,0.8,0.5,0.30000000000000004,0.30000000000000004,0.30000000000000004,0.30000000000000004,1521,1564,16652,1,,0.5,"The response answers the advantage and disadvantage part correctly. However, the definition is incorrect as it contains details, such as a maximal burst of three packets and a recommendation not to use it with more than 3 clients, that do not hold for frame bursting in general.",training
4.2_LM_v1.0.654,mem0_no_feedback,mem0,no_feedback,order_2,score,succeeded,0.85,1.0,-0.15000000000000002,0.15000000000000002,-0.15000000000000002,0.15000000000000002,467,516,12167,1,,1.0,"The response correctly explains the frame bursting concept, an advantage and a disadvantage.",training
4.2_LM_v1.0.40,amem_no_feedback,amem,no_feedback,order_1,score,succeeded,1.0,1.0,0.0,0.0,0.0,0.0,7773,7803,16436,1,,1.0,The response correctly answers all three parts of the question.,training
4.2_LM_v1.0.713,mem0_no_feedback,mem0,no_feedback,order_1,score,succeeded,0.75,0.75,0.0,0.0,0.0,0.0,481,520,16419,1,,0.75,"The disadvantage given is correct for frame bursting in general. However, if you use it as a substitution for carrier extension, the goal is to reach the minimum frame length/transmission time needed for collisions to be detectable. Therefore, increasing transmission time is not a disadvantage in this case. Apart from that, the answer is correct.",training
4.2_LM_v1.0.1630,mem0_no_feedback,mem0,no_feedback,order_1,score,succeeded,1.0,1.0,0.0,0.0,0.0,0.0,536,573,15689,1,,1.0,The response answers all the three parts of the question correctly.,training
4.2_LM_v1.0.333,mem0_no_feedback,mem0,no_feedback,order_1,score,succeeded,0.85,1.0,-0.15000000000000002,0.15000000000000002,-0.15000000000000002,0.15000000000000002,461,510,26203,1,,1.0,"The response correctly states the frame bursting definition, its advantage and disadvantage.",training
4.2_LM_v1.0.1029,mem0_no_feedback,mem0,no_feedback,order_1,score,succeeded,0.85,1.0,-0.15000000000000002,0.15000000000000002,-0.15000000000000002,0.15000000000000002,487,536,24955,1,,1.0,The response answers all three parts of the question correctly.,training
4.2_LM_v1.0.1926,mem0_no_feedback,mem0,no_feedback,order_1,score,succeeded,0.85,1.0,-0.15000000000000002,0.15000000000000002,-0.15000000000000002,0.15000000000000002,453,501,26045,1,,1.0,The response answers all three parts of the question correctly.,training
4.2_LM_v1.0.1525,mem0_no_feedback,mem0,no_feedback,order_1,score,succeeded,0.6,0.75,-0.15000000000000002,0.15000000000000002,-0.15000000000000002,0.15000000000000002,445,485,16316,1,,0.75,"The response only states the frame bursting definition and its advantage, but is missing a disadvantage. There is a drawback when using frame bursting which is end to end delay. The sender may need to wait for a certain amount of frames to be collected and concatenated to a sequence of minimum length.",training
4.2_LM_v1.0.1654,mem0_no_feedback,mem0,no_feedback,order_1,score,succeeded,0.9,1.0,-0.09999999999999998,0.09999999999999998,-0.09999999999999998,0.09999999999999998,461,510,13471,1,,1.0,The response answers all parts of the question correctly.,training
4.2_LM_v1.0.316,mem0_no_feedback,mem0,no_feedback,order_1,score,succeeded,0.9,1.0,-0.09999999999999998,0.09999999999999998,-0.09999999999999998,0.09999999999999998,484,532,14113,1,,1.0,The response answers the question requirements correctly.,training
4.2_LM_v1.0.1816,mem0_no_feedback,mem0,no_feedback,order_2,score,succeeded,0.95,1.0,-0.050000000000000044,0.050000000000000044,-0.050000000000000044,0.050000000000000044,496,540,13458,1,,1.0,The response answers all three parts of the question correctly.,training
4.2_LM_v1.0.1601,mem0_no_feedback,mem0,no_feedback,order_1,score,succeeded,0.85,1.0,-0.15000000000000002,0.15000000000000002,-0.15000000000000002,0.15000000000000002,520,575,14472,1,,1.0,"The response correctly states the frame bursting definition, its advantage and disadvantage.",training
4.2_LM_v1.0.370,amem_no_feedback,amem,no_feedback,order_1,score,succeeded,1.0,1.0,0.0,0.0,0.0,0.0,8302,8330,17835,1,,1.0,The response correctly answers all three parts of the question.,training
4.2_LM_v1.0.1753,mem0_no_feedback,mem0,no_feedback,order_1,score,succeeded,0.85,1.0,-0.15000000000000002,0.15000000000000002,-0.15000000000000002,0.15000000000000002,556,614,26021,1,,1.0,"The response correctly answers the definition of frame bursting, its advantage and disadvantage.",training
4.2_LM_v1.0.1315,mem0_no_feedback,mem0,no_feedback,order_1,score,succeeded,0.9,1.0,-0.09999999999999998,0.09999999999999998,-0.09999999999999998,0.09999999999999998,627,671,19639,1,,1.0,"The response correctly explains the concept of frame bursting, its advantages and disadvantages.",training
4.2_LM_v1.0.918,mem0_no_feedback,mem0,no_feedback,order_1,score,succeeded,0.9,1.0,-0.09999999999999998,0.09999999999999998,-0.09999999999999998,0.09999999999999998,450,483,14338,1,,1.0,"The response answer is correct as it contains an appropriate definition, advantage and disadvantage.",training
4.2_LM_v1.0.40,retrieval_no_feedback,retrieval,no_feedback,order_3,score,succeeded,0.75,1.0,-0.25,0.25,-0.25,0.25,436,469,17248,1,,1.0,The response correctly answers all three parts of the question.,training
4.2_LM_v1.0.1970,mem0_no_feedback,mem0,no_feedback,order_2,score,succeeded,1.0,0.75,0.25,0.25,0.25,0.25,498,528,11155,1,,0.75,The response answers the frame bursting definition and its advantage correctly. But the disadvantage part is not completely accurate as it states frame bursting can't be used if there are no frames in queue. The sender may need to wait in case there are not enough frames which will cause additional delay.,training
4.2_LM_v1.0.1271,retrieval_no_feedback,retrieval,no_feedback,order_3,score,succeeded,1.0,1.0,0.0,0.0,0.0,0.0,552,574,20027,1,,1.0,The response answers the question requirements correctly.,training
4.2_LM_v1.0.1654,retrieval_no_feedback,retrieval,no_feedback,order_3,score,succeeded,1.0,1.0,0.0,0.0,0.0,0.0,1457,1487,15941,1,,1.0,The response answers all parts of the question correctly.,training
4.2_LM_v1.0.252,retrieval_no_feedback,retrieval,no_feedback,order_3,score,succeeded,1.0,1.0,0.0,0.0,0.0,0.0,1974,2009,15427,1,,1.0,The response correctly explains the frame busting concept as well as its advantage and disadvantage.,training
4.2_LM_v1.0.87,mem0_no_feedback,mem0,no_feedback,order_1,score,succeeded,0.85,1.0,-0.15000000000000002,0.15000000000000002,-0.15000000000000002,0.15000000000000002,495,536,20059,1,,1.0,"The response correctly explains the frame bursting concept, its advantage and disadvantage.",training
4.2_LM_v1.0.1447,mem0_no_feedback,mem0,no_feedback,order_1,score,succeeded,0.9,1.0,-0.09999999999999998,0.09999999999999998,-0.09999999999999998,0.09999999999999998,496,535,15590,1,,1.0,The response correctly answers all three parts of the question.,training
4.2_LM_v1.0.918,retrieval_no_feedback,retrieval,no_feedback,order_3,score,succeeded,1.0,1.0,0.0,0.0,0.0,0.0,680,705,12219,1,,1.0,"The response answer is correct as it contains an appropriate definition, advantage and disadvantage.",training
4.2_LM_v1.0.1984,retrieval_no_feedback,retrieval,no_feedback,order_3,score,succeeded,1.0,1.0,0.0,0.0,0.0,0.0,846,876,15274,1,,1.0,"The response correctly answers the frame bursting definition, its advantage and disadvantage.",training
4.2_LM_v1.0.1304,retrieval_no_feedback,retrieval,no_feedback,order_3,score,succeeded,1.0,0.75,0.25,0.25,0.25,0.25,1108,1140,20732,1,,0.75,"The response answers the advantage and disadvantage of frame bursting correctly. However, the definition part is partially correct as it mentions that there are 10 packets to be sent together, which is not true as there is no specification for the number of packets in a frame. Frame bursting is used to concatenate a sequence of multiple frames and transmitting them in one single transmission.",training
4.2_LM_v1.0.1630,retrieval_no_feedback,retrieval,no_feedback,order_3,score,succeeded,1.0,1.0,0.0,0.0,0.0,0.0,1321,1351,13230,1,,1.0,The response answers all the three parts of the question correctly.,training
4.2_LM_v1.0.446,mem0_no_feedback,mem0,no_feedback,order_1,score,succeeded,0.95,1.0,-0.050000000000000044,0.050000000000000044,-0.050000000000000044,0.050000000000000044,530,572,14555,1,,1.0,"The response correctly explains the frame bursting definition, its advantage and disadvantage.",training
4.2_LM_v1.0.1525,mem0_no_feedback,mem0,no_feedback,order_2,score,succeeded,0.6,0.75,-0.15000000000000002,0.15000000000000002,-0.15000000000000002,0.15000000000000002,424,466,15074,1,,0.75,"The response only states the frame bursting definition and its advantage, but is missing a disadvantage. There is a drawback when using frame bursting which is end to end delay. The sender may need to wait for a certain amount of frames to be collected and concatenated to a sequence of minimum length.",training
4.2_LM_v1.0.87,amem_no_feedback,amem,no_feedback,order_1,score,succeeded,1.0,1.0,0.0,0.0,0.0,0.0,8732,8778,13591,1,,1.0,"The response correctly explains the frame bursting concept, its advantage and disadvantage.",training
4.2_LM_v1.0.1441,mem0_no_feedback,mem0,no_feedback,order_2,score,succeeded,0.85,1.0,-0.15000000000000002,0.15000000000000002,-0.15000000000000002,0.15000000000000002,524,583,18453,1,,1.0,The response correctly explains what frame bursting is and also provides the accurate advantage and disadvantage of it.,training
4.2_LM_v1.0.252,mem0_no_feedback,mem0,no_feedback,order_2,score,succeeded,1.0,1.0,0.0,0.0,0.0,0.0,522,561,17130,1,,1.0,The response correctly explains the frame busting concept as well as its advantage and disadvantage.,training
4.2_LM_v1.0.87,mem0_no_feedback,mem0,no_feedback,order_2,score,succeeded,0.75,1.0,-0.25,0.25,-0.25,0.25,474,531,17026,1,,1.0,"The response correctly explains the frame bursting concept, its advantage and disadvantage.",training
4.2_LM_v1.0.1315,mem0_no_feedback,mem0,no_feedback,order_2,score,succeeded,0.85,1.0,-0.15000000000000002,0.15000000000000002,-0.15000000000000002,0.15000000000000002,606,652,16959,1,,1.0,"The response correctly explains the concept of frame bursting, its advantages and disadvantages.",training
4.2_LM_v1.0.40,mem0_no_feedback,mem0,no_feedback,order_3,score,succeeded,0.75,1.0,-0.25,0.25,-0.25,0.25,424,463,15651,1,,1.0,The response correctly answers all three parts of the question.,training
4.2_LM_v1.0.1601,amem_no_feedback,amem,no_feedback,order_2,score,succeeded,0.9,1.0,-0.09999999999999998,0.09999999999999998,-0.09999999999999998,0.09999999999999998,4563,4616,14647,1,,1.0,"The response correctly states the frame bursting definition, its advantage and disadvantage.",training
4.2_LM_v1.0.316,mem0_no_feedback,mem0,no_feedback,order_2,score,succeeded,0.85,1.0,-0.15000000000000002,0.15000000000000002,-0.15000000000000002,0.15000000000000002,463,512,18069,1,,1.0,The response answers the question requirements correctly.,training
4.2_LM_v1.0.1926,amem_no_feedback,amem,no_feedback,order_2,score,succeeded,1.0,1.0,0.0,0.0,0.0,0.0,2048,2077,20311,1,,1.0,The response answers all three parts of the question correctly.,training
4.2_LM_v1.0.1525,mem0_no_feedback,mem0,no_feedback,order_3,score,succeeded,0.5,0.75,-0.25,0.25,-0.25,0.25,161,195,12881,1,,0.75,"The response only states the frame bursting definition and its advantage, but is missing a disadvantage. There is a drawback when using frame bursting which is end to end delay. The sender may need to wait for a certain amount of frames to be collected and concatenated to a sequence of minimum length.",training
4.2_LM_v1.0.1525,amem_no_feedback,amem,no_feedback,order_2,score,succeeded,0.7,0.75,-0.050000000000000044,0.050000000000000044,-0.050000000000000044,0.050000000000000044,423,460,12606,1,,0.75,"The response only states the frame bursting definition and its advantage, but is missing a disadvantage. There is a drawback when using frame bursting which is end to end delay. The sender may need to wait for a certain amount of frames to be collected and concatenated to a sequence of minimum length.",training
4.2_LM_v1.0.1271,amem_no_feedback,amem,no_feedback,order_2,score,succeeded,1.0,1.0,0.0,0.0,0.0,0.0,1056,1083,14176,1,,1.0,The response answers the question requirements correctly.,training
4.2_LM_v1.0.16,mem0_no_feedback,mem0,no_feedback,order_2,score,succeeded,1.0,1.0,0.0,0.0,0.0,0.0,433,459,13281,1,,1.0,The response answers all three parts of the question correctly.,training
4.2_LM_v1.0.2047,mem0_no_feedback,mem0,no_feedback,order_2,score,succeeded,0.9,1.0,-0.09999999999999998,0.09999999999999998,-0.09999999999999998,0.09999999999999998,422,463,14397,1,,1.0,The response answers all three parts of the question accurately.,training
4.2_LM_v1.0.2040,mem0_no_feedback,mem0,no_feedback,order_2,score,succeeded,0.65,0.5,0.15000000000000002,0.15000000000000002,0.15000000000000002,0.15000000000000002,403,437,11561,1,,0.5,"The response correctly states the advantage and the disadvantage of frame bursting. However, it does not contain a definition. Frame bursting reduces the overhead of transmitting small frames by concatenating a sequence of multiple frames in one single transmission.",training
4.2_LM_v1.0.446,amem_no_feedback,amem,no_feedback,order_2,score,succeeded,1.0,1.0,0.0,0.0,0.0,0.0,2783,2813,15695,1,,1.0,"The response correctly explains the frame bursting definition, its advantage and disadvantage.",training
4.2_LM_v1.0.1447,amem_no_feedback,amem,no_feedback,order_2,score,succeeded,1.0,1.0,0.0,0.0,0.0,0.0,2337,2373,13595,1,,1.0,The response correctly answers all three parts of the question.,training
4.2_LM_v1.0.2040,mem0_no_feedback,mem0,no_feedback,order_3,score,succeeded,0.5,0.5,0.0,0.0,0.0,0.0,405,428,12376,1,,0.5,"The response correctly states the advantage and the disadvantage of frame bursting. However, it does not contain a definition. Frame bursting reduces the overhead of transmitting small frames by concatenating a sequence of multiple frames in one single transmission.",training
4.2_LM_v1.0.1385,mem0_no_feedback,mem0,no_feedback,order_2,score,succeeded,0.9,1.0,-0.09999999999999998,0.09999999999999998,-0.09999999999999998,0.09999999999999998,515,560,11515,1,,1.0,"The response states the correct definition of frame bursting, including its advantage and disadvantage.",training
4.2_LM_v1.0.713,mem0_no_feedback,mem0,no_feedback,order_2,score,succeeded,0.75,0.75,0.0,0.0,0.0,0.0,457,499,19766,1,,0.75,"The disadvantage given is correct for frame bursting in general. However, if you use it as a substitution for carrier extension, the goal is to reach the minimum frame length/transmission time needed for collisions to be detectable. Therefore, increasing transmission time is not a disadvantage in this case. Apart from that, the answer is correct.",training
4.2_LM_v1.0.881,mem0_no_feedback,mem0,no_feedback,order_3,score,succeeded,0.85,1.0,-0.15000000000000002,0.15000000000000002,-0.15000000000000002,0.15000000000000002,461,506,13170,1,,1.0,"The response is correct as it correctly explains the concept of frame bursting, its advantage and disadvantage.",training
4.2_LM_v1.0.115,amem_no_feedback,amem,no_feedback,order_2,score,succeeded,1.0,1.0,0.0,0.0,0.0,0.0,3834,3860,19343,1,,1.0,The response correctly answers all three parts of the question.,training
4.2_LM_v1.0.1271,mem0_no_feedback,mem0,no_feedback,order_3,score,succeeded,0.85,1.0,-0.15000000000000002,0.15000000000000002,-0.15000000000000002,0.15000000000000002,422,463,17726,1,,1.0,The response answers the question requirements correctly.,training
4.2_LM_v1.0.1304,mem0_no_feedback,mem0,no_feedback,order_3,score,succeeded,0.8,0.75,0.050000000000000044,0.050000000000000044,0.050000000000000044,0.050000000000000044,564,622,14297,1,,0.75,"The response answers the advantage and disadvantage of frame bursting correctly. However, the definition part is partially correct as it mentions that there are 10 packets to be sent together, which is not true as there is no specification for the number of packets in a frame. Frame bursting is used to concatenate a sequence of multiple frames and transmitting them in one single transmission.",training
4.2_LM_v1.0.1630,mem0_no_feedback,mem0,no_feedback,order_3,score,succeeded,0.9,1.0,-0.09999999999999998,0.09999999999999998,-0.09999999999999998,0.09999999999999998,517,565,30158,1,,1.0,The response answers all the three parts of the question correctly.,training
4.2_LM_v1.0.918,mem0_no_feedback,mem0,no_feedback,order_3,score,succeeded,0.85,1.0,-0.15000000000000002,0.15000000000000002,-0.15000000000000002,0.15000000000000002,431,479,13779,1,,1.0,"The response answer is correct as it contains an appropriate definition, advantage and disadvantage.",training
4.2_LM_v1.0.694,mem0_no_feedback,mem0,no_feedback,order_3,score,succeeded,0.95,1.0,-0.050000000000000044,0.050000000000000044,-0.050000000000000044,0.050000000000000044,598,648,13576,1,,1.0,"The response correctly explains the definition of frame bursting, including an advantage and a disadvantage.",training
4.2_LM_v1.0.252,mem0_no_feedback,mem0,no_feedback,order_3,score,succeeded,0.9,1.0,-0.09999999999999998,0.09999999999999998,-0.09999999999999998,0.09999999999999998,527,585,16920,1,,1.0,The response correctly explains the frame busting concept as well as its advantage and disadvantage.,training
4.2_LM_v1.0.654,mem0_no_feedback,mem0,no_feedback,order_3,score,succeeded,0.95,1.0,-0.050000000000000044,0.050000000000000044,-0.050000000000000044,0.050000000000000044,469,503,12970,1,,1.0,"The response correctly explains the frame bursting concept, an advantage and a disadvantage.",training
4.2_LM_v1.0.316,mem0_no_feedback,mem0,no_feedback,order_3,score,succeeded,0.8,1.0,-0.19999999999999996,0.19999999999999996,-0.19999999999999996,0.19999999999999996,465,514,12800,1,,1.0,The response answers the question requirements correctly.,training
4.2_LM_v1.0.1190,amem_no_feedback,amem,no_feedback,order_2,score,succeeded,1.0,1.0,0.0,0.0,0.0,0.0,6983,7021,14621,1,,1.0,"The response correctly states the frame bursting definition, advantage and disadvantage.",training
4.2_LM_v1.0.370,mem0_no_feedback,mem0,no_feedback,order_3,score,succeeded,0.9,1.0,-0.09999999999999998,0.09999999999999998,-0.09999999999999998,0.09999999999999998,454,504,14261,1,,1.0,The response correctly answers all three parts of the question.,training
4.2_LM_v1.0.694,amem_no_feedback,amem,no_feedback,order_2,score,succeeded,1.0,1.0,0.0,0.0,0.0,0.0,5002,5041,12237,1,,1.0,"The response correctly explains the definition of frame bursting, including an advantage and a disadvantage.",training
4.2_LM_v1.0.1601,mem0_no_feedback,mem0,no_feedback,order_3,score,succeeded,0.75,1.0,-0.25,0.25,-0.25,0.25,501,562,15843,1,,1.0,"The response correctly states the frame bursting definition, its advantage and disadvantage.",training
4.2_LM_v1.0.277,amem_no_feedback,amem,no_feedback,order_2,score,succeeded,1.0,1.0,0.0,0.0,0.0,0.0,5942,5977,15997,1,,1.0,"The response correctly explains the frame bursting concept, including its advantage and disadvantage.",training
4.2_LM_v1.0.388,mem0_no_feedback,mem0,no_feedback,order_3,score,succeeded,0.8,1.0,-0.19999999999999996,0.19999999999999996,-0.19999999999999996,0.19999999999999996,530,585,16378,1,,1.0,"The response correctly answers all three parts of the question with an example. However, the answer also states the 9% efficiency of carrier extension which is only valid in worst case scenario. The efficiency can be better based on how much data we are sending which can vary between 46-1500 bytes.",training
4.2_LM_v1.0.1190,mem0_no_feedback,mem0,no_feedback,order_3,score,succeeded,0.8,1.0,-0.19999999999999996,0.19999999999999996,-0.19999999999999996,0.19999999999999996,459,510,13754,1,,1.0,"The response correctly states the frame bursting definition, advantage and disadvantage.",training
4.2_LM_v1.0.2067,mem0_no_feedback,mem0,no_feedback,order_3,score,succeeded,0.75,1.0,-0.25,0.25,-0.25,0.25,452,507,17031,1,,1.0,The response answers all three parts of the question correctly.,training
4.2_LM_v1.0.87,mem0_no_feedback,mem0,no_feedback,order_3,score,succeeded,0.75,1.0,-0.25,0.25,-0.25,0.25,476,525,12946,1,,1.0,"The response correctly explains the frame bursting concept, its advantage and disadvantage.",training
4.2_LM_v1.0.2047,mem0_no_feedback,mem0,no_feedback,order_3,score,succeeded,0.85,1.0,-0.15000000000000002,0.15000000000000002,-0.15000000000000002,0.15000000000000002,424,463,20834,1,,1.0,The response answers all three parts of the question accurately.,training
4.2_LM_v1.0.1753,amem_no_feedback,amem,no_feedback,order_2,score,succeeded,1.0,1.0,0.0,0.0,0.0,0.0,7451,7483,15892,1,,1.0,"The response correctly answers the definition of frame bursting, its advantage and disadvantage.",training
4.2_LM_v1.0.1441,mem0_no_feedback,mem0,no_feedback,order_3,score,succeeded,0.95,1.0,-0.050000000000000044,0.050000000000000044,-0.050000000000000044,0.050000000000000044,529,572,19198,1,,1.0,The response correctly explains what frame bursting is and also provides the accurate advantage and disadvantage of it.,training
4.2_LM_v1.0.1970,mem0_no_feedback,mem0,no_feedback,order_3,score,succeeded,0.95,0.75,0.19999999999999996,0.19999999999999996,0.19999999999999996,0.19999999999999996,500,537,13304,1,,0.75,The response answers the frame bursting definition and its advantage correctly. But the disadvantage part is not completely accurate as it states frame bursting can't be used if there are no frames in queue. The sender may need to wait in case there are not enough frames which will cause additional delay.,training
4.2_LM_v1.0.713,mem0_no_feedback,mem0,no_feedback,order_3,score,succeeded,0.75,0.75,0.0,0.0,0.0,0.0,462,513,15185,1,,0.75,"The disadvantage given is correct for frame bursting in general. However, if you use it as a substitution for carrier extension, the goal is to reach the minimum frame length/transmission time needed for collisions to be detectable. Therefore, increasing transmission time is not a disadvantage in this case. Apart from that, the answer is correct.",training
4.2_LM_v1.0.333,mem0_no_feedback,mem0,no_feedback,order_3,score,succeeded,0.85,1.0,-0.15000000000000002,0.15000000000000002,-0.15000000000000002,0.15000000000000002,442,489,16244,1,,1.0,"The response correctly states the frame bursting definition, its advantage and disadvantage.",training
4.2_LM_v1.0.1320,mem0_no_feedback,mem0,no_feedback,order_3,score,succeeded,0.85,1.0,-0.15000000000000002,0.15000000000000002,-0.15000000000000002,0.15000000000000002,450,498,13587,1,,1.0,"The response gives the frame bursting definition, its advantage and disadvantage correctly.",training
4.2_LM_v1.0.640,mem0_no_feedback,mem0,no_feedback,order_3,score,succeeded,0.7,0.5,0.19999999999999996,0.19999999999999996,0.19999999999999996,0.19999999999999996,474,527,16212,1,,0.5,"The response answers the advantage and disadvantage part correctly. However, the definition is incorrect as it contains details, such as a maximal burst of three packets and a recommendation not to use it with more than 3 clients, that do not hold for frame bursting in general.",training
4.2_LM_v1.0.115,mem0_no_feedback,mem0,no_feedback,order_3,score,succeeded,1.0,1.0,0.0,0.0,0.0,0.0,463,493,13638,1,,1.0,The response correctly answers all three parts of the question.,training
4.2_LM_v1.0.1816,mem0_no_feedback,mem0,no_feedback,order_3,score,succeeded,0.85,1.0,-0.15000000000000002,0.15000000000000002,-0.15000000000000002,0.15000000000000002,495,550,15254,1,,1.0,The response answers all three parts of the question correctly.,training
4.2_LM_v1.0.1315,mem0_no_feedback,mem0,no_feedback,order_3,score,succeeded,0.8,1.0,-0.19999999999999996,0.19999999999999996,-0.19999999999999996,0.19999999999999996,608,660,13028,1,,1.0,"The response correctly explains the concept of frame bursting, its advantages and disadvantages.",training
4.2_LM_v1.0.1447,mem0_no_feedback,mem0,no_feedback,order_3,score,succeeded,0.9,1.0,-0.09999999999999998,0.09999999999999998,-0.09999999999999998,0.09999999999999998,477,512,11503,1,,1.0,The response correctly answers all three parts of the question.,training
4.2_LM_v1.0.143,mem0_no_feedback,mem0,no_feedback,order_3,score,succeeded,0.8,1.0,-0.19999999999999996,0.19999999999999996,-0.19999999999999996,0.19999999999999996,441,484,12358,1,,1.0,"The response gives the correct definition of frame bursting, including an advantage and a disadvantage.",training
4.2_LM_v1.0.333,amem_no_feedback,amem,no_feedback,order_2,score,succeeded,1.0,1.0,0.0,0.0,0.0,0.0,7340,7370,21346,1,,1.0,"The response correctly states the frame bursting definition, its advantage and disadvantage.",training
4.2_LM_v1.0.16,mem0_no_feedback,mem0,no_feedback,order_3,score,succeeded,0.85,1.0,-0.15000000000000002,0.15000000000000002,-0.15000000000000002,0.15000000000000002,435,481,11071,1,,1.0,The response answers all three parts of the question correctly.,training
4.2_LM_v1.0.1926,mem0_no_feedback,mem0,no_feedback,order_3,score,succeeded,0.8,1.0,-0.19999999999999996,0.19999999999999996,-0.19999999999999996,0.19999999999999996,434,472,10343,1,,1.0,The response answers all three parts of the question correctly.,training
4.2_LM_v1.0.277,mem0_no_feedback,mem0,no_feedback,order_3,score,succeeded,1.0,1.0,0.0,0.0,0.0,0.0,550,585,16443,1,,1.0,"The response correctly explains the frame bursting concept, including its advantage and disadvantage.",training
4.2_LM_v1.0.1029,mem0_no_feedback,mem0,no_feedback,order_3,score,succeeded,0.75,1.0,-0.25,0.25,-0.25,0.25,468,522,26830,1,,1.0,The response answers all three parts of the question correctly.,training
4.2_LM_v1.0.1385,mem0_no_feedback,mem0,no_feedback,order_3,score,succeeded,0.9,1.0,-0.09999999999999998,0.09999999999999998,-0.09999999999999998,0.09999999999999998,517,571,14212,1,,1.0,"The response states the correct definition of frame bursting, including its advantage and disadvantage.",training
4.2_LM_v1.0.1753,mem0_no_feedback,mem0,no_feedback,order_3,score,succeeded,0.85,1.0,-0.15000000000000002,0.15000000000000002,-0.15000000000000002,0.15000000000000002,534,591,17244,1,,1.0,"The response correctly answers the definition of frame bursting, its advantage and disadvantage.",training
4.2_LM_v1.0.713,amem_no_feedback,amem,no_feedback,order_2,score,succeeded,1.0,0.75,0.25,0.25,0.25,0.25,7044,7080,13404,1,,0.75,"The disadvantage given is correct for frame bursting in general. However, if you use it as a substitution for carrier extension, the goal is to reach the minimum frame length/transmission time needed for collisions to be detectable. Therefore, increasing transmission time is not a disadvantage in this case. Apart from that, the answer is correct.",training
4.2_LM_v1.0.881,amem_no_feedback,amem,no_feedback,order_3,score,succeeded,1.0,1.0,0.0,0.0,0.0,0.0,466,501,16555,1,,1.0,"The response is correct as it correctly explains the concept of frame bursting, its advantage and disadvantage.",training
4.2_LM_v1.0.40,amem_no_feedback,amem,no_feedback,order_3,score,succeeded,0.85,1.0,-0.15000000000000002,0.15000000000000002,-0.15000000000000002,0.15000000000000002,767,811,13486,1,,1.0,The response correctly answers all three parts of the question.,training
4.2_LM_v1.0.1271,amem_no_feedback,amem,no_feedback,order_3,score,succeeded,1.0,1.0,0.0,0.0,0.0,0.0,1040,1071,18099,1,,1.0,The response answers the question requirements correctly.,training
4.2_LM_v1.0.694,amem_no_feedback,amem,no_feedback,order_3,score,succeeded,1.0,1.0,0.0,0.0,0.0,0.0,3278,3323,14055,1,,1.0,"The response correctly explains the definition of frame bursting, including an advantage and a disadvantage.",training
4.2_LM_v1.0.370,amem_no_feedback,amem,no_feedback,order_3,score,succeeded,1.0,1.0,0.0,0.0,0.0,0.0,4111,4143,12983,1,,1.0,The response correctly answers all three parts of the question.,training
4.2_LM_v1.0.332,mem0_no_feedback,mem0,no_feedback,order_1,score,succeeded,0.75,1.0,-0.25,0.25,-0.25,0.25,515,567,16887,1,,1.0,"The response is correct. However, to substitute carrier extension, frame bursting with frame aggregation has to be used. In this case, frames are directly concatenated without waiting for acknowledgments in between.",unseen_answers
4.2_LM_v1.0.332,amem_no_feedback,amem,no_feedback,order_1,score,succeeded,0.75,1.0,-0.25,0.25,-0.25,0.25,7646,7699,21007,1,,1.0,"The response is correct. However, to substitute carrier extension, frame bursting with frame aggregation has to be used. In this case, frames are directly concatenated without waiting for acknowledgments in between.",unseen_answers
4.2_LM_v1.0.351,amem_no_feedback,amem,no_feedback,order_1,score,succeeded,1.0,1.0,0.0,0.0,0.0,0.0,8263,8295,14256,1,,1.0,"The response correctly answers all three parts, the frame bursting definition, its advantage and disadvantage.",unseen_answers
4.2_LM_v1.0.298,mem0_no_feedback,mem0,no_feedback,order_1,score,succeeded,0.8,1.0,-0.19999999999999996,0.19999999999999996,-0.19999999999999996,0.19999999999999996,507,547,16530,1,,1.0,The response is answering all three parts of the question correctly.,unseen_answers
4.2_LM_v1.0.298,retrieval_no_feedback,retrieval,no_feedback,order_1,score,succeeded,1.0,1.0,0.0,0.0,0.0,0.0,3974,4004,12794,1,,1.0,The response is answering all three parts of the question correctly.,unseen_answers
4.2_LM_v1.0.332,retrieval_no_feedback,retrieval,no_feedback,order_2,score,succeeded,0.75,1.0,-0.25,0.25,-0.25,0.25,3310,3368,14788,1,,1.0,"The response is correct. However, to substitute carrier extension, frame bursting with frame aggregation has to be used. In this case, frames are directly concatenated without waiting for acknowledgments in between.",unseen_answers
4.2_LM_v1.0.26,retrieval_no_feedback,retrieval,no_feedback,order_2,score,succeeded,1.0,1.0,0.0,0.0,0.0,0.0,3533,3564,11461,1,,1.0,The response answers all three parts of the question correctly.,unseen_answers
4.2_LM_v1.0.108,mem0_no_feedback,mem0,no_feedback,order_1,score,succeeded,0.8,1.0,-0.19999999999999996,0.19999999999999996,-0.19999999999999996,0.19999999999999996,611,658,16167,1,,1.0,"The response correctly states the definition of frame bursting, including its pros and cons.",unseen_answers
4.2_LM_v1.0.359,amem_no_feedback,amem,no_feedback,order_1,score,succeeded,1.0,1.0,0.0,0.0,0.0,0.0,7461,7487,12936,1,,1.0,"The response gives a correct definition of frame bursting, its advantage and disadvantage.",unseen_answers
4.2_LM_v1.0.351,mem0_no_feedback,mem0,no_feedback,order_1,score,succeeded,1.0,1.0,0.0,0.0,0.0,0.0,494,524,13021,1,,1.0,"The response correctly answers all three parts, the frame bursting definition, its advantage and disadvantage.",unseen_answers
4.2_LM_v1.0.213,retrieval_no_feedback,retrieval,no_feedback,order_1,score,succeeded,1.0,1.0,0.0,0.0,0.0,0.0,3316,3351,11314,1,,1.0,The response correctly answers all three parts of the question.,unseen_answers
4.2_LM_v1.0.39,amem_no_feedback,amem,no_feedback,order_1,score,succeeded,1.0,1.0,0.0,0.0,0.0,0.0,7663,7698,11987,1,,1.0,"The response gives a correct definition of frame bursting, including its benefits and drawbacks.",unseen_answers
4.2_LM_v1.0.213,mem0_no_feedback,mem0,no_feedback,order_1,score,succeeded,0.8,1.0,-0.19999999999999996,0.19999999999999996,-0.19999999999999996,0.19999999999999996,487,529,17087,1,,1.0,The response correctly answers all three parts of the question.,unseen_answers
4.2_LM_v1.0.359,mem0_no_feedback,mem0,no_feedback,order_1,score,succeeded,0.8,1.0,-0.19999999999999996,0.19999999999999996,-0.19999999999999996,0.19999999999999996,447,495,16197,1,,1.0,"The response gives a correct definition of frame bursting, its advantage and disadvantage.",unseen_answers
4.2_LM_v1.0.213,amem_no_feedback,amem,no_feedback,order_1,score,succeeded,1.0,1.0,0.0,0.0,0.0,0.0,7787,7819,13799,1,,1.0,The response correctly answers all three parts of the question.,unseen_answers
4.2_LM_v1.0.179,amem_no_feedback,amem,no_feedback,order_1,score,succeeded,1.0,1.0,0.0,0.0,0.0,0.0,7592,7622,13695,1,,1.0,"The response answers the correct definition of frame bursting, its advantage and disadvantage.",unseen_answers
4.2_LM_v1.0.332,amem_no_feedback,amem,no_feedback,order_2,score,succeeded,0.85,1.0,-0.15000000000000002,0.15000000000000002,-0.15000000000000002,0.15000000000000002,7163,7210,13799,1,,1.0,"The response is correct. However, to substitute carrier extension, frame bursting with frame aggregation has to be used. In this case, frames are directly concatenated without waiting for acknowledgments in between.",unseen_answers
4.2_LM_v1.0.108,amem_no_feedback,amem,no_feedback,order_2,score,succeeded,0.95,1.0,-0.050000000000000044,0.050000000000000044,-0.050000000000000044,0.050000000000000044,8323,8365,13945,1,,1.0,"The response correctly states the definition of frame bursting, including its pros and cons.",unseen_answers
4.2_LM_v1.0.108,mem0_no_feedback,mem0,no_feedback,order_2,score,succeeded,0.8,1.0,-0.19999999999999996,0.19999999999999996,-0.19999999999999996,0.19999999999999996,587,632,13365,1,,1.0,"The response correctly states the definition of frame bursting, including its pros and cons.",unseen_answers
4.2_LM_v1.0.351,retrieval_no_feedback,retrieval,no_feedback,order_3,score,succeeded,1.0,1.0,0.0,0.0,0.0,0.0,3766,3798,10812,1,,1.0,"The response correctly answers all three parts, the frame bursting definition, its advantage and disadvantage.",unseen_answers
4.2_LM_v1.0.39,mem0_no_feedback,mem0,no_feedback,order_1,score,succeeded,0.9,1.0,-0.09999999999999998,0.09999999999999998,-0.09999999999999998,0.09999999999999998,542,589,14218,1,,1.0,"The response gives a correct definition of frame bursting, including its benefits and drawbacks.",unseen_answers
4.2_LM_v1.0.298,amem_no_feedback,amem,no_feedback,order_1,score,succeeded,1.0,1.0,0.0,0.0,0.0,0.0,8597,8631,14105,1,,1.0,The response is answering all three parts of the question correctly.,unseen_answers
4.2_LM_v1.0.180,amem_no_feedback,amem,no_feedback,order_2,score,succeeded,1.0,1.0,0.0,0.0,0.0,0.0,7717,7748,12103,1,,1.0,The response answers all three parts of the question correctly.,unseen_answers
4.2_LM_v1.0.26,mem0_no_feedback,mem0,no_feedback,order_3,score,succeeded,0.9,1.0,-0.09999999999999998,0.09999999999999998,-0.09999999999999998,0.09999999999999998,456,502,14972,1,,1.0,The response answers all three parts of the question correctly.,unseen_answers
4.2_LM_v1.0.179,mem0_no_feedback,mem0,no_feedback,order_3,score,succeeded,0.9,1.0,-0.09999999999999998,0.09999999999999998,-0.09999999999999998,0.09999999999999998,458,498,11455,1,,1.0,"The response answers the correct definition of frame bursting, its advantage and disadvantage.",unseen_answers
4.2_LM_v1.0.180,mem0_no_feedback,mem0,no_feedback,order_1,score,succeeded,0.9,1.0,-0.09999999999999998,0.09999999999999998,-0.09999999999999998,0.09999999999999998,516,558,15089,1,,1.0,The response answers all three parts of the question correctly.,unseen_answers
4.2_LM_v1.0.39,amem_no_feedback,amem,no_feedback,order_2,score,succeeded,1.0,1.0,0.0,0.0,0.0,0.0,7259,7291,13315,1,,1.0,"The response gives a correct definition of frame bursting, including its benefits and drawbacks.",unseen_answers
4.2_LM_v1.0.180,mem0_no_feedback,mem0,no_feedback,order_2,score,succeeded,0.85,1.0,-0.15000000000000002,0.15000000000000002,-0.15000000000000002,0.15000000000000002,495,541,13392,1,,1.0,The response answers all three parts of the question correctly.,unseen_answers
4.2_LM_v1.0.26,mem0_no_feedback,mem0,no_feedback,order_1,score,succeeded,0.9,1.0,-0.09999999999999998,0.09999999999999998,-0.09999999999999998,0.09999999999999998,475,527,15922,1,,1.0,The response answers all three parts of the question correctly.,unseen_answers
4.2_LM_v1.0.179,mem0_no_feedback,mem0,no_feedback,order_1,score,succeeded,0.9,1.0,-0.09999999999999998,0.09999999999999998,-0.09999999999999998,0.09999999999999998,477,525,11814,1,,1.0,"The response answers the correct definition of frame bursting, its advantage and disadvantage.",unseen_answers
4.2_LM_v1.0.332,mem0_no_feedback,mem0,no_feedback,order_2,score,succeeded,0.8,1.0,-0.19999999999999996,0.19999999999999996,-0.19999999999999996,0.19999999999999996,494,539,13066,1,,1.0,"The response is correct. However, to substitute carrier extension, frame bursting with frame aggregation has to be used. In this case, frames are directly concatenated without waiting for acknowledgments in between.",unseen_answers
4.2_LM_v1.0.359,amem_no_feedback,amem,no_feedback,order_2,score,succeeded,1.0,1.0,0.0,0.0,0.0,0.0,7019,7046,12861,1,,1.0,"The response gives a correct definition of frame bursting, its advantage and disadvantage.",unseen_answers
4.2_LM_v1.0.359,mem0_no_feedback,mem0,no_feedback,order_2,score,succeeded,0.8,1.0,-0.19999999999999996,0.19999999999999996,-0.19999999999999996,0.19999999999999996,426,472,17817,1,,1.0,"The response gives a correct definition of frame bursting, its advantage and disadvantage.",unseen_answers
4.2_LM_v1.0.39,retrieval_no_feedback,retrieval,no_feedback,order_2,score,succeeded,1.0,1.0,0.0,0.0,0.0,0.0,3502,3532,10975,1,,1.0,"The response gives a correct definition of frame bursting, including its benefits and drawbacks.",unseen_answers
4.2_LM_v1.0.351,mem0_no_feedback,mem0,no_feedback,order_2,score,succeeded,1.0,1.0,0.0,0.0,0.0,0.0,473,502,14296,1,,1.0,"The response correctly answers all three parts, the frame bursting definition, its advantage and disadvantage.",unseen_answers
4.2_LM_v1.0.298,amem_no_feedback,amem,no_feedback,order_2,score,succeeded,1.0,1.0,0.0,0.0,0.0,0.0,8013,8050,14462,1,,1.0,The response is answering all three parts of the question correctly.,unseen_answers
4.2_LM_v1.0.26,amem_no_feedback,amem,no_feedback,order_3,score,succeeded,1.0,1.0,0.0,0.0,0.0,0.0,7430,7465,15333,1,,1.0,The response answers all three parts of the question correctly.,unseen_answers
4.2_LM_v1.0.213,mem0_no_feedback,mem0,no_feedback,order_2,score,succeeded,0.9,1.0,-0.09999999999999998,0.09999999999999998,-0.09999999999999998,0.09999999999999998,466,506,18984,1,,1.0,The response correctly answers all three parts of the question.,unseen_answers
4.2_LM_v1.0.179,amem_no_feedback,amem,no_feedback,order_2,score,succeeded,1.0,1.0,0.0,0.0,0.0,0.0,7069,7101,13432,1,,1.0,"The response answers the correct definition of frame bursting, its advantage and disadvantage.",unseen_answers
4.2_LM_v1.0.351,mem0_no_feedback,mem0,no_feedback,order_3,score,succeeded,1.0,1.0,0.0,0.0,0.0,0.0,475,505,11644,1,,1.0,"The response correctly answers all three parts, the frame bursting definition, its advantage and disadvantage.",unseen_answers
4.2_LM_v1.0.39,amem_no_feedback,amem,no_feedback,order_3,score,succeeded,1.0,1.0,0.0,0.0,0.0,0.0,7340,7367,15967,1,,1.0,"The response gives a correct definition of frame bursting, including its benefits and drawbacks.",unseen_answers
4.2_LM_v1.0.39,mem0_no_feedback,mem0,no_feedback,order_2,score,succeeded,0.9,1.0,-0.09999999999999998,0.09999999999999998,-0.09999999999999998,0.09999999999999998,521,566,14356,1,,1.0,"The response gives a correct definition of frame bursting, including its benefits and drawbacks.",unseen_answers
4.2_LM_v1.0.213,amem_no_feedback,amem,no_feedback,order_2,score,succeeded,1.0,1.0,0.0,0.0,0.0,0.0,7174,7200,12069,1,,1.0,The response correctly answers all three parts of the question.,unseen_answers
4.2_LM_v1.0.26,amem_no_feedback,amem,no_feedback,order_2,score,succeeded,1.0,1.0,0.0,0.0,0.0,0.0,7209,7239,13786,1,,1.0,The response answers all three parts of the question correctly.,unseen_answers
4.2_LM_v1.0.298,mem0_no_feedback,mem0,no_feedback,order_2,score,succeeded,0.85,1.0,-0.15000000000000002,0.15000000000000002,-0.15000000000000002,0.15000000000000002,486,529,13286,1,,1.0,The response is answering all three parts of the question correctly.,unseen_answers
4.2_LM_v1.0.332,amem_no_feedback,amem,no_feedback,order_3,score,succeeded,1.0,1.0,0.0,0.0,0.0,0.0,6996,7035,14284,1,,1.0,"The response is correct. However, to substitute carrier extension, frame bursting with frame aggregation has to be used. In this case, frames are directly concatenated without waiting for acknowledgments in between.",unseen_answers
4.2_LM_v1.0.108,amem_no_feedback,amem,no_feedback,order_3,score,succeeded,1.0,1.0,0.0,0.0,0.0,0.0,7956,7997,19211,1,,1.0,"The response correctly states the definition of frame bursting, including its pros and cons.",unseen_answers
4.2_LM_v1.0.26,mem0_no_feedback,mem0,no_feedback,order_2,score,succeeded,1.0,1.0,0.0,0.0,0.0,0.0,454,489,11248,1,,1.0,The response answers all three parts of the question correctly.,unseen_answers
4.2_LM_v1.0.180,amem_no_feedback,amem,no_feedback,order_3,score,succeeded,1.0,1.0,0.0,0.0,0.0,0.0,7649,7679,17705,1,,1.0,The response answers all three parts of the question correctly.,unseen_answers
4.2_LM_v1.0.179,retrieval_no_feedback,retrieval,no_feedback,order_3,score,succeeded,1.0,1.0,0.0,0.0,0.0,0.0,3313,3339,13869,1,,1.0,"The response answers the correct definition of frame bursting, its advantage and disadvantage.",unseen_answers
4.2_LM_v1.0.179,mem0_no_feedback,mem0,no_feedback,order_2,score,succeeded,0.9,1.0,-0.09999999999999998,0.09999999999999998,-0.09999999999999998,0.09999999999999998,456,501,14612,1,,1.0,"The response answers the correct definition of frame bursting, its advantage and disadvantage.",unseen_answers
4.2_LM_v1.0.351,amem_no_feedback,amem,no_feedback,order_3,score,succeeded,1.0,1.0,0.0,0.0,0.0,0.0,7481,7512,12747,1,,1.0,"The response correctly answers all three parts, the frame bursting definition, its advantage and disadvantage.",unseen_answers
4.2_LM_v1.0.359,mem0_no_feedback,mem0,no_feedback,order_3,score,succeeded,0.8,1.0,-0.19999999999999996,0.19999999999999996,-0.19999999999999996,0.19999999999999996,428,479,16386,1,,1.0,"The response gives a correct definition of frame bursting, its advantage and disadvantage.",unseen_answers
4.2_LM_v1.0.298,retrieval_no_feedback,retrieval,no_feedback,order_3,score,succeeded,1.0,1.0,0.0,0.0,0.0,0.0,3974,4005,12216,1,,1.0,The response is answering all three parts of the question correctly.,unseen_answers
4.2_LM_v1.0.179,amem_no_feedback,amem,no_feedback,order_3,score,succeeded,1.0,1.0,0.0,0.0,0.0,0.0,6907,6940,14765,1,,1.0,"The response answers the correct definition of frame bursting, its advantage and disadvantage.",unseen_answers
4.2_LM_v1.0.332,mem0_no_feedback,mem0,no_feedback,order_3,score,succeeded,0.7,1.0,-0.30000000000000004,0.30000000000000004,-0.30000000000000004,0.30000000000000004,496,555,18961,1,,1.0,"The response is correct. However, to substitute carrier extension, frame bursting with frame aggregation has to be used. In this case, frames are directly concatenated without waiting for acknowledgments in between.",unseen_answers
4.2_LM_v1.0.108,mem0_no_feedback,mem0,no_feedback,order_3,score,succeeded,0.8,1.0,-0.19999999999999996,0.19999999999999996,-0.19999999999999996,0.19999999999999996,592,647,11566,1,,1.0,"The response correctly states the definition of frame bursting, including its pros and cons.",unseen_answers
4.2_LM_v1.0.359,amem_no_feedback,amem,no_feedback,order_3,score,succeeded,1.0,1.0,0.0,0.0,0.0,0.0,6798,6829,14540,1,,1.0,"The response gives a correct definition of frame bursting, its advantage and disadvantage.",unseen_answers
4.2_LM_v1.0.180,retrieval_no_feedback,retrieval,no_feedback,order_3,score,succeeded,1.0,1.0,0.0,0.0,0.0,0.0,3780,3811,15446,1,,1.0,The response answers all three parts of the question correctly.,unseen_answers
4.2_LM_v1.0.39,mem0_no_feedback,mem0,no_feedback,order_3,score,succeeded,0.9,1.0,-0.09999999999999998,0.09999999999999998,-0.09999999999999998,0.09999999999999998,523,574,15814,1,,1.0,"The response gives a correct definition of frame bursting, including its benefits and drawbacks.",unseen_answers
4.2_LM_v1.0.213,amem_no_feedback,amem,no_feedback,order_3,score,succeeded,1.0,1.0,0.0,0.0,0.0,0.0,7045,7076,15383,1,,1.0,The response correctly answers all three parts of the question.,unseen_answers
4.2_LM_v1.0.298,mem0_no_feedback,mem0,no_feedback,order_3,score,succeeded,0.85,1.0,-0.15000000000000002,0.15000000000000002,-0.15000000000000002,0.15000000000000002,488,532,16896,1,,1.0,The response is answering all three parts of the question correctly.,unseen_answers
4.2_LM_v1.0.180,mem0_no_feedback,mem0,no_feedback,order_3,score,succeeded,0.9,1.0,-0.09999999999999998,0.09999999999999998,-0.09999999999999998,0.09999999999999998,497,539,17184,1,,1.0,The response answers all three parts of the question correctly.,unseen_answers
4.2_LM_v1.0.213,mem0_no_feedback,mem0,no_feedback,order_3,score,succeeded,0.7,1.0,-0.30000000000000004,0.30000000000000004,-0.30000000000000004,0.30000000000000004,468,516,14787,1,,1.0,The response correctly answers all three parts of the question.,unseen_answers
